Date,Close,Volume,Daily_Return,MA_7,MA_30,EMA_12,EMA_26,MACD,MACD_Signal,RSI,Volatility
2020-02-11,2153.39990234375,1335820,-0.003954785735669097,2133.8642926897323,2176.0533447265625,2146.774608217598,2159.5489781081296,-12.774369890531489,-12.768159781719557,40.60413504497783,1.2093191963371175
2020-02-12,2170.75,1620407,0.008057071813445393,2143.6142926897323,2176.158341471354,2150.4631300302754,2160.3786834334533,-9.91555340317791,-12.197638506011229,46.469772542059026,1.2050490597406727
2020-02-13,2191.949951171875,1645948,0.009766187341644583,2155.6428571428573,2177.3016764322915,2156.845717898214,2162.7172958585215,-5.871577960307604,-10.932426396870504,51.426197796827594,1.2216447569388287
2020-02-14,2184.199951171875,1500115,-0.0035356646696502736,2161.021414620536,2176.7533447265623,2161.054061478777,2164.3086036595105,-3.2545421807335515,-9.396849553643113,52.54814362317018,1.2095354185019884
2020-02-17,2203.25,1774724,0.00872175132954478,2171.7214006696427,2176.8466796875,2167.5457443281957,2167.1931515365836,0.35259279161209633,-7.446961084592072,53.2729114455195,1.1169431310476736
2020-02-18,2215.75,2486223,0.005673436968115286,2183.0356794084823,2177.1766764322915,2174.9617836623192,2170.7899551264663,4.17182853585291,-5.123203160503076,60.87109375,1.1221056537701126
2020-02-19,2196.35009765625,1760463,-0.008755456321223098,2187.9499860491073,2175.213346354167,2178.2522935075394,2172.6832990175612,5.568994489978195,-2.984763630406822,60.3029271086482,1.080680031400107
2020-02-20,2156.800048828125,2317278,-0.018007169654022492,2188.435721261161,2173.2950113932293,2174.951948172245,2171.506761966492,3.445186205753089,-1.6987736631748398,64.68921758735652,1.142757877168532
2020-02-24,2115.35009765625,3092877,-0.019218263275910252,2180.5214494977677,2170.0216796875,2165.782432708246,2167.347009054622,-1.5645763463762705,-1.671934199815126,52.27314737236705,1.2146968198804575
2020-02-25,2156.14990234375,2674567,0.019287495120881015,2175.407156808036,2168.8816731770835,2164.300504959862,2166.5175937427057,-2.2170887828438026,-1.7809651164208615,57.605271355419056,1.2933294078183324
2020-02-26,2123.60009765625,2686842,-0.015096262394427296,2166.7500348772323,2166.105013020833,2158.038903836229,2163.3385199585236,-5.2996161222945375,-2.484695317595597,46.32152737831101,1.323454833176205
2020-02-27,2105.5,2349001,-0.008523307978854588,2152.7857491629466,2162.058349609375,2149.9559955537325,2159.054185146781,-9.098189593048573,-3.8073941726861924,46.33635942304922,1.3046219844438451
2020-02-28,2000.1500244140625,4298076,-0.05003560939726315,2121.98575265067,2154.103348795573,2126.9089230707064,2147.283506573987,-20.37458350328052,-7.120832038805058,33.32516545914447,1.7009575929772598
2020-03-02,2001.300048828125,2667076,0.0005749690773317884,2094.1214599609375,2146.8433471679687,2107.58448087954,2136.4699171113302,-28.88543623179021,-11.473752877402088,29.122806460926384,1.6026973207140773
2020-03-03,2036.199951171875,2757585,0.01743861564595761,2076.8928745814733,2142.3716756184895,2096.6022455398993,2129.042512226926,-32.440266687026906,-15.667055639327053,35.74555308504725,1.6347105385637957
2020-03-04,2083.199951171875,3237002,0.0230822125169734,2072.2999965122767,2139.4433390299478,2094.540354098665,2125.646766963589,-31.106412864924096,-18.75492708444646,40.06804925469864,1.723414090260647
2020-03-05,2125.050048828125,3937056,0.020089333063159742,2067.857160295759,2136.715010579427,2099.2341532878127,2125.6025656202214,-26.368412332408752,-20.27762413403892,42.75033030970537,1.733472385335345
2020-03-06,2116.449951171875,2595027,-0.004047009462667783,2066.835710797991,2134.2316772460936,2101.882737577668,2124.924594179603,-23.041856601934796,-20.830470627618098,42.671710569749784,1.7253599537582167
2020-03-09,1972.3499755859375,4940975,-0.06808569959622701,2047.8142787388392,2127.1966796875,2081.9546203481714,2113.622770580072,-31.668150231900654,-22.99800654847461,30.342231466472015,2.2939723999548556
2020-03-11,1953.699951171875,6796449,-0.009455737898910188,2041.1785539899554,2120.011678059896,2062.2231327825875,2101.7766358090944,-39.55350302650686,-26.30910584408106,27.921461100803455,2.2669585944489783
2020-03-12,1769.8499755859375,8728786,-0.09410348578637162,2008.1142578125,2106.215010579427,2017.242647060026,2077.1894757925643,-59.94682873253828,-33.03665042177251,21.863026407235637,3.0202941469275815
2020-03-13,1806.300048828125,8029720,0.020595007342427474,1975.2714146205358,2094.605008951823,1984.7899396397336,2057.123592313717,-72.33365267398335,-40.89605087221468,26.781922979887824,3.0708249981778555
2020-03-16,1696.4000244140625,7844271,-0.06084261830439652,1920.0142822265625,2079.8900065104167,1940.4222603742458,2030.4033280248536,-89.98106765060788,-50.71305422789332,24.555108693379637,3.248326512861896
2020-03-17,1658.0,5713248,-0.022636184780370994,1853.2928466796875,2065.8550048828124,1896.972681855131,2002.8178963193088,-105.84521446417784,-61.739486275150234,19.656463234511193,3.2495525586125424
2020-03-18,1654.4000244140625,7258778,-0.0021712759866933107,1787.2857142857142,2050.918339029948,1859.653811479582,1977.0091650670684,-117.35535358748643,-72.86265973761748,20.37505277662467,3.2199277328689604
2020-03-19,1636.3499755859375,5135111,-0.01091032915967094,1739.2857142857142,2035.2050048828125,1825.299375188252,1951.775151031429,-126.47577584317696,-83.58528295872938,20.376340580162562,3.1885802676466715
2020-03-20,1797.449951171875,8547498,0.0984508069725436,1716.9642857142858,2023.5683349609376,1821.0148484165018,1940.343654745536,-119.32880632903425,-90.73398763279036,38.042707604088456,4.070200366806939
2020-03-23,1669.699951171875,7003490,-0.07107291077379452,1702.6571393694196,2008.2799967447916,1797.7356334557899,1920.2959729993388,-122.56033954354893,-97.09925801494208,32.980905811157186,4.297388850156744
2020-03-24,1703.1500244140625,6350865,0.020033583410426825,1687.921421595982,1993.8333292643229,1783.184001295524,1904.211087918948,-121.02708662342388,-101.88482373663845,32.88101766257306,4.351184226100137
2020-03-25,1750.300048828125,2765520,0.027684011236933426,1695.6214250837054,1980.1116658528647,1778.124931685155,1892.8102702085166,-114.68533852336168,-104.4449266939831,32.89136762860727,4.384720535968165
2020-03-26,1790.949951171875,4556067,0.023224533628372068,1714.6142752511162,1968.0300008138022,1780.0980116061887,1885.2650613909875,-105.16704978479879,-104.58935131214625,32.80847841402341,4.442107954522283
2020-03-27,1824.5,4331250,0.018733102399747237,1738.914271763393,1956.4883341471354,1786.9290867436982,1880.7639457323958,-93.83485898869753,-102.43845284745652,35.35343860622952,4.480562403099245
2020-03-30,1778.5,8513547,-0.025212386955330235,1759.2214181082588,1942.706669108073,1785.6323041677447,1873.1888386411072,-87.55653447336249,-99.46206917263771,39.21318019492936,4.386047368991908
2020-03-31,1826.0999755859375,3927593,0.026764113346043006,1763.3142787388392,1930.7700032552084,1791.8580997705435,1869.7007747110947,-77.8426749405512,-95.13819032622041,43.121296021982396,4.442088346364892
2020-04-01,1708.75,4941878,-0.06426262370891478,1768.892857142857,1914.286669921875,1779.072238267383,1857.7784951028655,-78.70625683548246,-91.85180362807283,46.45180215311585,4.61068809827931
2020-04-03,1654.199951171875,5735369,-0.03192394957022682,1761.8999895368304,1895.5683349609376,1759.8611171757664,1842.698602959829,-82.83748578406266,-90.0489400592708,41.34910244796009,4.581325168955292
2020-04-07,1775.199951171875,5427577,0.07314714277090917,1765.4571184430804,1881.5299967447916,1762.2209377905524,1837.698702827388,-75.47776503683554,-87.13470505478375,54.425967213798145,4.909394636206728
2020-04-08,1705.449951171875,6285615,-0.03929134853454419,1753.2428327287946,1866.4849934895833,1753.4869398492174,1827.9024990010537,-74.4155591518363,-84.59087587419427,52.574464145068085,4.9582087070751975
2020-04-09,1766.1500244140625,5307397,0.03559182326076371,1744.9071219308037,1854.844991048177,1755.4351067053474,1823.3282416242396,-67.8931349188922,-81.25132768313387,55.7093947413916,4.855093614280217
2020-04-13,1759.25,2990438,-0.003906816702251348,1742.1571219308037,1841.6149943033854,1756.0220133660632,1818.5817052076293,-62.559691841566064,-77.5130005148203,56.35142164897478,4.8536274256097505
2020-04-15,1735.1500244140625,4761399,-0.01369900559098336,1729.164271763393,1828.666658528646,1752.8109381426784,1812.401580704402,-59.5906425617236,-73.92852892420098,46.24925240212439,4.3787032913534985
2020-04-16,1716.050048828125,6245533,-0.011007679634149947,1730.2071358816963,1815.6849934895833,1747.1554167096701,1805.2644301950481,-58.109013485378,-70.76462583643638,53.21050712653101,4.35711575779144
2020-04-17,1806.199951171875,9895823,0.052533375938139226,1751.921421595982,1809.219991048177,1756.239191242317,1805.3337280451835,-49.094536802866514,-66.4306080297224,56.61806797586847,4.283587292030291
2020-04-20,1818.6500244140625,3244282,0.0068929651083811105,1758.1285749162946,1803.1316569010417,1765.840857884124,1806.3201203688043,-40.47926248468025,-61.24033892071398,54.59433876650312,4.2375770011361995
2020-04-21,1737.6500244140625,5122541,-0.04453853073028535,1762.7285853794642,1793.1799926757812,1761.5038065810377,1801.233446594379,-39.729640013341395,-56.938199139239465,46.60163722393892,4.381297682211763
2020-04-22,1769.5,3829836,0.01832933855404928,1763.2071533203125,1782.7233276367188,1762.733990183955,1798.8828209207213,-36.148830736766286,-52.780325458744834,46.48562300319489,4.379952256276643
2020-04-23,1878.25,5934366,0.06145803899406621,1780.2071533203125,1774.4966593424479,1780.505684001808,1804.76187122289,-24.256187221081973,-47.075497811212266,55.900621118012424,4.027702677085843
2020-04-24,1818.550048828125,2987102,-0.031784880166045526,1792.1214425223213,1764.5666625976562,1786.3586632058568,1805.7832177121668,-19.42455450630996,-41.54530915023181,49.559694000536204,3.7325459617162013
2020-04-27,1836.5999755859375,3374741,0.009925449546711151,1809.3428606305804,1760.0416625976563,1794.0880958797154,1808.0659405176314,-13.97784463791595,-36.03181624776864,58.432820258472496,3.7178448009863674
2020-04-28,1859.050048828125,2678505,0.012223714222268312,1816.8928745814733,1756.8866658528646,1804.082242487163,1811.8425411332234,-7.7602986460603915,-30.37751272742699,64.10910609784929,3.682864478267428
2020-04-29,1905.6500244140625,4241510,0.025066552466036285,1829.3214460100446,1761.4133341471354,1819.7080550913015,1818.7912435984708,0.916811492830675,-24.11864788337546,60.01075035733041,3.6882411285391172
2020-04-30,2014.449951171875,5915544,0.05709334104580166,1868.864292689732,1768.3516642252605,1849.6683467960052,1833.2844811965008,16.38386559950436,-16.018145186799497,72.37185531005971,3.8657217600092464
2020-05-04,1930.449951171875,3729348,-0.04169872771032823,1891.857142857143,1776.1533284505208,1862.0962859307544,1840.4819234168988,21.614362513855667,-8.491643646668464,61.507212307509214,3.9516626278131723
2020-05-05,1932.75,2905528,0.001191457373307614,1899.642857142857,1785.311661783854,1872.9660880952538,1847.3165957563879,25.64949233886591,-1.663416449561589,62.230371336168616,3.9182397725658875
2020-05-06,1903.5999755859375,3517431,-0.015082149483410912,1911.7928466796875,1793.6183268229167,1877.6789938630513,1851.485735003021,26.193258860030255,3.9079186123567795,61.79043786058468,3.6125471620592307
2020-05-07,1891.6500244140625,3166754,-0.0062775537534858206,1919.6571393694196,1802.128328450521,1879.8283831785916,1854.4608675519871,25.367515626604472,8.199838015206318,62.41515964511914,3.5149482209988863
2020-05-08,1893.4000244140625,2686530,0.0009251182710405814,1924.5642787388392,1805.3266642252604,1881.9163279840486,1857.3452495417705,24.57107844227812,11.47408610062068,57.04590203323635,3.155565701630367
2020-05-11,1935.300048828125,2449841,0.02212951509125971,1928.7999965122767,1814.180000813802,1890.1292081139065,1863.1196791185375,27.00952899536901,14.581174679570346,58.997304001553154,3.0107295978468787
2020-05-12,1949.5,3256595,0.007337338300835272,1919.5214320591517,1822.3916666666667,1899.2631760963825,1869.5182214060533,29.744954690329223,17.61393068172212,68.21739082057013,2.933665465394834
2020-05-13,1949.6500244140625,2656665,7.69553290906888e-05,1922.2642996651787,1829.0366658528646,1907.014998914487,1875.4539105177575,31.561088396729474,20.403362224723594,66.38472618606961,2.9283932614037878
2020-05-14,1902.3499755859375,2263146,-0.02426078949340682,1917.9214390345983,1832.75,1906.297303017787,1877.4462116339191,28.851091383867924,22.09290805655246,52.467743108826085,2.9741081650468395
2020-05-15,1892.9000244140625,3173682,-0.004967514544196527,1916.3928745814733,1835.0300008138022,1904.2361832325987,1878.5909385065224,25.64524472607627,22.803375390457223,58.486472779054225,2.960002340548898
2020-05-18,1945.5999755859375,3727694,0.027840852919946535,1924.1000104631696,1840.6,1910.5998435946508,1883.5545708827754,27.04527271187544,23.65175485474087,61.52951250891576,2.799914797268159
2020-05-19,1948.6500244140625,3198693,0.001567664918995737,1931.9928676060267,1844.6850016276042,1916.453717566868,1888.3764563295374,28.077261237330504,24.536856131258798,59.88307854214685,2.799645084699757
2020-05-20,1953.5999755859375,2778505,0.002540195063176265,1934.607142857143,1852.8466674804688,1922.1685264928785,1893.2078281263077,28.960698366570796,25.4216245783212,55.824117884987885,2.5591696232974517
2020-05-21,1991.199951171875,3400908,0.019246506990081347,1940.5642787388392,1864.0800008138021,1932.7887456742626,1900.466503907461,32.32224176680165,26.801748016017292,46.58540118452502,2.5615420327468383
2020-05-22,2020.3499755859375,3663418,0.014639426039010806,1950.664271763393,1872.2516682942708,1946.2597041222125,1909.3467610688297,36.91294305338283,28.823987023490403,65.73880113778432,2.221616224173466
2020-05-26,1943.0,4575317,-0.03828543396967876,1956.4714181082588,1880.1700032552083,1945.7582111803338,1911.8395935822498,33.91861759808398,29.84291313840912,51.42104571960071,2.280525427602553
2020-05-27,2005.300048828125,3482160,0.03206384396712547,1972.528564453125,1888.141670735677,1954.9184938953786,1918.7625902671296,36.15590362824901,31.105511236377097,62.91265771422213,2.365195765145434
2020-05-28,2004.300048828125,3475681,-0.000498678489827209,1980.9142892020088,1896.3100056966146,1962.5156561927242,1925.0986983086848,37.41695788403945,32.36780056590957,64.71203233612016,2.3609111555353195
2020-05-29,1972.3499755859375,7237735,-0.015940763590196028,1984.2999965122767,1904.216670735677,1964.0286284070648,1928.5987929218147,35.42983548525012,32.98020754977768,59.556947323437676,2.346646452511256
2020-06-01,2045.25,3747773,0.03696099846195189,1997.392857142857,1915.1900024414062,1976.5242240367472,1937.2396230757545,39.28460096099275,34.2410862320207,62.38035571238418,2.131077101774601
2020-06-02,2047.1500244140625,2443886,0.0009289937240251067,2005.3857247488838,1923.2216715494792,1987.3897317871033,1945.3811342859995,42.00859750110385,35.79458848583733,61.30862730806127,1.8802147128909061
2020-06-03,2046.1500244140625,3699799,-0.0004884839841116095,2009.0714460100446,1930.8050048828125,1996.4297768066356,1952.8454965177077,43.58428028892786,37.35252684645544,61.153488004605144,1.8814902286627528
2020-06-04,2091.550048828125,4048593,0.02218802329856695,2030.2928815569196,1942.6016723632813,2011.0636648099417,1963.1199077999609,47.9437570099808,39.47077287916051,71.96424902112777,1.8772983887417833
2020-06-05,2048.25,3573289,-0.020702372793988677,2036.4285888671875,1951.8933390299478,2016.784639454566,1969.4258405555192,47.35879889904686,41.048378083137784,66.72047340823183,1.948794315616921
2020-06-08,2071.75,2957841,0.01147320883681191,2046.0642961774554,1958.3433390299479,2025.2408487692483,1977.005407921777,48.23544084747118,42.48579063600447,64.48833820427328,1.953831208133195
2020-06-09,2072.050048828125,2909439,0.00014482868498855161,2060.3071637834823,1966.793339029948,2032.4422641629217,1984.0457516926176,48.39651247030406,43.66793500286439,64.26259382069443,1.9119611739332243
2020-06-10,2108.75,5168397,0.017711903818458108,2069.378592354911,1975.8650065104166,2044.1819158301646,1993.2831034190904,50.89881241107423,45.11411048450636,66.70614310308976,1.9365689034699534
2020-06-11,2067.64990234375,2269513,-0.01949026563426204,2072.307146344866,1982.8183349609376,2047.7923752937932,1998.7917551912874,49.00062010250576,45.89141240810625,58.17034255850422,2.0062020458403462
2020-06-12,2039.5,2842642,-0.013614443292281342,2071.3571428571427,1987.2800008138022,2046.5166252485942,2001.8071807326735,44.70944451592072,45.655018829669146,52.050981621608614,1.9428120724841398
2020-06-15,2029.9000244140625,2399022,-0.004707024067633014,2062.5499965122767,1987.7950032552083,2043.9602251202048,2003.8881321164802,40.0720930037246,44.53843366448024,60.88699280516567,1.9422114671970299
2020-06-16,2045.800048828125,2146528,0.007832910105339819,2062.2000034877233,1991.6400065104167,2044.2432749214233,2006.992718539565,37.25055638185836,43.08085820795586,55.74142012653496,1.8610401920402462
2020-06-17,2047.800048828125,2703527,0.0009776126465270707,2058.778581891741,1995.475008138021,2044.7904709070697,2010.015483746125,34.77498716094465,41.41968399855362,56.14927565442352,1.861272322268293
2020-06-18,2038.0999755859375,1944389,-0.004736826355550949,2053.9285714285716,1999.958341471354,2043.7611639345878,2012.095816475,31.665347459587792,39.46881669076046,59.918533904921844,1.8685946601238606
2020-06-19,2044.5999755859375,5681758,0.003189244923145207,2044.7642822265625,2005.0566731770834,2043.8902118809492,2014.503531964699,29.38667991625016,37.452389335858406,49.877377099614925,1.8258908322252676
2020-06-22,2027.949951171875,3196138,-0.008143414170437402,2039.0928606305804,2009.5416707356771,2041.4378640795533,2015.4995630170824,25.938301062470828,35.149571681180895,46.56896684863771,1.8104899084990103
2020-06-23,2035.300048828125,4205944,0.0036243979551875416,2038.4928676060267,2012.8750040690104,2040.4935848101027,2016.9662656697524,23.5273191403503,32.82512117301478,48.10414722992582,1.5658752087120444
2020-06-24,2042.199951171875,2560937,0.003390115549656958,2040.25,2015.9650024414063,2040.7561027119139,2018.8354275587985,21.920675153115326,30.64423196903489,40.03632778804683,1.4031693159845369
2020-06-25,2016.0999755859375,3043931,-0.012780323283702266,2036.0071323939733,2018.180000813802,2036.9628523848405,2018.6328014867347,18.33005089810581,28.181395754849078,43.02451416878593,1.436573399774575
2020-06-26,2118.85009765625,6300722,0.05096479505707574,2046.1571393694196,2025.3966715494792,2049.5608901189034,2026.0563049066989,23.504585212204574,27.24603364632018,57.604144002673955,1.7753113504194777
2020-06-29,2101.64990234375,3076341,-0.008117702772615143,2055.2357003348216,2032.355000813802,2057.5745843073414,2031.6558306427767,25.918753664564747,26.980577649969092,54.53150988035925,1.609725460791636
2020-06-30,2082.14990234375,3071725,-0.009278424526489304,2060.5999755859375,2036.9066650390625,2061.3554024667887,2035.3961322502562,25.95927021653256,26.776316163281788,45.701347111663814,1.6276536468282095
2020-07-01,2092.050048828125,2503466,0.004754771245447209,2069.7571323939733,2041.6866658528645,2066.077655753148,2039.5927186634317,26.484937089716368,26.718040348568707,54.385353691809364,1.6293993213051503
2020-07-02,2157.14990234375,3758699,0.03111773236595905,2087.1642543247767,2048.4716634114584,2080.0887706132407,2048.3006581953073,31.788112417933462,27.73205476244166,68.66567610949633,1.7005213686069238
2020-07-03,2199.64990234375,4185208,0.019701922408741135,2109.6571044921875,2055.4199951171877,2098.4827908794728,2059.511713317414,38.97107756205878,29.979859322365087,74.38581748431992,1.6601393328970082
2020-07-06,2263.199951171875,5190366,0.02889098340622831,2144.957101004464,2063.5149943033853,2123.823892462919,2074.599730936263,49.22416152665619,33.82871976322331,77.4702629398398,1.7464982580171522
2020-07-07,2269.89990234375,5630055,0.0029603885279361197,2166.53564453125,2074.411657714844,2146.297124752278,2089.0664102997803,57.23071445249752,38.50911870107816,77.73471988488086,1.7438749683098558
2020-07-08,2218.89990234375,2793358,-0.02246795109658395,2183.28564453125,2081.5316528320313,2157.4667828432734,2098.683706006741,58.78307683653247,42.56391032816902,70.46635689884698,1.816177969316118
2020-07-09,2204.35009765625,3443998,-0.006557215434608632,2200.7428152901784,2088.199987792969,2164.679600506808,2106.510846128927,58.168754377881214,45.68487913811146,67.75987534310637,1.754991521955232
2020-07-10,2222.35009765625,9610320,0.0081656720586889,2219.357107979911,2096.5333251953125,2173.5519846836455,2115.091531427247,58.46045325639852,48.239993961768874,71.5473403236229,1.7112118321950314
2020-07-13,2220.0,2963503,-0.0010574830935632384,2228.335693359375,2102.3583251953123,2180.697833193854,2122.8625290993027,57.83530409455125,50.15905598832535,70.70162639979948,1.7028709938201456
2020-07-14,2171.949951171875,2976738,-0.02164416613879505,2224.3785574776784,2106.5183227539064,2179.3520051904725,2126.498634438012,52.853370752460705,50.69791894115242,63.3145135954568,1.7984924968301546
2020-07-15,2233.89990234375,5569321,0.028522734208700218,2220.1928362165177,2112.776652018229,2187.7439893678998,2134.454283912511,53.289705455388685,51.21627624399968,70.81818345169708,1.884415173271841
2020-07-16,2234.75,8582118,0.0003805442022528638,2215.1714215959823,2117.549983723958,2194.9756833112997,2141.883596215288,53.09208709601171,51.59143841440209,63.758291619233546,1.87462629703435
2020-07-17,2200.75,4509135,-0.015214229779617394,2212.5785784040177,2122.6333170572916,2195.864039724946,2146.2440705697113,49.619969155234685,51.19714456256861,61.3127965361016,1.927277879830314
2020-07-20,2207.89990234375,2952646,0.0032488480489605287,2213.085693359375,2127.1716471354166,2197.7157108970696,2150.8111692196403,46.90454167742928,50.33862398554075,64.77152929057243,1.906656959395464
2020-07-21,2225.050048828125,2665286,0.007767628625813039,2213.4714006696427,2132.2716471354165,2201.9209936556936,2156.3103454869356,45.61064816875796,49.39302882218419,65.36151882686146,1.9079856637267907
2020-07-22,2190.949951171875,2861534,-0.015325541856557212,2209.3213936941966,2135.0116455078123,2200.2331409658755,2158.8762422043387,41.35689876153674,47.785802810054705,54.205030667914805,1.9596224651368517
2020-07-23,2171.199951171875,2265766,-0.009014354704650507,2209.2142508370534,2138.463313802083,2195.766496382183,2159.7891095352675,35.97738684691558,45.42411961742688,46.24819462214722,1.9447040911722207
2020-07-24,2157.39990234375,3665100,-0.006355954835332689,2198.2856794084823,2142.393310546875,2189.8639434531933,2159.6121312247847,30.251812228408653,42.389658139623236,33.940497604917795,1.6075830881802482
2020-07-27,2206.800048828125,4248480,0.02289800163182898,2194.2928292410716,2148.2899780273438,2192.4694981262596,2163.1075325287356,29.361965597523977,39.78411963120339,41.52112395128215,1.6633862946991922
2020-07-28,2309.75,8092319,0.04665123658418646,2209.8642578125,2157.088309733073,2210.512652260681,2173.9699375266073,36.5427147340738,39.135838651777476,60.712184281281125,1.9060652817448787
2020-07-29,2276.050048828125,6090431,-0.014590302488093898,2219.5999930245534,2164.696643066406,2220.5953286556723,2181.5314272526457,39.06390140302665,39.121451202027316,58.08888538787859,1.9577417703962805
2020-07-30,2279.5,7098496,0.0015157624383748125,2227.3785574776784,2172.743310546875,2229.657585785569,2188.7883585672644,40.869227218304786,39.471006405282814,56.66626038301537,1.8543165177481353
2020-07-31,2281.39990234375,4723290,0.0008334732808730205,2240.299979073661,2180.636641438802,2237.6179421791353,2195.648472921078,41.969469258057416,39.970698975837735,57.169532267370926,1.811976917343583
2020-08-03,2254.14990234375,4012337,-0.011944420604211192,2252.149972098214,2188.176639811198,2240.161320665999,2199.981912137572,40.17940852842685,40.012440886355556,60.088355622992836,1.720547584518552
2020-08-04,2249.699951171875,2927928,-0.0019741150165959453,2265.335693359375,2195.3233032226562,2241.628802282288,2203.664729843817,37.964072438470794,39.60276719677861,52.25779397163392,1.7195240649811854
2020-08-05,2259.5,3800641,0.004356158172568847,2272.8642578125,2202.5666381835936,2244.378217315782,2207.800675781312,36.57754153447013,38.99772206431691,53.44851515460762,1.6403736633853587
2020-08-06,2308.10009765625,4748047,0.021509226667957515,2272.6285574776784,2212.2999755859373,2254.1815835220077,2215.230262586863,38.95132093514485,38.9884418384825,64.37274621940153,1.6912842798711387
2020-08-07,2295.35009765625,3165491,-0.005524023855354887,2275.3857073102677,2218.183308919271,2260.515201081122,2221.1650651845953,39.35013589652681,39.06078065009137,61.53543433875009,1.694575736713537
2020-08-10,2282.800048828125,2929353,-0.0054675967909817436,2275.8571428571427,2224.221647135417,2263.9436391960458,2225.7306195285605,38.21301966748524,38.89122845357014,57.71130589901339,1.701279960572437
2020-08-11,2279.89990234375,2774423,-0.0012704338629498935,2275.6428571428573,2230.8133138020835,2266.398448911077,2229.743158996352,36.65528991472502,38.44404074580112,62.95701207650611,1.6139619064434254
2020-08-12,2257.35009765625,3415751,-0.00989069944005816,2276.100027901786,2236.3233154296877,2265.006394871873,2231.7881174156037,33.218277456269334,37.39888808789476,62.44764258466609,1.5140877737902558
2020-08-13,2254.449951171875,2695682,-0.0012847570642170458,2276.7785993303573,2239.566650390625,2263.382326610335,2233.46677176792,29.915554842415077,35.902221438798826,64.47859263171313,1.514689650747703
2020-08-14,2242.14990234375,2270405,-0.005455897932766907,2274.3000139508927,2240.9833170572915,2260.1157998000913,2234.109966625389,26.005833174702275,33.92294378597952,55.93018750619464,1.4764847791196265
2020-08-17,2253.39990234375,2625630,0.005017505737792138,2266.4857003348216,2240.6566487630207,2259.082584806808,2235.538850752675,23.543734054132983,31.847101839610215,36.34599685285313,1.4784095007420333
2020-08-18,2269.75,3493374,0.007255746145743647,2262.828543526786,2240.651652018229,2260.7237256057606,2238.0730099561806,22.65071564957998,30.00782460160417,48.33332256876942,1.4772424091110268
2020-08-19,2256.60009765625,2843005,-0.005793546577266273,2259.085693359375,2241.9083251953125,2260.0893213058357,2239.4453868228525,20.64393448298324,28.135046577879987,44.23757427421376,1.4362787266131545
2020-08-20,2252.85009765625,2895164,-0.0016617920046599899,2255.221435546875,2243.5249918619793,2258.975594590515,2240.4383283660673,18.53726622444765,26.215490507193522,42.88213338787078,1.4170325183702515
2020-08-21,2248.60009765625,1975294,-0.0018864992413039072,2253.971435546875,2244.3999918619793,2257.379364292936,2241.0429038690436,16.336460423892277,24.239684490533275,48.437117564070476,1.4067457956843683
2020-08-24,2248.10009765625,2167966,-0.00022236057025937228,2253.0643136160716,2245.336661783854,2255.9517848103687,2241.5656589643922,14.386125845976494,22.26897276162192,49.5392136043439,1.3197034247662778
2020-08-25,2242.64990234375,1663419,-0.002424356156641827,2253.1357421875,2247.693326822917,2253.905341353966,2241.6459732887893,12.259368065176659,20.26705182233287,45.022142084385145,0.7668081574985501
2020-08-26,2253.5,2618149,0.004838070197631383,2253.1500418526784,2248.3466634114584,2253.8429811456635,2242.5240493414717,11.318931804191834,18.477427818704665,29.23958368144129,0.7126675710615686
2020-08-27,2248.39990234375,3579393,-0.002263189552363043,2250.100027901786,2248.80166015625,2253.0055844069075,2242.959297712011,10.04628669489648,16.79119959394303,31.045630524431687,0.7121245843354858
2020-08-28,2238.550048828125,2941136,-0.004380828119302738,2247.5214494977677,2250.061661783854,2250.7816558563254,2242.632686683575,8.14896917275064,15.062753509704553,31.737574360379824,0.7158937941075086
2020-08-31,2257.25,6018154,0.008353599769486575,2248.1500069754466,2251.7066650390625,2251.776785724583,2243.71545063294,8.061335091643286,13.6624698260923,41.73060604548015,0.6950033769389038
2020-09-01,2246.35009765625,3610908,-0.004828841441466336,2247.8285784040177,2252.4166666666665,2250.9419106371474,2243.9106096717037,7.031300965443734,12.336236053962587,45.610544979833605,0.7023614304116952
2020-09-02,2265.14990234375,2084137,0.008369044837273965,2250.2642647879466,2254.889998372396,2253.1277555150864,2245.4838906103737,7.6438649047127,11.39776182411261,53.78893586119252,0.7210966652070855
2020-09-03,2299.5,4654146,0.015164602404771577,2258.3857073102677,2259.1666666666665,2260.261946974304,2249.485083898494,10.77686307581007,11.273582074452102,67.56511413667687,0.6304402769960775
2020-09-04,2288.800048828125,5231303,-0.004653164240867591,2263.4285714285716,2263.546671549479,2264.652424182584,2252.397303522911,12.255120659673139,11.46988979149631,60.87896653606815,0.6268366076330077
2020-09-07,2327.050048828125,4620401,0.01671181369450947,2274.664306640625,2267.5550048828127,2274.2520587434365,2257.9271365084824,16.3249222349541,12.44089628018787,65.52006887786479,0.7170341322881549
2020-09-08,2348.199951171875,7453998,0.009088718291383913,2290.3285784040177,2268.836669921875,2285.6286575785807,2264.614011668734,21.014645909846877,14.155646206119672,73.77983467889652,0.7370231603611462
2020-09-09,2327.64990234375,3866535,-0.008751405014666425,2300.3857073102677,2270.5566650390624,2292.09346446553,2269.2833369039204,22.810127561609534,15.886542477217645,67.86051565695311,0.7281404859725962
2020-09-10,2331.14990234375,2308813,0.0015036625552991012,2312.4999651227677,2272.278328450521,2298.1021472160255,2273.866045455019,24.236101761006466,17.55645433397541,69.78189391900588,0.7250706486211432
2020-09-11,2374.10009765625,4145424,0.018424467370939057,2328.064278738839,2275.3683349609373,2309.7941395914445,2281.2907900625178,28.50334952892672,19.745833372965674,75.08959597707744,0.7943601000720305
2020-09-14,2491.39990234375,7512131,0.04940811248999166,2355.4785505022323,2283.2766682942706,2337.733487707184,2296.8544280092756,40.87905969790836,23.97247863795421,84.26783314341986,1.3097861349974305
2020-09-15,2491.39990234375,7318770,0.0,2384.42138671875,2291.3333333333335,2361.374474574348,2311.2652038859032,50.10927068844467,29.199837048052302,83.78303980030509,1.313580617273497
2020-09-16,2503.0,3074003,0.004656056077283033,2409.5570940290177,2299.45,2383.163016947525,2325.4677813758362,57.695235571688954,34.898916752779634,85.49921569908989,1.2900072378130374
2020-09-17,2460.949951171875,4828176,-0.01679985969961051,2425.664236886161,2304.5449951171877,2395.130237597425,2335.503497657024,59.62673994040097,39.844481390303905,78.45445413177603,1.3744789615845845
2020-09-18,2449.89990234375,4183256,-0.004490155853378086,2443.1285226004466,2309.6966552734375,2403.5563398660906,2343.9773054115963,59.579034454494376,43.791392003142,75.140278147704,1.3820736266962041
2020-09-21,2465.300048828125,4598809,0.0062860308985042135,2462.2928292410716,2315.779988606771,2413.055372014096,2352.964175294302,60.09119671979397,47.0513529464724,78.2406640572107,1.3783109156563045
2020-09-22,2522.949951171875,7499613,0.023384537866355748,2483.5570940290177,2323.881656901042,2429.962230346062,2365.555714248196,64.40651609786573,50.52238557675107,80.2227316830238,1.4279190399924113
2020-09-23,2467.449951171875,7502280,-0.02199805825486989,2480.135672433036,2330.8849853515626,2435.7295720115717,2373.103435501802,62.62613650976982,52.943135763354825,68.7590635779829,1.5594532904986513
2020-09-24,2332.25,8424708,-0.054793391496214094,2457.399972098214,2333.4783203125,2419.8096378559453,2370.077255094261,49.73238276168422,52.300985163020705,53.797075945786,2.0480190347245726
2020-09-25,2422.300048828125,8228267,0.03861080451414933,2445.871407645089,2339.4833251953123,2420.1927780055116,2373.9456101856586,46.247167819853075,51.09022169438718,57.632820753609586,2.197334755085349
2020-09-28,2426.300048828125,4347166,0.0016513230893651087,2440.9214215959823,2345.2466634114585,2421.1323581320676,2377.8237167517673,43.30864138030029,49.53390563156981,56.435403753197605,2.195748584875565
2020-09-29,2488.39990234375,6995811,0.025594465756870743,2446.4214215959823,2352.5349934895835,2431.481211087711,2386.0145453141363,45.46666577357473,48.7204576599708,62.39685168407489,2.2374659769297893
2020-09-30,2492.300048828125,3917166,0.0015673310711439292,2450.278564453125,2360.3916585286456,2440.837955355467,2393.887545574432,46.95040978103498,48.36644808418364,62.420045151416055,2.237834175883263
2020-10-01,2523.449951171875,2610337,0.01249845593767751,2450.3499930245534,2369.411653645833,2453.5474931733756,2403.484760803872,50.062732369503465,48.7057049412476,61.723829575687056,2.232265379331531
2020-10-05,2705.800048828125,17412105,0.07226222084237,2484.4000069754466,2384.651652018229,2492.3555786587217,2425.8784858427057,66.47709281601601,52.25998251620129,65.27066039320538,2.677301736391856
2020-10-06,2714.300048828125,9846367,0.003141399898962005,2538.978585379464,2400.191650390625,2526.5008817617068,2447.243046063848,79.25783569785881,57.6595531525328,65.68614144207513,2.6732300540740868
2020-10-07,2735.949951171875,9656101,0.00797623768716993,2583.785714285714,2416.6349853515626,2558.723815517117,2468.6287427385164,90.09507277860075,64.1466570777464,66.16473078800952,2.6731209633136346
2020-10-08,2825.699951171875,19839329,0.032803962646158036,2640.842843191964,2435.708317057292,2599.7970671563107,2495.0784618817283,104.71860527458239,72.2610467171136,73.73901724698992,2.697399220497786
2020-10-09,2812.949951171875,7739245,-0.004512156357829977,2687.2071358816966,2454.526652018229,2632.5898185433207,2518.624498125443,113.96532041787759,80.60190145726641,73.57621091316115,2.710792223878287
2020-10-12,2830.0,4623203,0.006061269885382137,2735.4499860491073,2474.241650390625,2662.960615690502,2541.689350116151,121.27126557435076,88.73577428068329,73.63271257182073,2.704138929734951
2020-10-13,2826.550048828125,4209878,-0.0012190640183303847,2778.75,2493.2183186848956,2688.128220788598,2562.7901426133344,125.33807817526349,96.05623505959933,71.15975320489915,2.539550993636642
2020-10-14,2809.60009765625,4395936,-0.005996692391455172,2793.5785784040177,2511.9933186848957,2706.81620184516,2581.072361505402,125.74384033975775,101.99375611563102,75.200723305194,2.551308625801304
2020-10-15,2740.60009765625,6629355,-0.024558655182835176,2797.3357282366073,2527.841658528646,2712.0137242776354,2592.8892308499094,119.12449342772607,105.41990357805003,83.32654556003912,2.643394279519848
2020-10-16,2763.300048828125,5273773,0.00828283965664589,2801.2428850446427,2543.30166015625,2719.903928054634,2605.5122544038513,114.39167365078265,107.21425759259655,81.2672035702837,2.594198514399817
2020-10-19,2711.550048828125,3331194,-0.018727607963509585,2784.9357561383927,2557.3933268229166,2718.6187158659404,2613.3669058426863,105.25181002325417,106.82176807872808,74.04941353536984,2.643926072686315
2020-10-20,2739.0,3406273,0.010123342987431894,2774.3714773995534,2571.124991861979,2721.754298040411,2622.67306096545,99.08123707496088,105.27366187797465,72.43912441642773,2.6459823909453966
2020-10-21,2675.39990234375,4570143,-0.023220188994614865,2752.2857491629466,2582.0316569010415,2714.622852548617,2626.578752919398,88.04409962921909,101.82774942822354,64.81151083228629,2.686099486129601
2020-10-22,2671.14990234375,5262294,-0.0015885475648993452,2730.0857282366073,2593.481656901042,2707.934706363253,2629.8803195434243,78.05438681982878,97.0730769065446,62.491539527287216,2.6230505975783096
2020-10-23,2686.800048828125,3499091,0.005858954778480641,2712.5428641183034,2605.336661783854,2704.683220588618,2634.0965957867356,70.58662480188241,91.77578648561217,47.76207302709069,2.2242058522971275
2020-10-26,2688.199951171875,2672752,0.0005210295959168221,2705.05712890625,2615.8066569010416,2702.1473329860423,2638.10425174119,64.04308124485215,86.22924543746018,46.873490205712216,2.1019843896958297
2020-10-27,2630.14990234375,3537502,-0.02159439397460705,2686.0356794084823,2620.4316569010416,2691.0708051949205,2637.515040674713,53.555764520207504,79.69454925400964,38.342878201386405,2.1865230829676534
2020-10-28,2622.199951171875,3569445,-0.003022622841683198,2673.2713797433034,2624.7916585286457,2680.475289191375,2636.3805896004287,44.09469959094622,72.57457932139697,22.647849462365585,2.132557236214382
2020-10-29,2632.64990234375,3105968,0.003985184717589796,2658.0785086495534,2629.113321940104,2673.1175373686633,2636.1042423962303,37.01329497243296,65.46232245160417,25.615353984141763,2.1324873916136093
2020-10-30,2664.85009765625,3427003,0.012231096616315495,2656.5713936941966,2635.9099934895835,2671.8456235667536,2638.2335650080836,33.612058558670014,59.09226967301734,28.543606543233523,2.131865858964556
2020-11-02,2604.60009765625,2571196,-0.022609151656594162,2647.064278738839,2641.0666666666666,2661.500158042061,2635.742197056096,25.757960985964928,52.42540793560686,24.87265056531264,1.4568262289118337
2020-11-03,2633.60009765625,2879269,0.011134146860432015,2639.464285714286,2646.6766682942707,2657.207841059628,2635.5835230264775,21.624318033150757,46.265189955115645,30.603931647111736,1.4818520669732567
2020-11-04,2653.14990234375,4893928,0.007423224469386369,2634.4571358816966,2651.016666666667,2656.5835427956467,2636.884736309238,19.698806486408557,40.95191326137423,39.18364931199753,1.4800602371071214
2020-11-05,2685.699951171875,2816502,0.012268454488519875,2642.3928571428573,2658.2916666666665,2661.0629902381434,2640.500678150915,20.562312087228293,36.873993026545044,40.63027295870539,1.2889505193050887
2020-11-06,2707.449951171875,3884421,0.008098447479402804,2654.5714285714284,2670.798331705729,2668.1994457664096,2645.459883559875,22.73956220653463,34.04710686254296,49.46627224501263,1.3090604531271306
2020-11-09,2726.60009765625,3646592,0.0070731303735036555,2667.9928850446427,2680.9416666666666,2677.1841614417694,2651.470269789236,25.71389165253322,32.38046382054102,48.35020054856888,1.3124608951743206
2020-11-10,2649.60009765625,4760020,-0.02824029826236274,2665.8143136160716,2688.385001627604,2672.94045932092,2651.3317385201262,21.60872080079389,30.226115216591595,46.68553549070234,1.4393615653874783
2020-11-11,2687.800048828125,3242441,0.014417251571535505,2677.700020926339,2695.031673177083,2675.226550014336,2654.033094839237,21.19345517509919,28.419583208293115,51.96740407899042,1.489456595546569
2020-11-12,2671.050048828125,2437505,-0.006231862376556929,2683.0500139508927,2700.9900065104166,2674.584011370304,2655.293609949525,19.290401420778835,26.59374685079026,48.14378314672952,1.3976043230392867
2020-11-13,2656.85009765625,2548093,-0.005316243017649547,2683.57861328125,2705.4366780598957,2671.855716952757,2655.4089053352086,16.44681161754852,24.564359804141915,46.41347099723655,1.3820820387214539
2020-11-14,2670.35009765625,298819,0.005081204999826339,2681.3857770647323,2704.2550130208333,2671.624083214833,2656.5156603219525,15.108422892880299,22.673172421889593,55.1210439888535,1.3308334194138283
2020-11-17,2666.050048828125,2827273,-0.0016102940329431048,2675.471505301339,2702.6466796875,2670.7665394630317,2657.2219113224096,13.54462814062208,20.84746356563609,55.638432125972386,1.3063374952722748
2020-11-18,2626.64990234375,2893762,-0.014778472182730984,2661.1929059709823,2699.0033447265623,2663.9793645216037,2654.957318064731,9.022046456872431,18.482380143883358,49.28195359110857,1.2438139624338285
2020-11-19,2636.89990234375,4167501,0.003902309169887541,2659.378592354911,2692.710009765625,2659.8132934173186,2653.619731715029,6.193561702289571,16.0246164555646,46.46959853262794,1.2481387201838776
2020-11-20,2660.25,2711471,0.008855132360350737,2655.44287109375,2687.620011393229,2659.8804790454233,2654.110862699101,5.769616346322437,13.973616433716169,57.75175819242855,1.2580207882952414
2020-11-23,2724.25,3706418,0.02405788929611874,2663.0428641183034,2684.095011393229,2669.7834822692043,2659.3063543510193,10.477127918185033,13.274318730609941,61.50524906731449,1.37220208516689
2020-11-24,2722.050048828125,3120516,-0.0008075437907222316,2672.3571428571427,2680.611678059896,2677.8244925090385,2663.9540354233977,13.870457085640737,13.393546401616101,59.14764789586109,1.2688317413133654
2020-11-25,2701.300048828125,3302249,-0.00762293110993062,2676.778564453125,2677.001676432292,2681.4361165581286,2666.720406786711,14.71570977141755,13.657979075576392,52.13816956248804,1.2821259944204693
2020-11-26,2720.60009765625,2341099,0.00714472605014671,2684.5714285714284,2676.335009765625,2687.461344419378,2670.7114949992692,16.749849420108603,14.276353144482835,51.81456245068849,1.2872007501221188
2020-11-27,2679.64990234375,6086808,-0.015051898052851564,2692.1428571428573,2673.546671549479,2686.2595841000507,2671.3735992470083,14.885984853042373,14.398279486194744,43.889086610570196,1.3142678292431365
2020-12-01,2726.800048828125,3605017,0.017595636819248472,2704.9857352120534,2674.0550048828127,2692.4965786736007,2675.479262178943,17.017316494657734,14.922086887887342,60.89469858015525,1.2503863045831358
2020-12-02,2749.550048828125,2509032,0.008343112656821638,2717.7428850446427,2674.406673177083,2701.2740356204504,2680.9659871159192,20.308048504531143,15.999279211216104,59.11168558690195,1.2416163725705582
2020-12-03,2709.449951171875,2852548,-0.014584239946219935,2715.628592354911,2675.5416748046873,2702.531868782208,2683.0759103793234,19.45595840288479,16.69061504954984,55.30091522229427,1.2897564277628135
2020-12-04,2727.550048828125,2686527,0.006680358737913394,2716.414306640625,2677.4216796875,2706.380819558503,2686.3702910051607,20.010528553342283,17.35459775030833,59.655803178155566,1.2702615705261229
2020-12-07,2737.699951171875,1996400,0.003721252465417102,2721.6142926897323,2679.118343098958,2711.199147499022,2690.172488054547,21.026659444474717,18.089010089141606,59.2832139946306,1.2608520403237702
2020-12-08,2797.300048828125,4277818,0.021770135047392003,2732.5714285714284,2682.7550130208333,2724.4454400111917,2698.107862926664,26.337577084527766,19.738723488218838,65.697853692266,1.3406735845173907
2020-12-09,2810.800048828125,3659996,0.004826082209398841,2751.3071637834823,2688.7766845703127,2737.730764444566,2706.4554322526983,31.27533219186762,22.046045228948596,73.47951656312316,1.1461201068735771
2020-12-10,2784.300048828125,2127801,-0.009427920712840598,2759.5214494977677,2694.1800211588543,2744.8952697343443,2712.2217001471745,32.67356958716982,24.171550100592842,68.04602318614977,1.1453400391182522
2020-12-11,2783.60009765625,1795408,-0.00025139214869085436,2764.3857421875,2699.2116943359374,2750.8498586454066,2717.5089888515504,33.3408697938562,26.005414039245515,65.9883268334732,1.1309077703608301
2020-12-14,2797.699951171875,2483658,0.0050653301555410035,2776.9928850446427,2703.6400227864583,2758.0575651879403,2723.4490601345374,34.60850505340295,27.726032242077004,60.93492279610335,1.1187084166652301
2020-12-15,2761.550048828125,2365509,-0.012921293553516344,2781.850027901786,2708.871687825521,2758.5948703633535,2726.2713555933215,32.323514770032034,28.64552874766801,55.34072048495347,1.169356853342156
2020-12-16,2814.199951171875,2565149,0.019065344249723948,2792.7785993303573,2714.8916829427085,2767.1494981800492,2732.7845848954366,34.36491328461261,29.78940565505693,64.0527567152314,1.2280496344681717
2020-12-17,2838.199951171875,2863460,0.008528178671173059,2798.6214425223216,2721.060017903646,2778.0803371018687,2740.5931305455433,37.48720655632542,31.32896583531063,64.46848069974138,1.1614477526012867
2020-12-18,2861.0,6076692,0.008033277859338606,2805.7928641183034,2726.903352864583,2790.8372083169656,2749.5121579125403,41.32505040442538,33.32818274913358,73.35480974323889,1.1650365863445578
2020-12-21,2820.14990234375,2705195,-0.014278258530671106,2810.9142717633927,2730.660017903646,2795.3468535518555,2754.7445834259634,40.60227012589212,34.78300022448529,62.22016827456252,1.2289573513742535
2020-12-22,2872.5,2881737,0.018562877672829714,2823.6142578125,2735.5233479817707,2807.2165683900316,2763.467206875892,43.749361514139764,36.57627248241619,64.93742395632935,1.1847350804267078
2020-12-23,2908.75,2790988,0.012619669277632806,2839.4785505022323,2744.1616780598956,2822.8370963300267,2774.2288952554554,48.6082010745713,38.98265820084721,74.44200057606895,1.2016200448072745
2020-12-24,2909.35009765625,1807144,0.00020630774602481416,2860.592843191964,2751.5466796875,2836.1467888417533,2784.2378732110697,51.90891563068362,41.567909686814495,73.29575494334773,1.176337907184856
2020-12-28,2929.39990234375,2108994,0.006891506355199972,2877.049979073661,2760.158341471354,2850.4934216882143,2794.9906161097865,55.5028055784278,44.354888865137156,73.95651354123635,1.1759705372157436
2020-12-29,2930.5,1994151,0.00037553686520230833,2890.2357003348216,2769.2800048828126,2862.8021260438736,2805.0283482498025,57.773777794071066,47.03866665092394,69.49648833291761,1.0937357849284468
2020-12-30,2909.300048828125,2637968,-0.007234243703079679,2897.1357073102677,2777.2450032552083,2869.9556526260662,2812.7521779222707,57.203474703795564,49.07162826149827,64.09963571095076,1.078571311450983
2020-12-31,2862.75,4040956,-0.016000428985272763,2903.221435546875,2783.8016682942707,2868.8470906835946,2816.455720298399,52.39137038519584,49.735576686237785,60.620005724268715,1.1534212989833803
2021-01-01,2928.25,2681440,0.02288009780805167,2911.185721261161,2793.8550048828124,2877.9859998091956,2824.736778054073,53.24922175512256,50.438305700014745,66.65898132912852,1.1725616434787562
2021-01-04,3039.449951171875,5113293,0.037974883009263216,2929.8571428571427,2807.27333984375,2902.826607711146,2840.6414575442805,62.1851501668657,52.78767459338494,72.75294117647059,1.3979741304831954
2021-01-05,3093.0,5801309,0.017618335451609735,2956.092843191964,2821.69833984375,2932.084052678662,2859.3346829113707,72.74936976729123,56.7800136281662,80.20594756929627,1.4228766835019855
2021-01-06,3051.5,3726716,-0.013417394115745274,2973.535714285714,2832.6066731770834,2950.4557368819446,2873.5691508438617,76.8865860380829,60.80132811014954,72.07441312027021,1.4378845995869387
2021-01-07,3032.800048828125,3717827,-0.006128117703383618,2988.1500069754466,2842.9650065104165,2963.124092565972,2885.3640321760295,77.76006038994274,64.19307456610818,68.28260299134085,1.457134183469319
2021-01-08,3120.89990234375,5879039,0.02904901480388289,3018.3785574776784,2856.951668294271,2987.3972940702456,2902.811133669935,84.58616040031075,68.2716917329487,71.74894580282427,1.5242508664137169
2021-01-11,3176.449951171875,9508039,0.017799368953296923,3063.1928362165177,2872.146663411458,3016.482318239727,2923.0806757071155,93.40164253261173,73.2976818928813,79.09997363982913,1.5396970798676344
2021-01-12,3174.85009765625,3611458,-0.000503660860463051,3098.4214215959823,2888.6533365885416,3040.8465919961154,2941.7302625181624,99.11632947795306,78.46141140989566,76.92583982766433,1.5478884841956926
2021-01-13,3158.949951171875,3572801,-0.005008156604342617,3115.492850167411,2903.0583333333334,3059.016339561617,2957.8206098258447,101.19572973577215,83.00827507507096,73.11957299066707,1.5052779678801256
2021-01-14,3250.699951171875,6931542,0.029044461424899692,3138.021414620536,2919.763330078125,3088.5061259631952,2979.5153758514766,108.99075011171863,88.2047700824005,76.99485846788907,1.5633135561169904
2021-01-15,3233.35009765625,4131692,-0.005337266981337518,3164.0,2937.226668294271,3110.789813915973,2998.3179478370153,112.47186607895765,93.05818928171193,74.14028191648609,1.5883603115225957
2021-01-18,3221.75,4160906,-0.0035876404675938556,3190.992850167411,2953.7,3127.860611775054,3014.8684702194587,112.99214155559548,97.04497973648864,72.75213568280056,1.6042383693110989
2021-01-19,3260.699951171875,2975735,0.01208968764549545,3210.964285714286,2971.133333333333,3148.297433220719,3033.0782095492673,115.2192236714518,100.67982852348128,76.7102467832663,1.5350107859763298
2021-01-20,3308.800048828125,3453446,0.014751463911594431,3229.8714425223216,2988.1833333333334,3172.9901433141663,3053.5020494958494,119.48809381831688,104.4414815824484,83.82499036359873,1.522732684326038
2021-01-21,3273.85009765625,2778546,-0.010562726866573002,3244.0142996651784,3003.6183349609373,3188.5070593667947,3069.8241271373604,118.6829322294343,107.28977171184559,77.48093233171453,1.5669316388500973
2021-01-22,3303.10009765625,3052459,0.008934434725933249,3264.607177734375,3020.911669921875,3206.1367575651725,3087.103828657278,119.03292890789453,109.63840315105539,74.10626470770754,1.5619607523150376
2021-01-25,3291.300048828125,2272887,-0.0035724163601635883,3270.4071916852677,3037.835001627604,3219.2388023748576,3102.2294745958593,117.00932777899834,111.11258807664399,69.62978680828212,1.577958075097416
2021-01-27,3261.050048828125,2786662,-0.009190897077515192,3274.364327566964,3053.2800048828126,3225.6713018292066,3113.9939615760272,111.67734025317941,111.22553851195107,71.21596749866151,1.609946479179085
2021-01-28,3196.550048828125,3083938,-0.019778905271073177,3270.764334542411,3067.7800048828126,3221.1911090598096,3120.1092272984047,101.08188176140493,109.19680716184185,65.17187340244281,1.6847853108680044
2021-01-29,3111.35009765625,5445659,-0.026653720376788703,3249.428641183036,3077.685009765625,3204.2924919208003,3119.4604028804674,84.8320890403329,104.32386353754006,49.110404779925474,1.7689247379224358
2021-02-01,3139.35009765625,3985846,0.00899930869916954,3225.221505301339,3087.723347981771,3194.3013543416387,3120.9337136045997,73.36764073703898,98.13261897743985,46.35704467073855,1.7187918095910308
2021-02-02,3203.449951171875,2881837,0.02041819214858509,3215.1643415178573,3099.1383463541665,3195.7088307770596,3127.046027498472,68.66280327858749,92.23865583766938,52.50129927919364,1.5727592619756228
2021-02-03,3200.050048828125,2505866,-0.0010613252573233867,3200.4429059709823,3111.8016845703123,3196.3767104772237,3132.45373278215,63.92297769507377,86.57552020915027,53.67490336095197,1.5348118528210803
2021-02-04,3188.449951171875,2057261,-0.0036249738220494043,3185.7500348772323,3122.333349609375,3195.1572090456316,3136.6016008110187,58.55560823461292,80.97153781424281,43.502763241850424,1.4988625462867302
2021-02-05,3157.949951171875,2366135,-0.00956577662095337,3171.0214494977677,3130.6400146484375,3189.433015526592,3138.182960097008,51.25005542958388,75.02724133731103,42.3404963465706,1.5109630517224604
2021-02-08,3214.10009765625,2526592,0.01778056883502499,3173.5285993303573,3140.798347981771,3193.2279512388473,3143.806451768063,49.421499470784056,69.90609296400564,49.287386833372146,1.4238049746353687
2021-02-09,3176.89990234375,2658751,-0.011574062469189017,3182.8928571428573,3149.048347981771,3190.7159437165246,3146.2578184773733,44.458125239151286,64.81649941903477,42.16822330962356,1.3988463530067081
2021-02-10,3213.300048828125,2127983,0.011457756807987884,3193.4571358816966,3158.4750162760415,3194.1904214260016,3151.2239096144663,42.96651181153538,60.446501897534894,40.87522009034085,1.4215169186771053
2021-02-11,3206.0,1165882,-0.0022718229599465456,3193.8214285714284,3168.3650146484374,3196.007279668155,3155.2813977911724,40.72588187698284,56.50237789342449,43.15544797909943,1.4170457519467947
2021-02-12,3190.800048828125,2777404,-0.0047410951877339125,3192.5,3179.300016276042,3195.2061672312275,3157.912408979095,37.29375825213265,52.66065396516612,38.34095004904608,1.2551918008274061
2021-02-15,3139.85009765625,2630853,-0.015967766827190366,3185.5571637834823,3186.3533528645835,3186.689848835077,3156.5744599922173,30.11538884285983,48.15160094070487,35.458484861413055,1.2969856210706687
2021-02-16,3108.800048828125,3435770,-0.009889022680191761,3178.5357491629466,3188.6650227864584,3174.706802680161,3153.035614720803,21.67118795935812,42.855518344435524,35.40409217935935,1.310201662591315
2021-02-17,3073.10009765625,3678426,-0.01148351473596132,3158.392892020089,3188.0016927083334,3159.0750019072516,3147.114465308614,11.960536598637646,36.67652199527595,37.47337493589919,1.2854072431895611
2021-02-18,3057.35009765625,4189909,-0.0051251177961993966,3141.3143484933034,3188.1966959635415,3143.4250166378665,3140.4652528899205,2.959763747945999,29.93317034580996,43.62154941811173,1.2169292338594202
2021-02-19,3071.85009765625,3725028,0.00474266915362942,3121.1072126116073,3189.4983642578127,3132.413490640695,3135.3826487985375,-2.969158157842685,23.35270464507943,41.76428114399282,1.2207689799450627
2021-02-22,2958.449951171875,5366696,-0.03691591154493401,3085.742919921875,3184.0833658854167,3105.6498691839533,3122.276523048414,-16.626653864460877,15.35683294317137,23.31739410659854,1.4000627283526423
2021-02-23,2980.199951171875,3832829,0.007351822866357605,3055.6571916852677,3177.54169921875,3086.3498817974796,3111.752332539041,-25.40245074156155,7.204976206224785,26.97666950631968,1.4285906154047934
2021-02-24,2948.10009765625,3774549,-0.010771040212588012,3028.264334542411,3169.983365885417,3065.0806842372904,3099.6299447699457,-34.54926053265535,-1.1458711415512426,25.866086815829533,1.4315488255985895
2021-02-25,2995.300048828125,4224073,0.016010294633278965,3012.050048828125,3164.528369140625,3054.3452018666494,3091.901804329811,-37.55660246316165,-8.428017405873325,34.19802012136576,1.4596245706833106
2021-02-26,2894.300048828125,5553153,-0.03371949332405444,2986.5071847098216,3152.648372395833,3029.7228706299534,3077.264637255612,-47.54176662565851,-16.250767249830364,21.420919635224834,1.526539216730659
2021-03-01,2924.199951171875,3265871,0.010330615982906188,2967.4857352120534,3142.343367513021,3013.4885753287103,3065.92651236052,-52.437937031809724,-23.48820120622624,27.11879993509625,1.5325537251233943
2021-03-02,3006.35009765625,3306469,0.02809320424598649,2958.128592354911,3135.163370768229,3012.3903479944856,3061.513444604648,-49.12309661016252,-28.615180287013498,32.695044061272185,1.6033870695659418
2021-03-03,3059.10009765625,3509857,0.01754619331964169,2972.5071847098216,3128.4433756510416,3019.5764633270646,3061.334678164026,-41.75821483696154,-31.24378719700311,38.58409040717684,1.668192738746629
2021-03-04,3049.699951171875,3916760,-0.003072846976003518,2982.4357561383927,3119.806705729167,3024.2108460724203,3060.472846534978,-36.26200046255781,-32.24742985011405,38.935063045401115,1.6679756951517628
2021-03-05,3008.050048828125,3203686,-0.013657049221430961,2991.0000348772323,3110.9467041015623,3021.724569573298,3056.5896763344704,-34.86510676117223,-32.770965232325686,39.51137684344032,1.6800924814753637
2021-03-08,3006.949951171875,2003125,-0.00036571786984684884,2992.664306640625,3101.0750325520835,3019.4515513576944,3052.9126596557594,-33.46110829806503,-32.90899384547355,41.48908823987838,1.6136627087614648
2021-03-09,3050.949951171875,1942397,0.014632767659751744,3015.0428641183034,3093.0633626302083,3024.2974590214144,3052.7672738421384,-28.46981482072397,-32.02115804052364,48.174388763215646,1.6481287842427317
2021-03-10,3070.949951171875,3053778,0.0065553353283680504,3036.007149832589,3086.7266927083333,3031.4747655061005,3054.1141388295264,-22.639373323425843,-30.14480109710408,51.113099546127934,1.63078543070545
2021-03-12,3057.949951171875,2938317,-0.0042332178012342014,3043.3785574776784,3082.106689453125,3035.5478709931426,3054.3982730771077,-18.850402083965037,-27.885921294476272,48.85952222324159,1.6314611052592347
2021-03-15,3066.14990234375,3097083,0.002681519090504514,3044.385672433036,3080.6000162760415,3040.255875816313,3055.268764133896,-15.01288831758302,-25.311314699097622,60.68028179312155,1.6338983670778462
2021-03-16,3110.050048828125,4894756,0.014317677831347408,3053.0071149553573,3079.6233479817706,3050.9934408950535,3059.3266370742094,-8.333196179155948,-21.915690995109287,62.33495521654228,1.6366338310623396
2021-03-17,3112.949951171875,3838390,0.0009324294780537201,3067.9928152901784,3076.606681315104,3060.525211706872,3063.2987344147773,-2.7735227079051583,-18.08725733766846,66.57948355052994,1.621248459908093
2021-03-18,3036.5,3656306,-0.02455868304053377,3072.2142508370534,3071.1550130208334,3056.8290252904303,3061.3136429766455,-4.484617686215188,-15.366729407377807,53.91336813325696,1.6954727693286389
2021-03-19,3050.199951171875,5776626,0.004511757342952505,3072.107107979911,3066.5466796875,3055.8091677337297,3060.4904065466626,-4.681238812932861,-13.229631288488818,67.75220538276861,1.6952143580664298
2021-03-22,3129.64990234375,2821646,0.02604745670569919,3080.4928152901784,3065.6033447265627,3067.169280750656,3065.6133321612615,1.5559485893945748,-10.272515312912141,71.02219273338991,1.7906970423658444
2021-03-23,3142.60009765625,3305973,0.0041379054260355375,3092.585693359375,3063.220011393229,3078.7740218130552,3071.3160555312606,7.457966281794597,-6.7264189939707935,66.24149917232612,1.551475037146836
2021-03-24,3121.10009765625,2207104,-0.006841468634852577,3100.435721261161,3061.3600179036457,3085.2857257889314,3075.003762355334,10.281963433597411,-3.3247425084571525,57.98557042843451,1.5636022230970763
2021-03-25,3064.85009765625,3179786,-0.018022491506196836,3093.978585379464,3056.411686197917,3082.141782999288,3074.2516390442906,7.8901439549972565,-1.0817652157662707,51.74119581473261,1.6037144691872653
2021-03-26,3066.800048828125,3697370,0.0006362305201699225,3087.3857421875,3051.771687825521,3079.7815162037245,3073.699669398649,6.0818468050756564,0.35095718840211476,57.430123370183416,1.5698478802557667
2021-03-30,3158.550048828125,4694008,0.02991717703769403,3104.821463448661,3050.6966878255207,3091.899751992094,3079.9848826897214,11.914869302372608,2.6637396111962133,65.59671786586935,1.464097311107682
2021-03-31,3177.85009765625,3530069,0.0061104141234948894,3123.057198660714,3051.9633544921876,3105.122882094272,3087.234157872427,17.888724221844768,5.708736533325925,63.75462096814741,1.4582500485935366
2021-04-01,3165.0,4285076,-0.004043644999406126,3128.1072126116073,3053.8366861979166,3114.334746387461,3092.9945906226176,21.34015576484353,8.835020379629446,60.354510458289674,1.3553342828425878
2021-04-05,3238.89990234375,5317862,0.023349100266587763,3141.864327566964,3059.363346354167,3133.4986165345827,3103.8023914908495,29.696225043733193,13.007261312450195,67.56624929786764,1.394520658236418
2021-04-06,3264.699951171875,2291562,0.007965682671902119,3162.378592354911,3066.275008138021,3153.683437248012,3115.7207292449993,37.96270800301272,17.998350650562703,68.63794182153194,1.3912619464007827
2021-04-07,3271.39990234375,2491268,0.0020522410243153377,3191.8857073102677,3072.9266682942707,3171.7936626473565,3127.2525198449066,44.54114280244994,23.30690908094015,66.28316373167343,1.3323774246951223
2021-04-08,3317.35009765625,2578118,0.014046034322975798,3227.6785714285716,3084.8900065104167,3194.1869603410323,3141.333821905006,52.853138436026256,29.216154951957375,68.97864937931185,1.3447913305382715
2021-04-09,3322.25,2911129,0.001477053129608441,3251.064278738839,3096.2916748046873,3213.888966442412,3154.735020282413,59.15394615999867,35.20371319356563,80.59748158031776,1.3273051225324102
2021-04-12,3246.550048828125,3791828,-0.02278574796354127,3260.8785574776784,3106.2400065104166,3218.913748347906,3161.5361335080215,57.3776148398847,39.63849352282945,68.56035779892734,1.4574413828674482
2021-04-13,3104.050048828125,8654596,-0.0438927470258581,3252.1714215959823,3109.8650065104166,3201.2424099602476,3157.2779050132144,43.96450494703322,40.503695807670205,47.837851101498536,1.791014369677843
2021-04-15,3218.949951171875,6062760,0.037016124268720585,3249.3214285714284,3120.686669921875,3203.966647069729,3161.8462047286707,42.12044234105815,40.8270451143478,55.501106627840585,1.9650658151688705
2021-04-16,3195.14990234375,3224657,-0.007393730623074912,3239.3857073102677,3129.7183349609377,3202.6102248041934,3164.3131452927505,38.29707951144292,40.32105199376682,55.31775976211849,1.9569887068146983
2021-04-19,3161.800048828125,2679106,-0.010437649104087954,3223.728585379464,3134.9,3196.3317361924906,3164.1269899990743,32.20474619341621,38.6977908336967,57.19907717107904,1.9752551041405009
2021-04-20,3144.550048828125,3141893,-0.005455752967804983,3199.0428641183034,3137.748331705729,3188.365322751819,3162.676846208634,25.68847654318506,36.09592797559438,55.64510353776177,1.8896728931745197
2021-04-22,3118.800048828125,1988980,-0.008188770921167654,3169.978585379464,3140.0516682942707,3177.6629729174047,3159.426713069337,18.236259848067675,32.52399435008904,46.8079975721208,1.9018049741121046
2021-04-23,3109.5,1615309,-0.0029819317309615068,3150.4000069754466,3143.4333333333334,3167.1763616993426,3155.728438027164,11.447923672178604,28.308780214506953,44.421765400208976,1.8114999838942003
2021-04-26,3100.800048828125,2490260,-0.002797861769376131,3149.935721261161,3146.561669921875,3156.9646212576167,3151.659668456865,5.304952800751835,23.70801473175593,44.72473484552131,1.8094631272660218
2021-04-27,3132.0,1471417,0.010061903599255295,3137.5142996651784,3149.2633382161457,3153.1239102949066,3150.2033967193192,2.9205135755873926,19.550514500522226,40.5532043791715,1.8178082019957489
2021-04-28,3124.10009765625,1639037,-0.00252231875598663,3127.364327566964,3151.035009765625,3148.658708350498,3148.2698190109436,0.38888933955422544,15.718189468328626,37.169196821847635,1.767792353831565
2021-04-29,3115.25,1621395,-0.0028328470214157297,3120.7143205915177,3152.9450113932294,3143.5189070658057,3145.8239064916143,-2.304999425808546,12.113551689501193,35.805839670058276,1.769978714521217
2021-04-30,3035.64990234375,3072305,-0.025551752718481646,3105.157156808036,3151.9283447265625,3126.923675570105,3137.662869147328,-10.739193577222977,7.543002636156359,25.869424644287307,1.7259477127861473
2021-05-03,3037.0,1545831,0.00044474748395972874,3093.471435546875,3149.493343098958,3113.089263943935,3130.2063603215997,-17.117096377664893,2.610982833392109,25.415836592610162,1.7168367404323068
2021-05-04,3049.75,1990777,0.004198221929535784,3084.935721261161,3147.386678059896,3103.344761798714,3124.246629927407,-20.901868128692968,-2.0915873590249063,30.974471441633526,1.7218695898333611
2021-05-05,3095.699951171875,1939289,0.015066792744282242,3084.2071358816966,3149.360009765625,3102.1686370868924,3122.132061130701,-19.963424043808573,-5.66595469598164,49.007476572593326,1.6675279323100856
2021-05-06,3111.449951171875,1791671,0.005087702376981973,3081.271414620536,3151.401676432292,3103.5965315615053,3121.3407937263437,-17.744262164838347,-8.081616189752982,33.281493001555205,1.6595841881249667
2021-05-07,3132.89990234375,1912540,0.006893876330485771,3082.5285295758927,3151.510009765625,3108.1047424510816,3122.1970239943,-14.092281543218178,-9.283749260446022,40.24752952408054,1.6697203478656022
2021-05-10,3145.5,2137153,0.004021864103230355,3086.8499581473216,3151.6066731770834,3113.857858997069,3123.9231703650926,-10.065311368023686,-9.440061681961556,47.2687599151399,1.6335864525273056
2021-05-11,3122.60009765625,2415625,-0.007280210568669565,3099.271414620536,3151.656673177083,3115.202818790789,3123.8251649792523,-8.622346188463325,-9.27651858326191,46.39040492568988,1.634020915031655
2021-05-12,3087.60009765625,1978558,-0.011208607860567876,3106.5,3152.415006510417,3110.956246308552,3121.14182665903,-10.185580350477721,-9.458330936705073,45.020755456538225,1.5797192642345086
2021-05-14,3051.5,2043935,-0.011691960265078682,3106.75,3151.9050048828126,3101.809131491852,3115.9831728324352,-14.174041340583244,-10.401473017480708,41.47309859660457,1.267722164167294
2021-05-17,3069.75,2890462,0.005980665246600125,3103.0428641183034,3148.945003255208,3096.8769574161824,3112.558493363366,-15.68153594718342,-11.45748560342125,45.559840437602595,0.9241425871321022
2021-05-18,3088.800048828125,2098538,0.006205732984160051,3099.8071637834823,3145.976668294271,3095.634356094943,3110.7986085829775,-15.164252488034435,-12.198838980343888,43.60001186341734,0.9348876527871952
2021-05-19,3082.0,1986041,-0.0022015179748215985,3092.5357491629466,3143.210001627604,3093.5367628495674,3108.6653783175716,-15.128615468004227,-12.784794277875957,43.742561122174685,0.911998471458447
2021-05-20,3060.0,2329027,-0.007138221933809197,3080.321463448661,3137.2466715494793,3088.377260872711,3105.060535479233,-16.68327460652199,-13.564490343605165,42.096988457546594,0.9168571282870179
2021-05-21,3080.5,1685566,0.006699346405228734,3074.3071637834823,3131.1066731770834,3087.1653745846015,3103.2412365548453,-16.07586197024375,-14.066764668932883,57.720789722312816,0.918605850154492
2021-05-24,3081.5,1652260,0.0003246226261970353,3073.435721261161,3124.776676432292,3086.293778494663,3101.63077458782,-15.336996093156813,-14.32081095377767,57.66976646328634,0.9170244832426985
2021-05-25,3114.0,1841613,0.010546811617718754,3082.3642926897323,3117.99833984375,3090.556274110869,3102.5470135072405,-11.990739396371737,-13.854796642296485,60.36791669358766,0.9468155435309579
2021-05-26,3158.5,1923753,0.014290301862556198,3095.0428641183034,3112.540006510417,3101.009155016889,3106.691679173371,-5.682524156482032,-12.220342145133595,60.18158544086599,0.9741910817780406
2021-05-27,3180.0,5959785,0.00680702865284144,3108.0714285714284,3110.321671549479,3113.1615927065986,3112.121925160529,1.0396675460697224,-9.568340206892932,60.91039580838369,0.9814345301902916
2021-05-28,3143.60009765625,1763701,-0.01144651017099052,3116.8714425223216,3111.6400065104167,3117.8444396219297,3114.4536416416936,3.3907979802361297,-6.97651256946712,51.625674891728,1.0170828370657126
2021-05-31,3159.14990234375,1652799,0.004946495802406137,3131.035714285714,3109.6466715494794,3124.1991261945177,3117.7644757677717,6.434650426745975,-4.294279970224501,52.05539984530275,0.8143096383629657
2021-06-01,3153.0,1377441,-0.0019466953243300056,3141.3928571428573,3108.2416748046876,3128.6300298568995,3120.3745145997887,8.255515257110801,-1.7843209247574408,54.82079308198113,0.8185008293434598
2021-06-02,3129.449951171875,2240078,-0.00746909255570094,3148.242850167411,3107.163338216146,3128.756171597665,3121.046769160684,7.709402436980781,0.11442374759020356,56.88660090360599,0.8425419931833298
2021-06-03,3141.25,1281706,0.0037706462836084587,3152.1357073102677,3107.0533365885417,3130.678299044178,3122.5433047784113,8.134994265766636,1.71853785122549,66.05259572624792,0.7811992854761285
2021-06-04,3143.75,1836060,0.0007958615200955865,3150.028564453125,3107.885001627604,3132.689329960458,3124.1141710911215,8.57515886933652,3.0898620548476963,64.02578748829272,0.7745509340280164
2021-06-07,3183.199951171875,2559821,0.012548692221669988,3150.4857003348216,3110.3416666666667,3140.4601947622145,3128.4908955415476,11.969299220666926,4.865749488011542,66.60802245889894,0.80852259221434
2021-06-08,3200.14990234375,2574057,0.005324815101745317,3158.5642438616073,3113.653328450521,3149.6432266978354,3133.7989701194883,15.844256578347085,7.061450906078652,70.06965502597757,0.8117502204196538
2021-06-09,3200.25,1710925,3.127905232713779e-05,3164.4356863839284,3115.928328450521,3157.4288841289376,3138.721268629156,18.707615499781696,9.390683824819261,75.73869532256705,0.7891543141802639
2021-06-10,3216.800048828125,1874324,0.0051714862364269365,3173.549979073661,3119.0183268229166,3166.562909467274,3144.504881977228,22.058027490046243,11.924152557864659,75.38178263735765,0.7361780466702946
2021-06-11,3273.800048828125,3452954,0.01771947249900263,3194.1714215959823,3124.303328450521,3183.060930907405,3154.082301743961,28.978629163443657,15.33504787898046,79.63023012434253,0.7403920353024481
2021-06-14,3276.35009765625,1847360,0.0007789262600315094,3213.471435546875,3132.326668294271,3197.413110407227,3163.1391755152417,34.27393489198539,19.12282528158145,77.55902313846276,0.7405333549925985
2021-06-15,3262.75,1304985,-0.00415099035538935,3230.471435546875,3139.851668294271,3207.464939575346,3170.5177551067054,36.947184468640444,22.68769711899325,69.77053643359169,0.755123595045699
2021-06-16,3274.35009765625,1635552,0.003555313050723985,3243.4928850446427,3147.338338216146,3217.754963895485,3178.209039740005,39.54592415547995,26.059342526290592,68.59115224753694,0.7460930540300339
2021-06-17,3317.75,2273413,0.013254508848890456,3260.292898995536,3154.7400065104166,3233.138815603872,3188.5454071666713,44.59340843720065,29.766155708472606,83.39403688279003,0.7387249762444817
2021-06-18,3297.300048828125,3380431,-0.006163801121806922,3274.1571916852677,3160.935009765625,3243.0097745614494,3196.601306549001,46.40846801244834,33.094618169267754,76.0022718437501,0.7700300225393389
2021-06-21,3273.10009765625,1130569,-0.007339323329242031,3282.2000558035716,3165.608349609375,3247.6390550375727,3202.2678836680566,45.371171369516105,35.54992880931743,71.16672805317563,0.8046131275797521
2021-06-22,3301.199951171875,1708688,0.008585088349649439,3286.114327566964,3170.798347981771,3255.879192904388,3209.5961849646355,46.28300793975268,37.69654463540448,79.7918473547268,0.7961459437125373
2021-06-23,3261.39990234375,1467104,-0.01205623694923319,3283.978585379464,3175.425008138021,3256.728532818136,3213.4334973630885,43.29503545504758,38.816242799333104,68.99603199110672,0.81639673495524
2021-06-24,3373.60009765625,4155204,0.03440246479184261,3299.8143136160716,3184.9583414713543,3274.7087735624614,3225.2976899773967,49.411083585064716,40.93521095647943,76.9808653905675,1.0942893741750939
2021-06-25,3380.800048828125,2722861,0.0021342041034670967,3315.0214494977677,3195.935009765625,3291.0305082187174,3236.8163832255987,54.21412499311873,43.59099376380729,75.09525014324728,1.040645912787875
2021-06-28,3336.75,1355238,-0.013029474737316638,3317.7357352120534,3204.835009765625,3298.0642761850686,3244.2188733570356,53.845402828033,45.64187557665243,66.23098889648283,1.1049091651872547
2021-06-29,3340.85009765625,1497322,0.001228769807821939,3323.9571707589284,3213.236678059896,3304.646710257558,3251.376741823644,53.26996843391407,47.167494148104765,66.54896429963068,1.1000061913279187
2021-06-30,3345.75,1693146,0.0014666633343374258,3334.3357282366073,3222.0283447265624,3310.9702932948567,3258.367353540411,52.60293975444574,48.254583269372965,65.60570076873394,1.073262007037346
2021-07-01,3341.5,990310,-0.0012702682507659269,3340.0928780691966,3231.4116780598956,3315.667171249494,3264.525327352232,51.14184389726188,48.83203539495075,59.392331250732454,1.0782567125158362
2021-07-02,3325.449951171875,1682274,-0.004803246694037089,3349.2428850446427,3239.5766764322916,3317.1722143144757,3269.0382624499834,48.133951864492246,48.69241868885905,56.56590455731165,1.0918716331141263
2021-07-05,3321.0,1972858,-0.0013381500961416881,3341.728585379464,3247.560009765625,3317.761104419941,3272.887280046281,44.87382437366023,47.92869982581929,57.98492117888965,1.0710354055122449
2021-07-06,3262.300048828125,2159420,-0.017675384273374006,3324.8000139508927,3252.5033447265623,3309.2286343288924,3272.103040696788,37.12559363210448,45.76807858707633,48.53708229767916,1.1555794644842
2021-07-07,3274.949951171875,2640710,0.003877602352454934,3315.971435546875,3256.385009765625,3303.9549907662745,3272.3139229542016,31.641067812072833,42.942676432075636,44.38466737348533,1.1570382007271252
2021-07-08,3258.5,2485811,-0.005022962615348847,3304.2071358816966,3259.001676432292,3296.9619152637706,3271.2906694020385,25.67124586173213,39.488390318006935,44.85546752850737,1.161149988235034
2021-07-09,3208.14990234375,6365067,-0.015451925013426404,3284.549979073661,3261.1533365885416,3283.2985286606904,3266.613575545869,16.684953114821383,34.927702877369825,41.946658981711096,1.1421182813866957
2021-07-12,3193.10009765625,1892226,-0.004691116420870833,3263.3499930245534,3262.285009765625,3269.4218469676994,3261.1681327392307,8.253714228468652,29.59290514758959,36.14814620158559,1.144305270826279
2021-07-13,3187.550048828125,1809339,-0.0017381380659500234,3243.6500069754466,3263.4366780598957,3256.826185715457,3255.714941338408,1.1112443770489335,23.89657299348146,39.626371169248216,1.142327636952006
2021-07-14,3214.550048828125,2044279,0.008470455235652263,3228.44287109375,3266.2733479817707,3250.3221646558677,3252.66569004135,-2.3435253854822804,18.648553317688712,20.627850000586122,1.1580574539158877
2021-07-15,3202.949951171875,2232968,-0.003608622507053183,3219.964285714286,3268.330013020833,3243.0341318121764,3248.9830427176853,-5.94891090550891,13.729060473049188,17.68123554809435,1.1103031184356442
2021-07-16,3194.800048828125,1256526,-0.0025444988114060596,3208.5142996651784,3270.0316813151044,3235.613503660784,3244.969487614755,-9.35598395397119,9.112051587645112,20.334358197776055,1.105586267049721
2021-07-19,3184.60009765625,1597058,-0.003192672785771511,3197.9571707589284,3270.0783528645834,3227.765287352394,3240.4976809511622,-12.73239359876834,4.743162550362422,18.157683153026227,1.09796106803036
2021-07-20,3205.800048828125,1811945,0.006657021453801093,3197.6214773995534,3270.2666910807293,3224.3860198871216,3237.9274859790853,-13.541466091963684,1.086236821897201,23.256232755475565,1.0896278630390717
2021-07-22,3216.35009765625,2859334,0.003290925406274736,3200.9429059709823,3270.803361002604,3223.149724159295,3236.3291609181347,-13.179436758839529,-1.766897894250145,26.64675514477159,1.0644509857682827
2021-07-23,3212.85009765625,1776193,-0.001088189996030109,3204.557198660714,3270.671695963542,3221.5651662357495,3234.589971046884,-13.024804811134345,-4.018479277626985,27.956146396626764,0.6735285320881859
2021-07-26,3197.550048828125,1259611,-0.004762142136443326,3202.1286272321427,3268.130029296875,3217.8705327884227,3231.8462731047534,-13.975740316330757,-6.00993148536774,26.81688932006429,0.6666227261209935
2021-07-27,3182.949951171875,1121367,-0.00456602631180103,3199.271484375,3265.0166910807293,3212.4981356166463,3228.2243233319477,-15.726187715301421,-7.9531827313544765,32.14041581403323,0.6234761265321674
2021-07-28,3197.800048828125,1660654,0.004665514030713025,3199.7000558035716,3262.8516927083333,3210.2368914953354,3225.9706733687017,-15.733781873366297,-9.509302559756842,32.80591291251423,0.6383820705609906
2021-07-29,3195.800048828125,1731997,-0.0006254299735635183,3201.300048828125,3260.233357747396,3208.015838777303,3223.735812291622,-15.719973514319008,-10.751436750669276,35.064338395651774,0.6338135869224459
2021-07-30,3167.449951171875,2999943,-0.008871048633548151,3195.821463448661,3255.223356119792,3201.7749329918524,3219.566489245715,-17.79155625386238,-12.159460651307898,39.16979259107191,0.6500769308736456
2021-08-02,3219.39990234375,2608669,0.016401190854698378,3196.257149832589,3252.6266845703126,3204.486466738298,3219.5541494751988,-15.067682736900679,-12.741105068426455,55.84959306328751,0.7741916897097052
2021-08-03,3284.89990234375,3804735,0.02034540659341988,3206.549979073661,3253.020011393229,3216.8577645237524,3224.39457561361,-7.536811089857565,-11.700246272712677,67.09390167678811,0.9166378944315573
2021-08-04,3273.949951171875,2929598,-0.0033334200424378624,3217.4642508370534,3252.111678059896,3225.641177854233,3228.0653441734817,-2.4241663192487977,-9.845030282019902,61.05319299724876,0.8269677994706656
2021-08-05,3283.949951171875,2534521,0.0030544144379545113,3231.892822265625,3252.863346354167,3234.611758364639,3232.2049446918813,2.406813672757835,-7.394661491064355,65.16285480813352,0.8252496893615955
2021-08-06,3309.800048828125,2292362,0.007871647875457244,3247.892822265625,3250.736678059896,3246.179187666714,3237.952730183455,8.226457483258855,-4.270437696199713,70.18958597290111,0.832883352879857
2021-08-09,3322.699951171875,1510489,0.003897486903572167,3266.0213797433034,3248.800008138021,3257.951612821354,3244.230302108523,13.721310712830928,-0.6720880143935853,74.01734543364009,0.7413433774249449
2021-08-10,3333.89990234375,2040777,0.003370738055335165,3289.7999441964284,3248.7050048828123,3269.6359650555687,3250.87249471854,18.763470337028593,3.2150236558908505,73.08103438112825,0.7260564074158337
2021-08-11,3344.199951171875,1929707,0.0030894895257305155,3307.6285226004466,3248.8166666666666,3281.1073475350004,3257.7856396410093,23.32170789399106,7.236360503510893,73.0567612143883,0.7203304847377485
2021-08-12,3351.75,1310205,0.0022576547270982683,3317.178536551339,3249.016666666667,3291.975447914231,3264.745962630564,27.229485283667145,11.234985459542143,74.68890111664061,0.7061492169142731
2021-08-13,3463.39990234375,4363584,0.0333109278268815,3344.2428152901784,3253.0799967447915,3318.348440903388,3279.461069275985,38.8873716274029,16.765462693114294,85.19790154862608,0.9786315130527199
2021-08-16,3472.949951171875,2083489,0.002757420193279625,3371.2428152901784,3257.9966634114585,3342.1332886370014,3293.793579046051,48.339709590950406,23.08031207268152,88.91571712194579,0.9671945646695733
2021-08-17,3553.050048828125,4336019,0.02306399423614547,3405.9928152901784,3265.7316650390626,3374.5820209740973,3312.9977619928713,61.58425898122596,30.78110145439041,90.56753691521405,1.0368774406739552
2021-08-18,3560.550048828125,2631309,0.00211086246940817,3439.9714006696427,3275.673331705729,3403.192486797794,3331.3349684251125,71.85751837268162,38.996384838048655,91.13566253038334,1.0392786951759796
2021-08-20,3559.5,2836148,-0.0002949119697026603,3472.1999860491073,3285.1583333333333,3427.2397965212103,3348.236081875104,79.00371464610635,46.9978507996602,97.11573162079898,1.0460202039602133
2021-08-23,3637.39990234375,3744176,0.021885068785995276,3514.085693359375,3297.788330078125,3459.5721204939086,3369.655624132041,89.91649636186776,55.581579912101716,97.28506787330316,1.0989111686267559
2021-08-24,3613.199951171875,2511141,-0.006653090620110769,3551.4356863839284,3311.289998372396,3483.207171367442,3387.69594465351,95.51122671393159,63.567509272467696,90.96582091762035,1.1096736210879543
2021-08-25,3659.0,2123263,0.01267575817753186,3579.3785574776784,3326.8199951171873,3510.252221926297,3407.792541345843,102.459680580454,71.34594353406496,94.20273282761953,1.0885116896479152
2021-08-26,3671.85009765625,1902533,0.0035119151834517304,3607.7928641183034,3342.963330078125,3535.113433577059,3427.352360331799,107.76107324525992,78.62896947630395,94.24042163250054,1.0901455754064335
2021-08-27,3720.14990234375,3944728,0.013154078571543604,3631.6642717633927,3359.816658528646,3563.5805826180886,3449.0410671474992,114.53951547058932,85.81107867516103,94.52099207423446,1.0829940059704037
2021-08-30,3701.300048828125,2033114,-0.005066960743638105,3651.771414620536,3376.428328450521,3584.768192804248,3467.72691764236,117.04127516188782,92.05711797250639,90.55272665652726,1.0553838292685527
2021-08-31,3786.449951171875,3207480,0.02300540383660854,3684.1928362165177,3396.1499918619793,3615.7961556300365,3491.336031237139,124.46012439289734,98.53771925658458,91.8446836012824,1.093136148629136
2021-09-01,3714.949951171875,2643336,-0.018883122957394805,3695.271414620536,3413.8283203125,3631.0505857133962,3507.9000253063787,123.15056040701757,103.46028748667118,80.79576214336065,1.2095005170008555
2021-09-02,3836.75,3403717,0.032786457537524294,3727.2071358816966,3434.8599853515625,3662.696649449797,3532.2592826910914,130.4373667587056,108.85570334107807,83.85927104120123,1.323348724640891
2021-09-03,3842.050048828125,1746812,0.001381390194337584,3753.3571428571427,3455.716650390625,3690.289480123386,3555.20674684939,135.08273327399593,114.10110932766165,81.04453861073803,1.3271927606667056
2021-09-06,3852.0,1723693,0.0025897505356313744,3779.092843191964,3477.0216471354165,3715.168021642865,3577.191432267954,137.97658937491087,118.8762053371115,81.0569603009782,1.332625238235441
2021-09-07,3815.89990234375,1585039,-0.009371780284592401,3792.771414620536,3497.633308919271,3730.6652340583855,3594.8735411624575,135.791692895928,122.25930284887481,73.20971009662583,1.3845592150365986
2021-09-08,3774.14990234375,4147175,-0.010941062676816271,3803.178536551339,3517.3399739583333,3737.3551830253646,3608.153271620331,129.20191140503357,123.64782456010657,67.78517405139843,1.440349284971626
2021-09-09,3791.39990234375,1441148,0.004570565676071281,3803.885672433036,3537.1266357421873,3745.669755228193,3621.727096118362,123.94265910983086,123.70679147005144,68.80168740959033,1.4389818618839074
2021-09-13,3845.35009765625,1691473,0.01422962407082129,3822.5142647879466,3558.7783040364584,3761.005192524817,3638.291762898946,122.71342962587096,123.50811910121536,67.54113836461408,1.4457610456279917
2021-09-14,3885.89990234375,1991188,0.010545152887955656,3829.5356794084823,3582.7266357421877,3780.2197632661914,3656.633106561524,123.58665670466735,123.52382662190576,72.38548815911672,1.310968321794503
2021-09-15,3954.550048828125,2461369,0.017666473200446786,3845.607107979911,3607.231640625,3807.0398071987966,3678.7010282109018,128.33877898789478,124.48681709510358,73.3839759208829,1.334615818502315
2021-09-16,3903.300048828125,2946666,-0.012959755058653766,3852.9356863839284,3627.844978841146,3821.8490751417703,3695.3379927010665,126.51108244070383,124.89167016422364,67.26337001179641,1.3437555718366436
2021-09-17,3827.85009765625,6477148,-0.019329785112094378,3854.6428571428573,3646.308317057292,3822.7723093747672,3705.153704179228,117.6186051955392,123.43705717048675,57.72044410842294,1.4478105833415682
2021-09-20,3823.5,2002008,-0.0011364336495082172,3861.69287109375,3664.293318684896,3822.884261778649,3713.9200964622482,108.9641653164008,120.54247879966957,58.945820460549854,1.4491620005494472
2021-09-21,3862.949951171875,1568129,0.01031775890463571,3871.914306640625,3682.731648763021,3829.0482139929914,3724.9593449592576,104.08886903373377,117.25175684648242,56.00188018458601,1.3947548613783731
2021-09-22,3862.14990234375,1744067,-0.00020710825618708295,3874.314278738839,3700.713313802083,3834.1407814315694,3735.12160846922,99.01917296234933,113.6052400696558,62.9897513567549,1.3783715158006191
2021-09-23,3869.25,2003869,0.0018383796164775923,3871.935721261161,3718.558317057292,3839.5421996728664,3745.0570448789076,94.48515479395883,109.78122301451641,53.59592519438309,1.3612948934432507
2021-09-24,3871.300048828125,2320754,0.0005298310597983136,3860.0428641183034,3736.1283203125,3844.4280226198293,3754.4083785047756,90.01964411505378,105.8289072346239,53.2597764998324,1.362204991277734
2021-09-27,3836.949951171875,1673362,-0.008873013515614203,3850.564278738839,3752.301652018229,3843.277550089375,3760.522569072709,82.75498101666608,101.21412199103234,48.409255708693415,1.3625856438888249
2021-09-28,3779.14990234375,2253075,-0.015064061184971056,3843.607107979911,3762.826652018229,3833.4117581285095,3761.9023715372305,71.50938659127905,95.2731749110817,46.2860066972679,1.406105548110699
2021-09-29,3791.89990234375,2489161,0.0033737746131987656,3839.0928083147323,3773.458317057292,3827.025318777008,3764.124410856232,62.90090792077626,88.79872151302061,51.90552671941392,1.31067868604257
2021-09-30,3775.550048828125,2252412,-0.004311784049341405,3826.607107979911,3780.8749837239584,3819.10604647718,3764.9707544097055,54.13529206747444,81.86603562391139,48.29516598241516,1.237763066029382
2021-10-01,3730.199951171875,1578374,-0.012011520724066638,3807.7571149553573,3786.52998046875,3805.428185660979,3762.3951393550515,43.033046305927655,74.09943776031464,37.38081261728777,1.0153789535025821
2021-10-04,3773.300048828125,1356860,0.011554366580995179,3794.049979073661,3793.6566487630207,3800.4853953790016,3763.202910427131,37.28248495187063,66.73604719862584,37.728888219590075,1.0545499270095902
2021-10-05,3833.300048828125,1877966,0.015901200334872412,3788.621407645089,3800.1866536458333,3805.533803601944,3768.3952910494268,37.13851255251711,60.8165402694041,36.53227870893842,1.1175259705083256
2021-10-06,3810.89990234375,1678154,-0.005843567213378753,3784.899972098214,3806.776652018229,3806.3593572545296,3771.543780774932,34.81557647959744,55.61634751144277,39.03393915441571,1.1049731718543807
2021-10-07,3892.89990234375,1647233,0.02151722745317164,3801.149972098214,3814.5733154296877,3819.673287268256,3780.533123113363,39.14016415489277,52.321110840132775,57.60193006922776,1.1722520049232303
2021-10-08,3935.64990234375,2934339,0.01098153075404329,3821.6856863839284,3823.3666422526044,3837.515843433717,3792.0232549082066,45.4925885255102,50.95540637720826,62.02678658387799,1.189398091824723
2021-10-11,3685.60009765625,11845402,-0.06353456503806165,3808.835693359375,3822.214982096354,3814.1441902371835,3784.140058074728,30.004132162455335,46.76515153425768,36.89888720120878,1.8525592263668775
2021-10-12,3652.85009765625,5752877,-0.008885934212131796,3797.785714285714,3820.5999837239583,3789.3297144555013,3774.4148758215074,14.914838633993895,40.39508895420493,35.235629361066884,1.8344315913724318
2021-10-13,3655.199951171875,3545655,0.0006432931691153776,3780.9142717633927,3816.2249837239583,3768.69436625802,3765.5841406622753,3.1102255957448506,32.938116282512915,34.79866245415319,1.77230719286424
2021-10-14,3611.449951171875,6442299,-0.011969249448576247,3749.2214006696427,3812.7749837239585,3744.5029177832284,3754.166793292616,-9.663875509387708,24.41771792413279,32.577935121940996,1.769742064618795
2021-10-18,3647.14990234375,3590107,0.009885212768985241,3725.828543526786,3806.45498046875,3729.5255307925395,3746.2396161852926,-16.714085392753077,16.19135726075562,37.29754477028849,1.7546713956336506
2021-10-19,3634.14990234375,3135441,-0.0035644271137980077,3688.8642578125,3799.5249755859377,3714.8523571850333,3737.9366744192525,-23.08431723421927,8.336222361760642,39.67677343549026,1.7546896006659454
2021-10-20,3608.85009765625,2933693,-0.0069616844014011026,3642.1785714285716,3791.4199788411456,3698.5443172575283,3728.374705770141,-29.8303885126129,0.7029001868859341,37.19662133916936,1.7312294810838136
2021-10-21,3532.5,4871211,-0.021156350524460743,3620.30712890625,3781.9733154296873,3672.999037679447,3713.865468305686,-40.86643062623898,-7.61096597573905,34.31631317181221,1.7746794736912912
2021-10-22,3498.85009765625,2691670,-0.009525803918966735,3598.30712890625,3772.7966552734374,3646.2068930604937,3697.938403813135,-51.7315107526415,-16.43507493111954,34.84243221307665,1.772190605623697
2021-10-25,3492.949951171875,2595594,-0.0016863101646815704,3575.1285574776784,3762.848323567708,3622.628902000706,3682.754073987857,-60.12517198715068,-25.17309434232577,30.690804408287903,1.769329934629102
2021-10-26,3482.60009765625,3878763,-0.002963069514395067,3556.721435546875,3750.756656901042,3601.086009024636,3667.9278535188487,-66.84184449421264,-33.50684437270314,24.072144088908686,1.7674140626363677
2021-10-27,3489.75,2510813,0.0020530357041457226,3534.2357352120534,3737.55166015625,3583.957392251615,3654.729493998934,-70.77210174731863,-40.95989584762624,25.709081427565806,1.7558956576431404
2021-10-28,3421.64990234375,2424942,-0.01951431983845553,3503.878592354911,3719.788321940104,3558.9870091888665,3637.464339061513,-78.47732987264635,-48.463382652630266,13.590324756557067,1.7809150127584785
2021-10-29,3397.75,3960501,-0.006984905827851939,3473.721435546875,3702.9366536458333,3534.1813154675024,3619.7077213532525,-85.52640588575014,-55.87598729925424,7.193976795929615,1.7813983273820968
2021-11-01,3476.39990234375,2020718,0.02314764251158863,3465.7071358816966,3691.221647135417,3525.2918672946175,3609.0923273525486,-83.8004600579311,-61.460881850989615,27.10653714212434,1.8803702525038726
2021-11-02,3484.199951171875,3087414,0.0022437144883320492,3463.6142578125,3679.9116455078124,3518.970034044965,3599.841040228054,-80.87100618308932,-65.34290671740956,30.478023359982814,1.852865109947237
2021-11-03,3492.25,1537639,0.0023104439874115368,3463.5142647879466,3667.55498046875,3514.859259576509,3591.8713335444945,-77.01207396798554,-67.67674016752477,31.383516687650925,1.8009612564853203
2021-11-04,3508.64990234375,328991,0.004696084857541694,3467.235665457589,3655.7716471354165,3513.903973848392,3585.70678308518,-71.80280923678811,-68.50195398137744,37.472561670416354,1.8121785479403356
2021-11-08,3502.75,2526082,-0.001681530647959173,3469.0928083147323,3643.55498046875,3512.187977871716,3579.5618361899815,-67.37385831826532,-68.27633484875503,31.024955631154057,1.7119729302132882
2021-11-09,3505.699951171875,1782692,0.0008421814779457915,3481.0999581473216,3631.368310546875,3511.1898199178945,3574.0905854478997,-62.900765530005174,-67.20122098500507,32.66295891353474,1.6764149346027422
2021-11-10,3484.300048828125,1516489,-0.006104316582084102,3493.4642508370534,3619.613313802083,3507.05293205793,3567.4394345871756,-60.38650252924572,-65.8382772938532,33.01047631290267,0.9792880291778137
2021-11-11,3488.199951171875,1284514,0.0011192785607145872,3495.149972098214,3609.9149820963544,3504.1524734600753,3561.5698432230793,-57.41736976300399,-64.15409578768336,42.46852355617612,0.9718680825290424
2021-11-12,3526.050048828125,1747259,0.010850896790917552,3501.1285574776784,3601.0533203125,3507.521331209006,3558.9387473419715,-51.41741613296563,-61.60675985673982,54.559167154321166,1.013807208813811
2021-11-15,3553.300048828125,1809157,0.00772819433151728,3509.8499930245534,3593.644986979167,3514.5642108427164,3558.5210659705754,-43.956855127858944,-58.07677891096365,59.44004509334873,1.0049250588039065
2021-11-16,3556.39990234375,2013204,0.0008723872099254404,3516.6714215959823,3587.8516520182293,3521.000471073645,3558.3639427389585,-37.36347166531368,-53.93411746183366,61.811770663682374,0.974405183656752
2021-11-17,3521.89990234375,1632914,-0.009700821321377173,3519.4071219308034,3579.471647135417,3521.1388451151993,3555.6629027096837,-34.524057594484475,-50.05210548836382,54.73141258998544,0.991703462657797
2021-11-18,3475.699951171875,2136598,-0.013117905804514773,3515.121407645089,3567.5516438802083,3514.1482460469956,3549.7397211142907,-35.59147506729505,-47.15997940415007,58.502462917972125,1.0186676248293123
2021-11-22,3458.39990234375,3167936,-0.004977428739869283,3511.42138671875,3555.8016438802083,3505.5715777849578,3542.973808612769,-37.40223082781131,-45.20842968888232,59.74297148433027,0.9161887712598914
2021-11-23,3464.25,2153461,0.001691561942355202,3507.9999651227677,3541.5133138020833,3499.2144119718873,3537.1424153821936,-37.928003410306246,-43.75234443316711,47.45231342595911,0.8954762307000701
2021-11-24,3443.300048828125,2161746,-0.006047470930756971,3496.178536551339,3525.1016520182293,3490.6122022574623,3530.191128970781,-39.57892671331865,-42.91766088919742,41.87202586574962,0.9038931648780847
2021-11-25,3445.89990234375,1849619,0.0007550470417208022,3480.8356584821427,3517.1116455078127,3483.733386886122,3523.9473344058156,-40.21394751969365,-42.37691821529667,40.58496689240926,0.9027663592781936
2021-11-26,3446.85009765625,1941251,0.00027574663786777975,3465.1856863839284,3510.244978841146,3478.059034696911,3518.2364279799217,-40.17739328301059,-41.937013228839454,36.60600711575053,0.9010034313579754
2021-11-29,3502.0,2981745,0.016000087262643126,3462.342843191964,3505.1383138020833,3481.7422601281555,3517.033729611039,-35.29146948288326,-40.60790447964822,49.866047368301714,0.8570896003155946
2021-11-30,3529.14990234375,5588446,0.007752684849728686,3469.9785505022323,3502.394978841146,3489.035743545939,3517.931223887536,-28.895480341596794,-38.265419652037934,53.85500205892292,0.8463387447607419
2021-12-01,3577.800048828125,2102118,0.013785230956629535,3487.035714285714,3500.083317057292,3502.691790512429,3522.3659516609127,-19.674161148483563,-34.54716795132706,64.1068237103787,0.7423213594826022
2021-12-02,3642.89990234375,3152938,0.018195497967234964,3512.55712890625,3500.3749837239584,3524.2622692557093,3531.294392452234,-7.032123196524935,-29.044159000366637,69.70198788748633,0.8314754048276893
2021-12-03,3640.449951171875,2486263,-0.0006725277217468628,3540.7214006696427,3501.4283121744793,3542.1372972428117,3539.3799893944297,2.75730784838197,-22.683865630616918,66.01343731417752,0.8340558822295621
2021-12-06,3536.39990234375,1849642,-0.028581645187741422,3553.649972098214,3501.558308919271,3541.2546211044946,3539.1592422054905,2.0953788990041176,-17.72801672469271,48.0529774203547,1.076510355307081
2021-12-07,3584.5,1484458,0.013601430546463789,3573.3142438616073,3504.4133056640626,3547.9077563191877,3542.5178168569355,5.389939462252187,-13.104425487303732,52.933204348251564,1.1141724781770785
2021-12-08,3626.89990234375,1428660,0.011828679688589805,3591.1570870535716,3508.8783040364583,3560.06039416912,3548.7683417078106,11.292052461309595,-8.225129897581068,60.78250370297572,1.1390517001348681
2021-12-09,3601.75,1567957,-0.006934269767825074,3601.5285295758927,3512.8499674479167,3566.4741796815633,3552.6929089887135,13.78127069284983,-3.8238497794948882,63.52904244542144,1.14221544104496
2021-12-10,3636.800048828125,1510718,0.009731394135663152,3609.957101004464,3517.7516357421873,3577.2935441656496,3558.9230674953365,18.37047667031311,0.6150155104667115,68.44501659662009,1.1559772640687989
2021-12-13,3609.64990234375,1883864,-0.00746539433563953,3605.207101004464,3524.018302408854,3582.271445423819,3562.680610817441,19.59083460637794,4.410179329648957,64.39888398361758,1.1559871044199366
2021-12-14,3623.800048828125,1747007,0.003920088337427741,3602.828543526786,3531.5533040364585,3588.660461332174,3567.20797659601,21.45248473616357,7.81864041095188,68.11884808388123,1.1478383790345577
2021-12-15,3570.35009765625,1603233,-0.014749696575880322,3607.6785714285716,3534.6849772135415,3585.8434823051084,3567.440726304176,18.402756000932186,9.935463528947942,61.335290193462306,1.2010022334062922
2021-12-16,3581.60009765625,2072320,0.0031509515011944877,3607.2642996651784,3537.931648763021,3585.190653897592,3568.489568626552,16.701085271039574,11.288587877366268,62.04738489047832,1.1790578958673643
2021-12-17,3584.35009765625,4333992,0.0007678132468780241,3601.1857561383927,3541.0016520182294,3585.06133755277,3569.664422628752,15.396914924017892,12.110253286696594,58.12371330666099,1.1320719613818448
2021-12-20,3556.89990234375,2312310,-0.007658346580165065,3594.7785993303573,3542.6099853515625,3580.7288090590746,3568.7189026076408,12.009906451433835,12.090183919644042,52.735874852211154,1.1418170314494391
2021-12-21,3608.300048828125,2340989,0.014450827376532471,3590.7071707589284,3546.1283203125,3584.970538254313,3571.6508393647136,13.319698889599294,12.336086913635095,52.99078021519215,1.178200746709579
2021-12-22,3630.75,1224328,0.006221752866468533,3593.7214704241073,3550.2966552734374,3592.0135323690342,3576.0285549673276,15.984977401706601,13.065865011249397,48.69985129513266,1.165388789714612
2021-12-23,3662.699951171875,1792861,0.008799821296392007,3599.2785993303573,3556.2433186848957,3602.88836603101,3582.4486583898865,20.439707641123277,14.540633537224174,52.23955491991409,1.1721182029163122
2021-12-24,3670.89990234375,2209923,0.002238772293988056,3613.6428571428573,3562.333317057292,3613.351679309893,3589.000602386469,24.35107692342399,16.50272221446414,66.77474045239963,1.170430918343312
2021-12-27,3696.10009765625,1534135,0.006864854935546116,3630.0,3568.0016520182294,3626.0822052093326,3596.9338983323787,29.14830687695394,19.0318391469621,64.76189861072538,1.1352237290385792
2021-12-28,3706.550048828125,1456218,0.0028272911706317405,3647.4571358816966,3573.1099853515625,3638.461873458378,3605.0536131839153,33.408260274462464,21.907123372462173,61.508455838518216,1.1291545024575198
2021-12-29,3694.699951171875,1456923,-0.0031970693772221948,3667.1428571428573,3577.7199869791666,3647.1138854143005,3611.694082664505,35.41980274979551,24.609659247928843,63.96690406890363,1.1035132295743584
2021-12-30,3733.75,1966475,0.010569207065309616,3685.064278738839,3584.7816569010415,3660.442518427485,3620.7352617263937,39.70725670109141,27.629178738561357,64.39491318617503,1.0555265468390822
2021-12-31,3738.35009765625,1207141,0.0012320315115501579,3700.435721261161,3593.536661783854,3672.428299847295,3629.447471795272,42.980828052022844,30.699508601253655,70.48057213632683,1.0545255412680044
2022-01-03,3817.75,2346158,0.021239290133240774,3722.5857282366073,3605.514998372396,3694.7854844861727,3643.395807217845,51.38967726832789,34.837542334668505,75.5566908093981,0.8841703293590245
2022-01-04,3884.75,2488606,0.017549603824241977,3753.1357421875,3619.5316650390623,3724.010794565223,3661.2738955720783,62.73689899314468,40.41741366636374,89.99993787778075,0.9110359848355876
2022-01-05,3860.949951171875,1733031,-0.006126532937286822,3776.685721261161,3633.453328450521,3745.0783571200927,3676.0647145053968,69.01364261469598,46.136659456030195,84.44081907852161,0.9189825339505362
2022-01-06,3807.449951171875,1810293,-0.013856693476112403,3791.0999930245534,3645.5049967447917,3754.673986974213,3685.796954258469,68.87703271574401,50.68473410797296,74.44659115776453,0.9706328248119255
2022-01-07,3853.5,2460591,0.012094722036714245,3813.785714285714,3659.059993489583,3769.8779889781804,3698.219402091175,71.65858688700519,54.87950466377941,81.22761146457522,0.9808672850023067
2022-01-10,3879.85009765625,3937092,0.006837964877708602,3834.657156808036,3671.654996744792,3786.7967749286527,3711.673527688588,75.12324724006476,58.92825317903648,80.1822654778309,0.9527188124617849
2022-01-11,3915.89990234375,1906106,0.00929154575051161,3860.021414620536,3684.546663411458,3806.6587945309752,3726.801407292674,79.85738723830127,63.114079990889444,80.76381294342494,0.961028925572017
2022-01-12,3859.89990234375,3203744,-0.014300671977463653,3866.0428292410716,3693.949991861979,3814.849734194479,3736.660555074235,78.18917912024381,66.12909981676032,70.22562588860883,0.9564776711753794
2022-01-13,3897.89990234375,6684507,0.009844814881579289,3867.92138671875,3702.449991861979,3827.6266831405205,3748.6042104275325,79.02247271298802,68.70777439600586,71.94083427802282,0.9652068249689496
2022-01-14,3968.14990234375,3348123,0.018022525400859912,3883.235665457589,3713.373323567708,3849.2456399410175,3764.8668542731784,84.37878566783911,71.84197665037252,74.18865096861751,1.0082721767171827
2022-01-17,4019.14990234375,3442604,0.012852337047518647,3913.478515625,3729.464990234375,3875.384757233746,3783.7026356117394,91.68212162200643,75.8100056446993,75.92467884926334,0.9749260386205237
2022-01-18,3990.60009765625,2389041,-0.00710344360902071,3933.0642438616073,3743.00166015625,3893.1101942218233,3799.0283735409625,94.0818206808608,79.46436865193161,73.87832605232475,0.9974752104727891
2022-01-19,3914.64990234375,3102539,-0.019032274207858357,3938.03564453125,3752.593326822917,3896.4239954713507,3807.5929312300577,88.831064241293,81.33770776980388,63.777601092440975,1.1330886454861357
2022-01-20,3826.550048828125,6176776,-0.02250516794947066,3925.2713797433034,3760.086661783854,3885.674157526239,3808.997162163248,76.67699536299097,80.40556528844131,55.95945812640483,1.2689372190752093
2022-01-21,3833.5,3112358,0.0018162446807676869,3921.4999651227677,3766.6433268229166,3877.6473640606637,3810.8121871881926,66.83517687247104,77.69148760524726,51.179687259992015,1.2689773656652719
2022-01-24,3771.35009765625,3258414,-0.016212313119538302,3903.4214215959823,3772.0333333333333,3861.2939384599845,3807.8890694450856,53.40486901489885,72.83416388717758,41.44409593511391,1.3283004197465267
2022-01-25,3769.89990234375,3330501,-0.00038452948544909216,3875.0999930245534,3776.903328450521,3847.233317519025,3805.075057067209,42.158260451816204,66.69898320010532,42.89060126052615,1.3280337701300966
2022-01-27,3649.25,5718297,-0.032003476343958615,3822.257149832589,3779.5333251953125,3816.7743455930213,3793.5324602474157,23.241885345605624,58.00756362920538,38.81978757860382,1.517817292002236
2022-01-28,3690.050048828125,3143862,0.011180392910358217,3779.3214285714284,3783.1483235677083,3797.2782999368833,3785.867096438579,11.411203498304076,48.68829160302512,38.36240598105628,1.5202247013951606
2022-01-31,3736.25,2739393,0.012520142155401759,3753.8357282366073,3788.2116536458334,3787.889330715824,3782.1917559616472,5.697574754176912,40.09014823325548,40.0567666986733,1.5476159064592512
2022-02-01,3800.64990234375,2105169,0.01723650782034114,3750.1357073102677,3796.3366536458334,3789.852495581659,3783.559026064025,6.293469517633639,33.330812490131116,42.32127090462034,1.5211833004302322
2022-02-02,3856.199951171875,1984212,0.01461593418374818,3753.3785574776784,3804.5999837239583,3800.059796441692,3788.939835331273,11.119961110418899,28.888642214188675,49.753336508247564,1.504578213671412
2022-02-03,3824.60009765625,1960538,-0.008194557833035132,3760.9857003348216,3811.0616536458333,3803.835227397778,3791.5813362442345,12.253891153543464,25.561692002059633,45.071285422735166,1.5095242068890622
2022-02-04,3814.89990234375,2307366,-0.0025362639399723053,3767.4142717633927,3816.1349853515626,3805.537485081774,3793.3086374367913,12.22884764498258,22.895123130644222,38.781930764908644,1.4771449474813196
2022-02-07,3779.0,1919149,-0.009410444117208483,3785.9499860491073,3819.738321940104,3801.4547950691936,3792.2487383673993,9.206056701794296,20.157309844874238,32.023354466976755,1.4642329121287587
2022-02-08,3743.449951171875,2946443,-0.009407263516307274,3793.578543526786,3821.316650390625,3792.530972931145,3788.634013389953,3.8969595411917908,16.90523978413775,31.691224211864665,1.4642637548765185
2022-02-09,3760.550048828125,1638721,0.0045680048830081255,3797.049979073661,3823.116650390625,3787.6108307614495,3786.5537197187064,1.057111042743145,13.735614035858829,37.493922240340474,1.4493601255286148
2022-02-10,3770.35009765625,2112459,0.002606014732121187,3792.721435546875,3825.638321940104,3784.9553333606495,3785.3534514177836,-0.3981180571340701,10.908867617260249,44.77501431114263,1.4224133825401462
2022-02-11,3694.949951171875,3851488,-0.019998181742126753,3769.685721261161,3824.3449869791666,3771.1083514854536,3778.6568958440125,-7.5485443585589564,7.217385222096408,38.57319645087127,1.4579054696689182
2022-02-14,3733.75,5951745,0.010500832038555563,3756.7071358816966,3824.191650390625,3765.3609127953837,3775.330459114826,-9.969546319442543,3.779998913788618,46.774740739499734,1.4109377885173306
2022-02-15,3817.800048828125,3931683,0.02251089355959146,3757.1214425223216,3824.193318684896,3773.4284721850363,3778.4763546491445,-5.04788246410817,2.0144226382092607,53.59880758167335,1.4825636421432355
2022-02-16,3813.10009765625,3256906,-0.0012310626831589788,3761.9928850446427,3821.8049886067706,3779.531799180608,3781.0410763533746,-1.509277172766815,1.3096826760140456,64.90765265278162,1.4786968364871318
2022-02-17,3784.199951171875,3134372,-0.007579173308914333,3767.8143136160716,3819.2466552734377,3780.2499764100335,3781.275067080671,-1.0250906706373826,0.84272800668376,58.755680641680925,1.4313691019749275
2022-02-18,3793.89990234375,3688883,0.002563276596647901,3772.5785784040177,3818.794986979167,3782.3499650152207,3782.210240063121,0.1397249520996411,0.7021273957669363,55.75175670040415,1.345833096585905
2022-02-21,3719.39990234375,7465922,-0.019636785871439688,3765.299979073661,3814.324983723958,3772.6653399888405,3777.5576224542788,-4.892282465438257,-0.4167545764741023,42.05379732025776,1.4116112458809928
2022-02-22,3586.39990234375,5408531,-0.0357584566037632,3749.7928292410716,3804.543310546875,3744.0091188126726,3763.3977913349804,-19.388672522307843,-4.21113816564085,27.085115727214628,1.577381819893577
2022-02-23,3563.800048828125,2426203,-0.006301543088057637,3725.5142647879466,3792.806648763021,3716.2846465073576,3748.61277337151,-32.32812686415218,-9.834535905343117,27.50561918892477,1.5789667798870373
2022-02-24,3401.64990234375,5039136,-0.04549922674188589,3666.0642438616073,3777.5316487630207,3667.879301251418,3722.911819962046,-55.03251871062821,-18.874132466400138,21.778339171052735,1.732242577054424
2022-02-25,3520.75,2549723,0.03501245015666954,3624.2999441964284,3764.9599853515624,3645.2440241358154,3707.936870335228,-62.69284619941254,-27.63787521300262,34.16325415998439,1.9103605699704769
2022-02-28,3554.199951171875,3288942,0.00950080271870335,3591.442801339286,3751.161653645833,3631.2372436798246,3696.5489503972017,-65.31170671737709,-35.172641513877515,38.364593521488864,1.8993008541002727
2022-03-02,3546.14990234375,2761341,-0.0022649397723025766,3556.0499441964284,3735.394986979167,3618.1468834742745,3685.40828017102,-67.26139669674558,-41.59039255045113,36.66998076809234,1.84282523759658
2022-03-03,3544.39990234375,1928039,-0.0004934929566410284,3531.0499441964284,3720.5216471354165,3606.8011940695783,3674.963215146778,-68.16202107719982,-46.90471825580087,35.80982952635853,1.7958990412550533
2022-03-04,3524.35009765625,2370257,-0.005656755795033774,3522.1856863839284,3707.511653645833,3594.1164100059896,3663.8066879252574,-69.69027791926783,-51.46183018849427,38.48543181216729,1.7937136049877307
2022-03-07,3484.89990234375,3054130,-0.011193608529054822,3510.914236886161,3696.1233154296874,3577.313870365645,3650.5543334377385,-73.24046307209346,-55.817556765214114,33.21869093639076,1.800617284349363
2022-03-08,3599.949951171875,3300992,0.033013874731595116,3539.2428152901784,3688.338313802083,3580.7963443358344,3646.8058606773043,-66.00951634146986,-57.85594868046527,35.89876091829342,1.9790213392728941
2022-03-09,3632.60009765625,2719654,0.009069611224385543,3555.2214006696427,3683.713313802083,3588.7661525389753,3645.753581935004,-56.9874293960288,-57.682244823577975,38.724393309012825,1.9868996519449276
2022-03-10,3620.949951171875,2005441,-0.003207109555464549,3564.7571149553573,3678.7483154296874,3593.717506174806,3643.91627595255,-50.19876977774402,-56.18554981441119,39.57735308861195,1.9823877731829858
2022-03-11,3599.14990234375,1623423,-0.0060205330430125326,3572.328543526786,3677.0783121744794,3594.553259431567,3640.6002482778244,-46.04698884625759,-54.15783762078047,37.755430341142755,1.98190552674269
2022-03-14,3643.0,1765688,0.012183459662987284,3586.4142717633927,3675.509977213542,3602.0066041344026,3640.7780076646523,-38.7714035302497,-51.08055080267432,45.00393383493986,1.9597458020098428
2022-03-15,3593.89990234375,3651133,-0.013477929633886943,3596.3499581473216,3670.7649739583335,3600.759419243533,3637.3055554186594,-36.54613617512632,-48.17366787716472,50.55090292846511,1.9620930316928735
2022-03-16,3655.89990234375,3090475,0.017251454321130844,3620.7785295758927,3665.939973958333,3609.2425704897205,3638.6829144501476,-29.44034396042707,-44.42700309381719,56.394927603793555,1.931184415901258
2022-03-17,3672.75,3600452,0.004609015045911935,3631.178536551339,3659.8249755859374,3619.0129442605325,3641.206402268655,-22.193458008122434,-39.98029407667824,73.58209196120939,1.936793533172388
2022-03-21,3626.699951171875,2413831,-0.012538302042917393,3630.3356584821427,3653.228304036458,3620.1955607084315,3640.13185033556,-19.936289627128644,-35.97149318676832,60.558026558373975,1.947866937664032
2022-03-22,3700.949951171875,2907611,0.020473157691473176,3641.764229910714,3649.429972330729,3632.6193130874226,3644.636894841954,-12.01758175453142,-31.180710900320943,63.52407968724126,2.0098526688464466
2022-03-23,3712.39990234375,1596195,0.0030937870878933182,3657.942801339286,3647.209969075521,3644.8932498960885,3649.6563768791243,-4.763126983035818,-25.89719411686392,65.22573420969549,1.9629174138219494
2022-03-24,3749.85009765625,1879046,0.010087866689377112,3673.207101004464,3647.423307291667,3661.0404572438056,3657.0781339737264,3.962323270079196,-19.925290639475296,67.66095460036382,1.7815658318072147
2022-03-25,3707.449951171875,1690133,-0.011307157721018313,3689.428536551339,3645.6533040364584,3668.1803793865856,3660.809379692108,7.370999694477632,-14.46603257268471,65.1572420087559,1.7978486082721994
2022-03-28,3707.699951171875,1760990,6.743179362977969e-05,3696.828543526786,3643.5649658203124,3674.2603135073996,3664.282755357276,9.977558150123514,-9.577314428123065,69.72376454823475,1.4091845783029917
2022-03-29,3705.35009765625,2689063,-0.0006337766126092159,3701.4857003348216,3643.9116373697916,3679.0433572226075,3667.3247807127555,11.718576509852028,-5.318136240528047,61.65670791471024,1.2136136281665009
2022-03-30,3731.550048828125,1583455,0.007070843639970015,3716.464285714286,3643.8383056640623,3687.1213097773025,3672.0822079805607,15.039101796741761,-1.2466886330740854,61.10174018083856,1.2075721001228215
2022-03-31,3739.949951171875,2168110,0.002251049090548296,3722.035714285714,3641.243302408854,3695.2487930687753,3677.109448216954,18.13934485182108,2.6305180639049475,63.449355213258634,1.2023919204842954
2022-04-01,3758.75,1387014,0.005026818292644286,3728.657156808036,3639.431632486979,3705.018209519733,3683.15689649718,21.861313022553077,6.476677055634574,68.16112377929795,1.2009327799139753
2022-04-04,3770.35009765625,1472994,0.003086158338875933,3731.5857282366073,3638.969970703125,3715.069269233043,3689.6156521385924,25.453617094450692,10.272065063397799,65.63919630050705,1.1835180658986237
2022-04-05,3814.800048828125,2314947,0.011789343169883892,3746.921456473214,3639.666642252604,3730.412466093825,3698.888570411891,31.523895681933936,14.522431187105028,77.44099534101117,1.1448449399825062
2022-04-06,3755.35009765625,2051729,-0.015584028103946768,3753.7286202566966,3640.864982096354,3734.2490247957367,3703.0709057633253,31.17811903241136,17.853568756166297,62.432822446154184,1.0186917952898726
2022-04-07,3684.14990234375,2494829,-0.01895966912830227,3750.700020926339,3644.1233154296874,3726.541467495431,3701.669349954468,24.87211754096279,19.257278513125595,51.25466596876421,1.1076204537616463
2022-04-08,3685.64990234375,2296773,0.00040714955682052967,3744.1428571428573,3648.1849772135415,3720.250457472095,3700.482724205526,19.76773326656894,19.359369463814264,57.19340037191578,1.103743598495825
2022-04-11,3696.39990234375,2291660,0.002916717616929354,3737.9214215959823,3658.009977213542,3716.5811412985036,3700.1802929565056,16.40084834199797,18.767665239451006,49.34295370109876,1.092093955043504
2022-04-12,3691.10009765625,4483476,-0.0014337747071521134,3728.257149832589,3663.6883138020835,3712.660980738157,3699.5076858972275,13.153294840929448,17.644791159746696,46.868597681346685,1.0633346759650775
2022-04-13,3661.949951171875,1621672,-0.007897414243218326,3712.771414620536,3667.27998046875,3704.859283881806,3696.725631473127,8.1336524086787,15.742563409533098,36.75404859118813,1.030975132176666
2022-04-18,3528.050048828125,3820792,-0.036565191804683206,3671.80712890625,3666.676652018229,3677.6578631043167,3684.2311438697934,-6.5732807654767385,11.279394574531132,28.809356824982288,1.2608578707439362
2022-04-19,3471.89990234375,3170014,-0.01591534862239996,3631.3142438616073,3664.2599853515626,3646.0027922180757,3668.5029037567533,-22.50011153867763,4.52349335188938,25.39648655519683,1.2899769122587579
2022-04-20,3556.800048828125,2640370,0.02445351216118352,3613.121407645089,3665.341650390625,3632.279293235006,3660.2286182064845,-27.94932497147829,-1.9710703127841545,36.77792752405659,1.4022286285371945
2022-04-21,3628.64990234375,2280996,0.020200700778582714,3604.9785505022323,3670.1333170572916,3631.720925405582,3657.889454068504,-26.1685286629222,-6.810561982811763,41.52945985608006,1.4000566491440358
2022-04-22,3612.550048828125,1581465,-0.004436871549726051,3593.0,3670.5533203125,3628.771559778281,3654.530979606254,-25.759419827973034,-10.600333551844018,39.64396991406854,1.3988983827208703
2022-04-25,3548.199951171875,1960694,-0.017812929035301406,3572.585693359375,3667.739982096354,3616.375927684988,3646.654607129633,-30.27867944464515,-14.536002730404245,34.06493588561516,1.418663995232483
2022-04-26,3546.300048828125,1943469,-0.0005354552646117394,3556.064278738839,3665.2516520182294,3605.5950232454707,3639.220936144336,-33.62591289886541,-18.35398476409648,32.79053186617665,1.4044994463938802
2022-04-27,3561.199951171875,1727648,0.004201534596226297,3560.799979073661,3663.9866536458335,3598.765012157225,3633.4416039241537,-34.676591766928595,-21.618506164662904,29.594453048693765,1.4109237773107666
2022-04-28,3584.300048828125,1703660,0.006486605069352613,3576.8571428571427,3662.029988606771,3596.5396331835173,3629.8014887318554,-33.26185554833819,-23.947176041397963,35.381588364043054,1.4232656953919043
2022-04-29,3546.699951171875,2051115,-0.010490220445842247,3575.4142717633927,3660.4566569010417,3588.871989797111,3623.645819282968,-34.77382948585728,-26.112506730289827,37.53740472006726,1.4213691578463103
2022-05-02,3542.39990234375,1324161,-0.0012124084042418604,3563.092843191964,3656.6733235677084,3581.7224378812093,3617.6276032133965,-35.90516533218715,-28.071038450669292,37.07713125845738,1.4174567442567534
2022-05-04,3479.75,2305825,-0.017685722693900008,3544.121407645089,3650.239990234375,3566.0343705148694,3607.4144474198115,-41.38007690494214,-30.732846141523865,32.12901614715703,1.4437601676294436
2022-05-05,3513.39990234375,1612262,0.00967020686651332,3539.149972098214,3646.4633219401044,3557.9367600270048,3600.450407043807,-42.513647016802224,-33.08900631657954,35.99683252068557,1.4674782441656182
2022-05-06,3432.60009765625,2010812,-0.022997611126931328,3522.9071219308034,3637.5183268229166,3538.6541965853503,3588.017050792877,-49.36285420752665,-36.34377589476897,33.287184452132365,1.4837854022183987
2022-05-09,3445.10009765625,2481830,0.0036415544031869196,3506.3214285714284,3628.608333333333,3524.261258288566,3577.4306098197935,-53.169351531227676,-39.70889102206071,42.65604364488385,1.4749457383452953
2022-05-10,3438.75,1622685,-0.0018432258791464262,3485.528564453125,3618.238330078125,3511.1056800903248,3567.1579720553646,-56.052291965039785,-42.97757121065653,46.78124854805109,1.4338723349168663
2022-05-11,3412.0,1841769,-0.007778989458378738,3466.285714285714,3608.389998372396,3495.858652384121,3555.6647889401524,-59.80613655603156,-46.343284279731535,34.15059236760516,1.4342895107389764
2022-05-12,3408.64990234375,2807195,-0.0009818574608001507,3447.1785714285716,3598.421663411458,3482.4419216086794,3544.774797340419,-62.33287573173948,-49.54120257013312,21.671373852859148,1.4273822786068642
2022-05-13,3414.89990234375,2187823,0.001833570527645767,3437.9142717633927,3588.739990234375,3472.050841721767,3535.154434748073,-63.103593026306044,-52.25368066136771,23.886884398802422,1.4322710933221254
2022-05-16,3376.800048828125,1195813,-0.011156945915010819,3418.4000069754466,3576.914990234375,3457.3968735842836,3523.424480235484,-66.02760665120059,-55.00846585933429,25.667228148979973,1.4390374258502583
2022-05-17,3451.60009765625,1754076,0.0221511631563982,3421.1142926897323,3567.303328450521,3456.5050619030476,3518.1041555999855,-61.59909369693787,-56.326591426855,38.86144627095312,1.333628645991434
2022-05-18,3448.800048828125,1866781,-0.0008112321094284614,3421.6428571428573,3556.9716634114584,3455.3196752761364,3512.970518061329,-57.65084278519271,-56.59144169852255,36.39226363877119,1.286723862544774
2022-05-19,3261.949951171875,4642963,-0.05417829245268657,3396.3857073102677,3540.0249918619793,3425.570486952404,3494.3764019954438,-68.80591504303993,-59.03433636742603,22.05460791883398,1.6437725041074744
2022-05-20,3293.0,3065125,0.009518861200482176,3379.3857073102677,3522.631656901042,3405.175027421265,3479.459631477263,-74.28460405599799,-62.084389905140426,27.75342222930125,1.5763326359490488
2022-05-23,3321.75,2293690,0.008730640753112695,3366.971435546875,3508.1783203125,3392.3404078179933,3467.7774365530213,-75.43702873502798,-64.75491767111794,31.44707486925654,1.6048218720771426
2022-05-24,3288.0,1711510,-0.01016030706705806,3348.8428780691966,3494.973323567708,3376.288037384456,3454.4605894009455,-78.17255201648959,-67.43844454019226,33.05346884666372,1.579230751457834
2022-05-25,3167.64990234375,3548046,-0.03660282775433399,3318.964285714286,3477.7066569010417,3344.189862762809,3433.2153533226347,-89.02549055982581,-71.75585374411898,23.503724691629657,1.739257396335839
2022-05-26,3226.949951171875,2813186,0.018720518572538314,3286.871407645089,3462.0583251953126,3326.1529532872805,3417.9364346448006,-91.78348135752003,-75.7613792667992,33.70314579203544,1.8106438226918513
2022-05-27,3261.300048828125,3103153,0.01064475686825439,3260.085693359375,3447.731656901042,3316.1755833704874,3406.333739399121,-90.15815602863358,-78.64073461916608,35.92218921556051,1.826551634494133
2022-05-30,3375.25,2094624,0.03494003908435861,3276.271414620536,3438.1749918619794,3325.263955159643,3404.031240184371,-78.76728502472815,-78.6660447002785,45.82456816284595,2.0209275307871364
2022-05-31,3364.35009765625,4840965,-0.003229361482482762,3286.464285714286,3432.718326822917,3331.2772078514286,3401.0918962933993,-69.8146884419707,-76.89577344861695,46.800088402775636,2.0208710915659203
2022-06-01,3355.199951171875,1493835,-0.0027197367154950802,3291.242850167411,3428.828328450521,3334.957629900728,3397.692492951064,-62.734863050336116,-74.06359136896079,46.438333655990775,1.9886602016373212
2022-06-02,3423.0,2657939,0.020207454045904072,3310.528564453125,3424.3683268229165,3348.502609916001,3399.5671231028373,-51.06451318683639,-69.46377573253591,50.49883567921519,2.0336251613499923
2022-06-03,3440.14990234375,1913622,0.0050101964194420034,3349.4571358816966,3418.084993489583,3362.6021933664238,3402.5732548984606,-39.971061532036856,-63.5652328924361,54.00466643393144,1.9703737160688473
2022-06-06,3430.949951171875,1084210,-0.002674287874957715,3378.5999930245534,3412.0316569010415,3373.117233028801,3404.675232400195,-31.55799937139409,-57.163786188227704,48.576539825347055,1.9697920513252278
2022-06-07,3362.699951171875,2308256,-0.01989244989618355,3393.085693359375,3405.848323567708,3371.5145742815816,3401.565952309208,-30.05137802762647,-51.74130455610746,44.55614151753657,2.019313472577871
2022-06-08,3404.14990234375,2185707,0.012326390035908519,3397.2142508370534,3401.1099853515625,3376.5353939834536,3401.7573560154706,-25.221962032017018,-46.437436051289374,61.016417640007276,2.0333740939137193
2022-06-09,3427.10009765625,1279197,0.006741828641770198,3406.178536551339,3396.639990234375,3384.314579163884,3403.63459613701,-19.320016973125803,-41.01395223565666,60.520950573517595,2.0385714965912767
2022-06-10,3359.89990234375,1527582,-0.019608471710078512,3406.8499581473216,3389.1599853515627,3380.5584750377097,3400.394989189361,-19.836514151651045,-36.77846461885554,52.82278022771268,2.0868343835793444
2022-06-13,3219.60009765625,3030921,-0.04175713823784799,3377.7928292410716,3378.256656901042,3355.7956477482544,3387.002775001723,-31.20712725346857,-35.66419714577815,45.628283476401414,2.272232999732178
2022-06-14,3210.550048828125,2611493,-0.0028109232679900398,3344.992850167411,3367.1949951171873,3333.4501709913116,3373.9322026925674,-40.48203170125589,-36.627764056873694,53.19673106373595,2.199211501386296
2022-06-15,3206.300048828125,1404536,-0.001323760706222643,3312.9000069754466,3358.0799967447915,3313.8886137354366,3361.515006110016,-47.62639237457961,-38.82748972041488,48.323736034106346,2.1989262364746676
2022-06-16,3142.0,2032028,-0.02005428308296542,3281.3714425223216,3345.7,3287.4442116222926,3345.254635287052,-57.81042366475958,-42.624076509283825,40.76482259080809,1.8957198466068292
2022-06-17,3088.89990234375,5240434,-0.01690009473464349,3236.3357282366073,3334.2433268229165,3256.8989332717474,3326.265395809771,-69.36646253802337,-47.97255371503174,25.527736581139948,1.9054537971748016
2022-06-20,3112.39990234375,1502769,0.0076078865430921905,3191.3785574776784,3323.1533203125,3234.6683131289788,3310.42350740488,-75.75519427590143,-53.52908182720568,28.921607074579157,1.9019716899145414
2022-06-21,3211.949951171875,2964461,0.03198498006414918,3170.242850167411,3315.5933186848956,3231.1731805201935,3303.129169906139,-71.95598938594549,-57.21446333895364,39.590150497435644,2.0472803600560865
2022-06-22,3222.949951171875,3336315,0.0034247108974991836,3170.7214006696427,3309.291650390625,3229.90806831276,3297.1899685184158,-67.2819002056558,-59.22795071229408,34.15445770635145,1.868441518724259
2022-06-23,3308.800048828125,3692578,0.0266371178444873,3184.7571149553573,3305.9633219401044,3242.0452960843545,3298.049974467283,-56.00467838292843,-58.58329624642096,40.61720329668988,1.9156758011752337
2022-06-24,3293.10009765625,2132118,-0.004744907803490683,3197.1571219308034,3301.903328450521,3249.8998809415693,3297.6833169257247,-47.7834359841554,-56.42332419396785,40.24348731226377,1.9075959444830661
2022-06-27,3314.699951171875,2037686,0.006559124495182589,3221.828543526786,3299.8333251953127,3259.8691225154625,3298.9438083513655,-39.07468583590298,-52.95359652235488,46.36253571637369,1.7370965372011382
2022-06-28,3318.14990234375,1400046,0.0010408034581397274,3254.578543526786,3295.3849853515626,3268.835396335199,3300.366481980431,-31.531085645231997,-48.66909434693031,43.08459637503562,1.7365268525323094
2022-06-29,3290.5,2133994,-0.008332927431705106,3280.021414620536,3290.1083170572915,3272.16841228363,3299.635631463362,-27.467219179732183,-44.42871931349069,39.098156611632085,1.7447394364334654
2022-06-30,3267.10009765625,2719603,-0.007111351570809887,3287.9000069754466,3290.279988606771,3271.3886715717254,3297.2255919220947,-25.836920350369383,-40.71035952086643,42.037081573260245,1.6770113710788208
2022-07-01,3315.10009765625,1502879,0.014691928182559932,3301.0643136160716,3291.0166585286456,3278.11350635396,3298.549629383884,-20.436123029924147,-36.65551222267798,59.73695136801418,1.712499331888237
2022-07-04,3235.050048828125,2622535,-0.024147098570181824,3290.5285993303573,3288.12666015625,3271.4883590422933,3293.845956750124,-22.35759770783079,-33.79592931970854,52.18204526735013,1.7846554954105796
2022-07-05,3216.300048828125,2170627,-0.005795891784361129,3279.5571637834823,3285.7366617838543,3262.997849778575,3288.1018154225685,-25.103965643993433,-32.05753658456552,50.86820643303661,1.7408273470843123
2022-07-06,3260.75,2182144,0.01382021282127277,3271.850027901786,3288.8399983723957,3262.6520267357173,3286.075755020897,-23.42372828517955,-30.330774924688328,60.678000333687514,1.7476403139368835
2022-07-07,3287.85009765625,1989921,0.008311001351299474,3267.521484375,3290.8700032552083,3266.5286530311837,3286.207187808701,-19.678534777517143,-28.200326895254094,68.76712278290476,1.752119770679344
2022-07-08,3265.449951171875,2136916,-0.006813007229357293,3263.9429059709823,3291.008333333333,3266.362698898982,3284.6696147244916,-18.30691582550935,-26.221644681305147,64.46734690957496,1.7069313621002038
2022-07-11,3113.800048828125,6974600,-0.04644073699225659,3242.042898995536,3282.2933349609375,3242.8915219650044,3272.0126098432793,-29.12108787827492,-26.801533320699104,41.55408868982093,1.767515548770218
2022-07-12,3084.699951171875,3734815,-0.00934552546725076,3209.128592354911,3272.9716634114584,3218.5543572275997,3258.137598089842,-39.58324086224229,-29.35787482900774,38.46282045117635,1.7760468286969526
2022-07-13,3038.75,3863530,-0.014896084513639218,3181.0857282366073,3262.423331705729,3190.8921484233533,3241.886664898002,-50.99451647464866,-33.68520315813593,25.856042313943377,1.7997157630599625
2022-07-14,2998.75,4764908,-0.013163307280954384,3150.007149832589,3248.2816650390623,3161.331817896684,3223.876541572224,-62.544723675540354,-39.45710726161681,24.779350854733025,1.770753982607719
2022-07-15,2994.60009765625,4574806,-0.0013838773968319895,3111.9857352120534,3233.4300048828127,3135.6807840135402,3206.893101282152,-71.21231726861197,-45.80814926301584,21.727615585154894,1.73652977767834
2022-07-18,3063.5,3202795,0.023008047851756697,3079.935721261161,3221.181673177083,3124.5760480114573,3196.271390076067,-71.69534206460958,-50.98558782333459,29.839285797122955,1.8111379974957507
2022-07-19,3074.25,1865074,0.0035090582666883474,3052.6214425223216,3211.5666748046874,3116.8335790866176,3187.232768588951,-70.39918950233323,-54.86830815913432,32.40868507621923,1.6455674056107876
2022-07-20,3164.800048828125,3402251,0.029454354339472966,3059.907156808036,3203.588346354167,3124.2130359699263,3185.5710856437045,-61.35804967377817,-56.166256462063096,42.4977968977886,1.7879890630873525
2022-07-21,3177.300048828125,2420640,0.0039496966023584434,3073.1357421875,3195.261678059896,3132.3802687173416,3184.9584162499577,-52.578147532616185,-55.44863467617372,39.33931313497617,1.6733344708535016
2022-07-22,3171.0,2075886,-0.001982830935482016,3092.0285993303573,3188.9650146484373,3138.3217658377507,3183.924459490702,-45.602693652951075,-53.479446471529194,44.406598256412664,1.6719948319532614
2022-07-25,3166.75,1797504,-0.0013402712078208756,3116.0285993303573,3187.2033447265626,3142.6953403242505,3182.652277306205,-39.95693698195464,-50.774944573614285,45.560429666462944,1.6606164087535495
2022-07-26,3115.89990234375,2639367,-0.016057503009789253,3133.3571428571427,3184.04833984375,3138.5729652503273,3177.707656938616,-39.13469168828851,-48.446893996549136,37.168921291979025,1.6871345812707244
2022-07-27,3188.85009765625,1389808,0.023412239673561874,3151.2642996651784,3183.4666748046875,3146.3079086973926,3178.5330229177,-32.225114220307205,-45.202538041300755,41.88923869605046,1.7810689086347833
2022-07-28,3260.5,2106333,0.02246888381376455,3177.8714425223216,3187.4166748046873,3163.8759227439477,3184.604650849722,-20.72872810577428,-40.307776054195465,49.62474787313942,1.852664681046573
2022-07-29,3301.89990234375,2430257,0.01269740909178041,3197.4571358816966,3194.5166748046877,3185.1103811439175,3193.2931879974276,-8.182806853510101,-33.882782214058395,67.12177651512289,1.844896217999064
2022-08-01,3298.800048828125,1306913,-0.000938809051547751,3214.814278738839,3200.730013020833,3202.60109924918,3201.1085110219237,1.4925882272564195,-26.807708125795433,70.45673395426782,1.7561162303010605
2022-08-02,3291.800048828125,1269114,-0.0021219837202581804,3232.0714285714284,3203.3916829427085,3216.324014569018,3207.826402711272,8.497611857746051,-19.746644129087137,76.122651528784,1.7504094536457109
2022-08-03,3339.5,2895824,0.014490537233224687,3256.75,3207.2766845703127,3235.2741661737846,3217.5800025104368,17.69416366334781,-12.25848257060015,84.62555992847206,1.7529937416041568
2022-08-04,3354.949951171875,2150567,0.004626426462606581,3290.9000069754466,3208.8150146484377,3253.68582540426,3227.7555542631358,25.930271141124194,-4.6207318282552805,85.79516821141173,1.7472096123455114
2022-08-05,3365.050048828125,1106933,0.00301050620821397,3316.0714285714284,3211.213346354167,3270.8187828540854,3237.9255168235054,32.89326603057998,2.882067743511772,83.91632164061603,1.7374066078860089
2022-08-08,3374.449951171875,1068836,0.002793391541687118,3332.3499930245534,3213.205013020833,3286.762039518361,3248.0384378863478,38.723601632013015,10.05037452121202,83.86732674249055,1.3184738300925254
2022-08-10,3354.25,1878359,-0.00598614632433947,3339.8285784040177,3214.408349609375,3297.144802669382,3255.9059610058775,41.238841663504445,16.288067949670506,75.40566254559836,1.3024731797925726
2022-08-11,3422.5,1449248,0.020347320563464333,3357.5,3218.808349609375,3316.430217643323,3268.2462601906273,48.18395745269572,22.667245850275552,78.60476376282008,1.2673507311979524
2022-08-12,3401.550048828125,1472354,-0.0061212421247260895,3373.1785714285716,3223.2900146484376,3329.525576287139,3278.120614904516,51.40496138262279,28.414788956745,76.00678802192833,1.2200931928374115
2022-08-16,3392.699951171875,839942,-0.0026017837542325895,3380.778564453125,3225.876676432292,3339.2447108847905,3286.6079731465425,52.63673773824803,33.25917871304561,75.22608296041251,1.224474363487519
2022-08-17,3401.10009765625,1622326,0.0024759473591153824,3387.3714425223216,3231.4116780598956,3348.760924234246,3295.088871258373,53.67205297587316,37.34175356561112,85.17516823063646,1.1617579226801673
2022-08-18,3381.25,1430659,-0.005836375609741373,3389.685721261161,3236.910009765625,3353.7592435828237,3301.471177091086,52.288066491737936,40.33101615083649,77.30627434131196,1.1878594085467016
2022-08-19,3385.75,1398410,0.0013308687615527504,3391.3000139508927,3241.0766764322916,3358.6808984162353,3307.7140528621167,50.96684555411866,42.458182031492925,71.96213271870778,1.038128527733884
2022-08-22,3354.550048828125,1536532,-0.009215078246141872,3391.3428780691966,3243.300008138021,3358.0453830949878,3311.1833858966356,46.86199719835213,43.33894506486477,59.57449642379872,1.0757211497793868
2022-08-23,3284.60009765625,1849256,-0.020852260408608658,3371.642892020089,3243.9383463541667,3346.746108412105,3309.214253434385,37.531854977720286,42.17752704743587,47.92276928857089,1.1956831545819886
2022-08-24,3255.35009765625,1691923,-0.008905193670569411,3350.7571847098216,3248.6566813151044,3332.685183680435,3305.2243159693376,27.460867711097308,39.234195180168165,44.993826907974984,1.2179943380490674
2022-08-25,3218.199951171875,1946930,-0.011412028006180353,3325.82861328125,3253.106681315104,3315.07207098681,3298.778066725081,16.294004261729242,34.64615699648038,32.84300352846843,1.1868803659763705
2022-08-26,3222.199951171875,1457962,0.001242930849757684,3300.2714494977677,3259.2216796875,3300.784052553743,3293.10561372114,7.678438832603206,29.252613363704945,30.59495888048717,1.0711447952183812
2022-08-29,3132.550048828125,2539173,-0.02782257578743541,3264.7428850446427,3263.681681315104,3274.9018981344175,3281.21260891425,-6.310710779832334,22.13994853499749,22.42647697515858,1.1193400909049296
2022-08-30,3211.14990234375,3431525,0.025091332074655526,3239.8000139508927,3270.900008138021,3265.0938987820073,3276.0227787979165,-10.928880015909272,15.52618282481614,33.36389236125447,1.2331620992612968
2022-09-01,3131.699951171875,3546935,-0.024741900436938913,3207.964285714286,3273.17333984375,3244.571752995833,3265.332198973765,-20.76044597793225,8.268857064266461,29.770018264495633,1.339561862939207
2022-09-02,3130.39990234375,2052900,-0.0004151256021952543,3185.9356863839284,3275.0450032552085,3227.0068528955126,3255.3372140382085,-28.330361142695892,0.9490134228739908,19.768159945178297,1.3403657968713452
2022-09-05,3133.39990234375,2147912,0.0009583440114964148,3168.514229910714,3273.998331705729,3212.605783579857,3246.30482057936,-33.69903699950282,-5.980596661601372,21.175958073853636,1.283428362785013
2022-09-06,3127.050048828125,1936453,-0.002026505940360579,3155.4928152901784,3272.3233317057293,3199.4433628488214,3237.471133782972,-38.027770934150794,-12.390031516111257,21.29039679917932,1.270904737848695
2022-09-07,3149.60009765625,1291534,0.007211284909423021,3145.121407645089,3271.610001627604,3191.7751682038106,3230.9621681439558,-39.18699994014514,-17.749425200918036,23.62624758573088,1.2855038466022985
2022-09-08,3169.64990234375,1346113,0.006365825522554491,3150.42138671875,3271.7066650390625,3188.3712811484165,3226.420518825422,-38.049237677005294,-21.809387696135488,27.819673557547134,1.2967383408783868
2022-09-09,3217.64990234375,1561185,0.015143628311917734,3151.3499581473216,3275.0983317057294,3192.8756844092372,3225.770843530483,-32.8951591212458,-24.02654198115755,33.852040792395385,1.3562305010244298
2022-09-12,3242.949951171875,1785928,0.007862896709084577,3167.2428152901784,3276.90166015625,3200.5794177573352,3227.043370022438,-26.463952265102762,-24.514024037946594,39.15660878641236,1.274267303844965
2022-09-13,3229.35009765625,1972678,-0.004193667407882962,3181.3785574776784,3275.863330078125,3205.0056762033223,3227.2142387360536,-22.20856253273132,-24.052931736903542,43.971624782231125,1.2722017648660133
2022-09-14,3120.39990234375,5090269,-0.033737498883001926,3179.521414620536,3269.813330078125,3191.9894033018495,3219.302065669957,-27.31266236810734,-24.704877863144304,37.456987749166984,1.4512041111697378
2022-09-15,3104.35009765625,2138023,-0.00514350890584403,3176.278564453125,3263.3316650390625,3178.5064332025263,3210.787105076349,-32.280671873822484,-26.22003666527994,38.986166843409244,1.4430833828681757
2022-09-16,3008.699951171875,5322221,-0.030811649290648613,3156.149972098214,3253.8949951171876,3152.3823590439647,3195.81768626861,-43.435327224645334,-29.66309477715302,32.45684705670888,1.5590686070102973
2022-09-19,3028.800048828125,2072220,0.00668065875044177,3136.028564453125,3243.538330078125,3133.3696959338354,3183.4460094211668,-50.07631348733139,-33.7457385191887,40.37479762522775,1.5762671291444326
2022-09-20,3040.300048828125,1544295,0.0037968831928834046,3110.69287109375,3233.05,3119.0512886868028,3172.842604932793,-53.7913162459904,-37.75485406454904,31.895739477010622,1.5866670761841055
2022-09-21,3001.199951171875,2253818,-0.012860604883824234,3076.157156808036,3220.921663411458,3100.9203136845063,3160.1283342838365,-59.20802059933021,-42.04548737150528,34.87833140208575,1.5537976036236834
2022-09-22,3007.39990234375,2017983,0.0020658240946105355,3044.4499860491073,3208.686661783854,3086.5325580936205,3148.8151171030895,-62.28255900946897,-46.09290169909802,35.907421227707616,1.556366581779987
2022-09-23,2982.050048828125,2652374,-0.008429159519447116,3024.685721261161,3196.279996744792,3070.4583258989287,3136.4621490827217,-66.00382318379297,-50.07508599603702,33.504094380159216,1.550142576172495
2022-09-26,2994.39990234375,2925489,0.004141397130634328,3008.9785505022323,3182.0099934895834,3058.7570299673625,3125.9390196946497,-67.18198972728715,-53.49646674228705,35.72886324177945,1.5563377876341473
2022-09-27,3017.449951171875,2227447,0.007697718935297582,3010.2285505022323,3169.2066569010417,3052.402094768057,3117.9027923966664,-65.50069762860949,-55.89731291955154,35.79793489195099,1.4646612548383082
2022-09-28,3035.64990234375,2739767,0.006031566874806549,3011.207101004464,3157.3049886067706,3049.824834395087,3111.80998572608,-61.985151330993176,-57.11488060183987,35.54164563670983,1.337164820785149
2022-09-29,2997.300048828125,2493902,-0.012633160854951031,3005.0642438616073,3143.8449869791666,3041.744098154016,3103.3277681780833,-61.58367002406749,-58.0086384862854,25.719011341582373,1.2572313923942429
2022-09-30,3004.550048828125,2817353,0.002418843586525332,3005.5428292410716,3131.288321940104,3036.0219367192635,3096.0109000780863,-59.98896335882273,-58.40470346079287,22.641718769086637,1.2608396549801215
2022-10-03,2984.949951171875,1763331,-0.006523471846939133,3002.335693359375,3117.9283203125,3028.1647081735114,3087.784163122071,-59.61945494855945,-58.64765375834619,22.334143819129196,1.2627822424141684
2022-10-04,3091.14990234375,2145875,0.03557846962565714,3017.92138671875,3109.1483154296875,3037.854738045856,3088.0334771384914,-50.178739092635624,-56.95387082520408,46.66818321877618,1.5213079650115318
2022-10-06,3101.949951171875,1790816,0.0034938612391253177,3033.2856794084823,3103.0599772135415,3047.715540065243,3089.06432706689,-41.348787001647,-53.832854060492664,49.723294125594244,1.5136849952398508
2022-10-07,3064.89990234375,1939879,-0.011944115608354067,3040.0642438616073,3096.711637369792,3050.3592881080904,3087.2743696799907,-36.91508157190037,-50.44929956277421,57.49133206066874,1.5243345175384502
2022-10-10,3118.550048828125,3064063,0.017504697769525235,3051.9071219308034,3093.3899739583335,3060.850174372711,3089.5910866539266,-28.740912281215515,-46.10762210646247,60.98128244803833,1.538803981736332
2022-10-11,3069.550048828125,4730645,-0.01571243021044766,3062.2285505022323,3088.3016438802083,3062.1886165966207,3088.1065653334967,-25.917948736876042,-42.06968743254519,53.27804621791258,1.553930705595718
2022-10-12,3100.75,1665247,0.010164340269931849,3075.9714006696427,3087.2416422526044,3068.1211371202176,3089.043116049534,-20.921978929316538,-37.84014573189946,61.35768445927766,1.5792809864716584
2022-10-13,3103.300048828125,2054781,0.0008223974290493263,3092.8785574776784,3083.6466471354165,3073.5332773829728,3090.0991851442445,-16.565907761271774,-33.585298137773925,61.03315448781291,1.390508191784726
2022-10-14,3099.14990234375,2245977,-0.0013373332965151974,3094.021414620536,3082.5616455078125,3077.474296607708,3090.769608640504,-13.295312032796119,-29.527300916778366,64.1630154840851,1.3859590631058287
2022-10-17,3111.75,1517005,0.0040656625375625755,3095.4214215959823,3081.939982096354,3082.747481744984,3092.3237117041704,-9.576229959186549,-25.537086725260004,64.18469561686396,1.1822197100643608
2022-10-18,3144.699951171875,1793722,0.01058888123142121,3106.8214285714284,3082.316650390625,3092.2786308875825,3096.203433146223,-3.924802258640284,-21.214629831936062,65.02182882557805,1.1939683151142766
2022-10-19,3121.85009765625,1194289,-0.007266147445040061,3107.2928641183034,3082.143318684896,3096.8280873135313,3098.1031860728913,-1.2750987593599348,-17.226723617420838,60.0654082198154,1.2104575820387748
2022-10-20,3157.300048828125,1587601,0.011355430293878976,3119.8285784040177,3082.3999837239585,3106.1314660080843,3102.4881388695753,3.643327138508994,-13.052713466234872,68.81023862964473,1.1811325479212507
2022-10-21,3137.39990234375,1021913,-0.006302900002095546,3125.064278738839,3081.324983723958,3110.94199467511,3105.074195423218,5.867799251891938,-9.26861092260951,65.16722459298322,1.1978456489570524
2022-10-24,3161.699951171875,260949,0.00774528258573981,3133.4071219308034,3079.4599853515624,3118.7509110592277,3109.2686958490444,9.482215210183313,-5.518445696050946,69.96496600290331,1.1768238203858292
2022-10-25,3162.10009765625,2069643,0.00012656054987969512,3142.4000069754466,3076.764990234375,3125.420016689539,3113.1821330199487,12.237883669590246,-1.967179822922707,60.531404467508374,1.1781878437165656
2022-10-27,3157.39990234375,2438421,-0.0014864157260497946,3148.9214215959823,3074.366650390625,3130.339999097879,3116.45752334023,13.88247575764899,1.2027512931916324,58.382438153023976,1.1759639370183677
2022-10-28,3163.25,1355739,0.0018528212571069513,3151.5714285714284,3075.794986979167,3135.4030761597437,3119.9236327224353,15.479443437308419,4.05808972201499,66.41626458890266,1.172757404659083
2022-10-31,3193.14990234375,1919414,0.009452272929344918,3161.7571149553573,3078.75498046875,3144.2872032649752,3125.3478008425327,18.939402422442527,7.034352262100498,63.524240071737196,1.1296613994504359
2022-11-01,3259.699951171875,2991060,0.0208415047409074,3176.385672433036,3087.121647135417,3162.0430106352674,3135.2998119780395,26.743198657227822,10.976121541125963,82.41000895499532,1.1958700280675716
2022-11-02,3241.699951171875,1405955,-0.005521980633072965,3191.2856794084823,3094.218310546875,3174.2979245639763,3143.1813037701754,31.11662079380085,15.004221391660941,75.15610062597113,1.191366277763211
2022-11-03,3206.75,1422652,-0.010781365239938556,3197.7214006696427,3099.766642252604,3179.290551554134,3147.890096083496,31.400455470638008,18.283468207456355,66.54931585282694,0.9812022145900325
2022-11-04,3217.39990234375,1464013,0.003321089060185578,3205.6213727678573,3106.9733072916665,3185.15352859869,3153.0389706212923,32.11455797739791,21.04968616144467,68.53156110588218,0.9810605283774957
2022-11-07,3233.699951171875,1474498,0.005066217853817667,3216.5213797433034,3114.516642252604,3192.622208994565,3159.0138580694834,33.608350925081595,23.561419114172054,68.89230967068461,0.9272142404214136
2022-11-09,3216.050048828125,1162267,-0.005458113804700293,3224.0642438616073,3122.316642252604,3196.226492045882,3163.238761088642,32.98773095723982,25.446681482785607,61.603521276629536,0.8752852085807715
2022-11-10,3205.64990234375,1573092,-0.0032338260681498143,3225.8499581473216,3129.3583089192707,3197.676247476323,3166.380327107539,31.29592036878421,26.616529259985327,64.20333321747017,0.7854181315024433
2022-11-11,3315.949951171875,3265394,0.03440801465795795,3233.885672433036,3139.308308919271,3215.8722018910235,3177.459558519712,38.41264337131133,28.97575208225053,71.44783709637812,1.0554564900436572
2022-11-14,3335.5,1342074,0.005895761129089294,3247.2856794084823,3149.3033121744793,3234.276478523174,3189.166257888622,45.11022063455175,32.202645792710776,76.80647305470725,1.0549993470997732
2022-11-15,3332.60009765625,1400708,-0.0008694055894917785,3265.2642647879466,3160.47998046875,3249.4031891590316,3199.7909867602984,49.61220239873319,35.68455711391526,74.54754074675678,1.053882536218277
2022-11-16,3355.35009765625,1748235,0.0068265016303634685,3284.971435546875,3172.1733154296876,3265.702713543219,3211.3138838637024,54.388829679516675,39.425411627035544,76.08312837262517,1.0562061077297342
2022-11-17,3349.0,1417986,-0.0018925290868113676,3301.44287109375,3184.308317057292,3278.517680690416,3221.512855429354,57.0048252610618,42.941294353840796,75.74577363229453,1.051017410984204
2022-11-18,3343.449951171875,1164540,-0.0016572256877053215,3319.6428571428573,3192.7183186848956,3288.5072607644865,3230.545232891763,57.96202787272341,45.94544105761732,74.23344909983827,1.0288590134679845
2022-11-21,3283.5,1304194,-0.017930566345359167,3330.7642996651784,3198.769986979167,3287.7369129545655,3234.467808233114,53.26910472145164,47.41017379038419,61.24176629335265,1.1156800957017896
2022-11-22,3314.949951171875,1149739,0.00957817912954928,3330.6214425223216,3207.104988606771,3291.923534218767,3240.4294484508,51.494085767967135,48.22695618590078,57.53237900477165,1.1098250741596574
2022-11-23,3308.300048828125,1150011,-0.002006034010075819,3326.7357352120534,3213.4299886067706,3294.442998004822,3245.456900330602,48.98609767422022,48.37878448356467,59.36974056788471,1.1084402745747277
2022-11-24,3380.14990234375,1296591,0.021718058354796455,3333.528564453125,3223.7833170572917,3307.6286755954266,3255.4341597389835,52.194515856443104,49.14193075814036,72.10043189823631,1.1881643757821347
2022-11-25,3389.64990234375,1588981,0.002810526241280753,3338.428536551339,3233.4133138020834,3320.2473258643995,3265.376066598596,54.871259265803474,50.28779645967299,72.01841275785662,1.1827243550251825
2022-11-28,3395.25,2195437,0.0016521168314100887,3345.0356794084823,3243.144978841146,3331.786198808338,3274.996357961663,56.78984084667536,51.58820533707347,71.2314455988906,1.1828907808053788
2022-11-29,3397.35009765625,1576028,0.0006185399178999518,3352.7357003348216,3253.0849853515624,3341.872952477248,3284.0595979390396,57.81335453820839,52.83323517730045,74.84241929947927,1.176406221128713
2022-11-30,3390.800048828125,3410702,-0.0019279875902821209,3368.064278738839,3262.386653645833,3349.4001980696908,3291.966298004898,57.43390006479285,53.753368154798935,75.64050982479083,1.104350688794336
2022-12-01,3475.64990234375,2180856,0.02502354969145104,3391.021414620536,3273.418318684896,3368.823229496469,3305.572490918887,63.25073857758207,55.652842239355564,73.79320930848374,1.201357237851471
2022-12-02,3439.14990234375,2411749,-0.010501633083178752,3409.7142508370534,3283.994978841146,3379.64271762682,3315.4671139873954,64.17560363942448,57.35739451936935,64.70003684098268,1.1996149463446915
2022-12-05,3425.89990234375,1475065,-0.00385269626978757,3416.2499651227677,3292.948307291667,3386.7592075832704,3323.6473205323105,63.11188705095992,58.50829302568747,62.85475748063491,1.2110750596784585
2022-12-06,3385.35009765625,1166999,-0.01183624911508907,3415.6357073102677,3301.213313802083,3386.5424214406517,3328.217896615565,58.32452482508643,58.47153938556727,53.940113355214294,1.255620777933176
2022-12-07,3380.60009765625,1167505,-0.0014031045129685449,3413.5428641183034,3308.5099853515626,3385.628217781513,3332.098059655616,53.53015812589683,57.48326313363319,54.1677829355123,1.2455516045701998
2022-12-08,3350.550048828125,1285619,-0.008888968810288556,3406.8571428571427,3314.791650390625,3380.2315764040686,3333.4648736683944,46.766702735674244,55.3399510540414,50.87959669575064,1.2656792562185557
2022-12-09,3292.75,1797896,-0.01725091342788354,3392.8499930245534,3319.3033203125,3366.772872341904,3330.448957100365,36.323915241539,51.53674389154092,51.15207457347577,1.0907168469994581
2022-12-12,3286.449951171875,1527610,-0.0019133091877989727,3365.8214285714284,3323.4099853515627,3354.415499854207,3327.1897714760325,27.22572837817461,46.67454078886766,46.213125858028555,1.0813269385907491
2022-12-13,3332.10009765625,1378016,0.01389041280488601,3350.5285993303573,3328.0416585286457,3350.9823610545213,3327.553499341234,23.42886171328746,42.02540497375162,52.86540404886574,1.1293057469530328
2022-12-14,3365.35009765625,1213311,0.009978691823630204,3341.8786272321427,3331.563330078125,3353.192782070172,3330.3532473645682,22.83953470560391,38.18823092012208,48.035599015920006,1.1413918240367409
2022-12-15,3305.10009765625,1415694,-0.01790304076891147,3330.4143415178573,3333.6766682942707,3345.7939075449535,3328.4826436824706,17.311263862482974,34.01283750859426,40.10998174586312,1.2109439634687025
2022-12-16,3240.25,2703680,-0.019621220459325017,3310.364327566964,3334.7933349609375,3329.5563833072683,3321.946892298584,7.609491008684472,28.732168208612304,34.07643951113707,1.2837121729948897
2022-12-19,3202.050048828125,2120965,-0.011789198725985606,3289.1500418526784,3334.281673177083,3309.940024156631,3313.0656446341054,-3.125620477474513,22.360610471394942,31.321726225361203,1.249192696855614
2022-12-20,3243.949951171875,1529971,0.013085336489067068,3282.1786063058034,3334.62333984375,3299.787705235899,3307.9459636369033,-8.158258401004332,16.256836696915087,36.844923107609105,1.2674199784726201
2022-12-21,3268.550048828125,1432566,0.007583377680461245,3279.6214773995534,3336.37333984375,3294.9819119423955,3305.027747725142,-10.045835782746508,10.996302200982768,29.202671963652037,1.281497521501588
2022-12-22,3259.699951171875,1384101,-0.002707652483223577,3269.2785993303573,3338.175008138021,3289.5539179777,3301.670133165641,-12.116215187940725,6.37379872319807,30.919738648959452,1.1698763038624282
2022-12-23,3228.35009765625,1360281,-0.009617404664608697,3249.7071707589284,3335.2550130208333,3280.137945620554,3296.2390194242043,-16.10107380365025,1.878824217828406,29.773751900981964,1.1773728437104831
2022-12-26,3252.89990234375,870157,0.007604443119512583,3242.25,3332.501676432292,3275.9474774241226,3293.0287144552817,-17.081237031159162,-1.9131880319691075,35.97965831173704,1.1954568447249272
2022-12-27,3259.5,835883,0.0020289888574482884,3245.0,3330.065006510417,3273.41709628195,3290.5451059771126,-17.128009695162746,-4.956152364607836,37.23112106939934,1.1975414545254248
2022-12-28,3257.10009765625,910795,-0.0007362792893849113,3252.8642926897323,3326.790006510417,3270.906788801073,3288.067697953345,-17.16090915227187,-7.397103722140643,39.53645269806662,1.1978760868452298
2022-12-29,3268.75,1037927,0.0035767713593244377,3256.407156808036,3324.1150065104166,3270.5749751393696,3286.6367573642083,-16.06178222483868,-9.13003942268025,47.0029962720376,1.0276876030422295
2022-12-30,3256.699951171875,1163131,-0.0036864394120459387,3254.714285714286,3321.22333984375,3268.4403560674473,3284.419216164776,-15.978860097328834,-10.499803557609967,46.337559134161665,1.0127425743796385
2023-01-02,3261.449951171875,709547,0.0014585316643280777,3254.964285714286,3320.4883382161456,3267.364909160436,3282.717789128265,-15.352879967828812,-11.470418839653737,40.32851557721834,1.0164429423584624
2023-01-03,3311.35009765625,1245178,0.015299988419704258,3266.8214285714284,3320.368343098958,3274.131861236715,3284.838700871079,-10.70683963436386,-11.317702998595763,42.9300846021958,1.0639609279519966
2023-01-04,3314.64990234375,1231668,0.000996513382814923,3275.6428571428573,3320.5800048828123,3280.3654060224126,3287.0469380172026,-6.681531994790021,-10.390468797834615,51.469428111621845,1.0648950256613225
2023-01-05,3311.10009765625,1826057,-0.0010709440791891733,3283.0142996651784,3318.2783447265624,3285.093820119926,3288.828653546021,-3.734833426095065,-9.059341723486705,63.4364223619049,1.0483646877854085
2023-01-06,3211.550048828125,2488376,-0.030065550992732337,3276.507149832589,3312.3416829427083,3273.7793937673414,3283.1043124558064,-9.324918688465004,-9.112457116482366,51.46154065736277,1.1859997998747687
2023-01-09,3319.949951171875,2885060,0.033753141223286987,3283.8214285714284,3309.831681315104,3280.882556444962,3285.833619027367,-4.951062582405029,-8.280178209666898,59.70627008784085,1.4195517833999323
2023-01-10,3286.39990234375,3864655,-0.01010558873524059,3288.064278738839,3306.133341471354,3281.7313788909296,3285.875565939692,-4.144187048762433,-7.452979977486006,52.2287273638447,1.4026415404666355
2023-01-11,3328.699951171875,2720512,0.01287124211449675,3297.6714215959823,3304.063338216146,3288.957313087998,3289.0477426235575,-0.09042953555945132,-5.9804698891006955,57.951151553071824,1.4155518704146413
2023-01-12,3334.35009765625,2250391,0.0016974033608483374,3300.9571358816966,3299.3533447265627,3295.940818406191,3292.4034726259792,3.537345780211581,-4.07690675523824,62.98384077378638,1.3549281390306418
2023-01-13,3374.550048828125,1742837,0.012056307824463985,3309.5142996651784,3297.200016276042,3308.0345461634115,3298.488404196509,9.546141966902724,-1.3522970108100476,64.35061796947045,1.2906198815123662
2023-01-16,3334.050048828125,1843607,-0.012001600039704408,3312.7928641183034,3294.1383544921873,3312.036931188752,3301.122600095147,10.914331093605142,1.1010286100729905,58.1431008836002,1.29183210670683
2023-01-17,3378.39990234375,1688475,0.013302095909212053,3336.6285574776784,3293.9066813151044,3322.2466190587515,3306.8468447061546,15.399774352596978,3.9607777585777884,62.13726994239705,1.2928108715381215
2023-01-18,3390.0,2421189,0.003433607030417729,3346.6357073102677,3294.220011393229,3332.6702161266358,3313.006337690884,19.66387843575194,7.101397894012619,62.13349581689523,1.2868837194644183
2023-01-19,3373.10009765625,1585044,-0.004985221930309702,3359.0214494977677,3294.9716796875,3338.8901979004227,3317.457727317948,21.432470582474707,9.967612431705037,61.53619453056985,1.2921766302828719
2023-01-20,3363.10009765625,1529349,-0.002964631855114086,3363.9357561383927,3297.316682942708,3342.614797862858,3320.838643639304,21.77615422355393,12.329320790074817,59.97059295428258,1.2696304602698336
2023-01-23,3414.89990234375,1067916,0.015402397544931556,3375.44287109375,3301.598347981771,3353.7355831676105,3327.8061442840776,25.92943888353284,15.049344408766423,60.1192146264093,1.2989835034667232
2023-01-24,3436.300048828125,1387863,0.0062666980281580464,3384.2642996651784,3305.0716796875,3366.4378086538436,3335.842729805859,30.595078847984496,18.158491296610038,61.481850169711805,1.3016059378458054
2023-01-25,3429.75,874110,-0.0019061341370230078,3397.935721261161,3307.2183430989585,3376.1781457840216,3342.798823894314,33.379321889707626,21.202657415229556,61.13560791588456,1.3035047032936664
2023-01-27,3411.050048828125,1785879,-0.005452278204497452,3402.600027901786,3310.750008138021,3381.543053944653,3347.854470185707,33.6885837589457,23.699842683972786,72.07347235143291,1.315763751502366
2023-01-30,3433.64990234375,1953798,0.00662548282555675,3408.8357282366073,3317.196671549479,3389.5594921598986,3354.2096873825994,35.34980477729914,26.02983510263806,65.528543658243,1.3116189547130224
2023-01-31,3358.699951171875,2820375,-0.021828070217850493,3406.778564453125,3322.4183349609375,3384.8118704694334,3354.5422995151384,30.269570954294977,26.877782272969444,58.87117695023542,1.422201723638094
2023-02-01,3408.35009765625,2205161,0.01478254896423592,3413.242850167411,3327.89833984375,3388.433136190482,3358.528062340406,29.90507385007595,27.483240588390746,59.59987641424767,1.4196165723890606
2023-02-02,3460.39990234375,1813847,0.015271261224981458,3419.742850167411,3334.2933349609375,3399.504946367908,3366.074124562876,33.43082180503188,28.672756831718974,63.66394993219632,1.45224770446567
2023-02-03,3482.300048828125,1804469,0.006328790631840553,3426.314278738839,3341.713338216146,3412.2426544387104,3374.6834522862277,37.55920215248261,30.450045895871703,62.16278036643991,1.4527566735683117
2023-02-06,3459.949951171875,1138714,-0.0064181998514950545,3430.6285574776784,3349.4333333333334,3419.582238551505,3380.9994892407203,38.58274931078449,32.07658657885426,64.81873354866147,1.2555443333760963
2023-02-07,3472.550048828125,1455647,0.003641699398565734,3439.4142717633927,3356.7550048828125,3427.731132440216,3387.781012173121,39.95012026709492,33.6512933165024,61.976864875743274,1.0394919376099763
2023-02-08,3520.10009765625,1986946,0.013693121239295447,3451.7642996651784,3365.4416748046874,3441.941742473452,3397.582425912612,44.35931656083994,35.79289796536991,65.16318154501748,1.0261260547698028
2023-02-09,3540.85009765625,1655427,0.005894718736497273,3477.7857491629466,3374.900008138021,3457.1584125015747,3408.1948460417702,48.9635664598045,38.42703166425683,69.37737809328387,1.0041830385456982
2023-02-10,3537.550048828125,1187821,-0.0009319933736560149,3496.2428850446427,3383.860009765625,3469.5263565518135,3417.7767129148338,51.74964363697973,41.091554058801414,70.46813225468073,1.0078882737763288
2023-02-13,3482.39990234375,1087939,-0.01558992684856697,3499.3857421875,3391.383341471354,3471.506902058265,3422.563615835494,48.943286222770894,42.66190049159531,57.8579654554198,1.0652474016670126
2023-02-14,3500.10009765625,1579818,0.005082757813250405,3501.9286063058034,3399.338346354167,3475.905855227186,3428.307058933328,47.59879629385796,43.649279652047845,57.491776461960725,1.017633214746012
2023-02-15,3520.64990234375,1429449,0.005871204855329992,3510.600027901786,3406.315006510417,3482.78955478358,3435.147269556322,47.64228522725807,44.44788076708989,60.3342248512564,0.9892194670069221
2023-02-16,3558.050048828125,1618931,0.010623080261254358,3522.8143136160716,3414.4283447265625,3494.368092328895,3444.251179132011,50.116913196883615,45.58168725304864,66.0305172793871,1.0071790061821295
2023-02-17,3501.14990234375,1061369,-0.015991946629057563,3520.1071428571427,3420.7633382161457,3495.4114477157955,3448.4658993699177,46.945548345877796,45.854459471614476,56.848609272573064,1.077666076184359
2023-02-20,3487.300048828125,1296082,-0.003955801351536947,3512.4571358816966,3429.9550048828123,3494.1635401946155,3451.3425030334884,42.82103716112715,45.247775009517014,64.89459045856742,1.080255397721848
2023-02-21,3451.0,1139541,-0.010409212949807234,3500.092843191964,3434.32333984375,3487.52299554929,3451.3171324384152,36.205863110874816,43.43939262978858,55.09738766687442,1.0641462831759307
2023-02-22,3401.550048828125,1218430,-0.014329165798862675,3488.5428641183034,3438.1616780598956,3474.2963883614184,3447.630681800616,26.66570656080239,40.08465541599134,42.922459429859984,1.1050850342550944
2023-02-23,3413.800048828125,1441570,0.0036012993559275674,3476.214285714286,3440.9983479817706,3464.9892592024503,3445.124708987839,19.864550214611427,36.04063437571536,41.56612888874995,1.1081230253462662
2023-02-24,3400.449951171875,977592,-0.003910626710791898,3459.0428641183034,3443.2016764322916,3455.060134890054,3441.815467668138,13.244667221916188,31.48144094495553,42.50819539090723,1.1047897102457251
2023-02-27,3331.85009765625,1128022,-0.020173757738144005,3426.728585379464,3441.7783447265624,3436.104744546392,3433.6698847042944,2.4348598420974668,25.67212472438392,34.47364323166293,1.178985955240439
2023-02-28,3312.85009765625,4116217,-0.00570253746210414,3399.82861328125,3441.0716796875,3417.1424911786776,3424.7202708488835,-7.577779670205928,19.02214384546595,25.591819928945952,1.083470460938136
2023-03-01,3385.699951171875,1669307,0.021990084479573735,3385.3143136160716,3441.3150146484377,3412.3051773314774,3421.829876798735,-9.524699467257506,13.31277518292126,33.72494505365047,1.1475296429009618
2023-03-02,3321.449951171875,1556538,-0.018976873593822607,3366.8071637834823,3439.0300130208334,3398.32745023,3414.394326752301,-16.066876522300845,7.43684484187684,29.90140825881808,1.1588750962216943
2023-03-03,3342.14990234375,1043190,0.006232203247431567,3358.3214285714284,3437.99833984375,3389.6847505551923,3409.042887907223,-19.358137352030553,2.077848403095362,36.06280162763684,1.1585124380042802
2023-03-06,3371.85009765625,1334132,0.008886553918982631,3352.3285784040177,3438.290006510417,3386.940957801509,3406.287866407151,-19.346908605642057,-2.207102998652122,37.55216691136814,1.1780904072274168
2023-03-08,3390.39990234375,1844590,0.005501372881431932,3350.8928571428573,3437.47333984375,3387.4731031157,3405.110980180232,-17.637877064532404,-5.293257811828179,37.308776694188296,1.1828561281693284
2023-03-09,3336.85009765625,1648500,-0.01579453935521924,3351.6071428571427,3434.158341471354,3379.6849484296304,3400.054618511789,-20.36967008215879,-8.308540265894301,29.104464875870093,1.1720974210500688
2023-03-10,3331.0,1024404,-0.0017531796409910871,3354.1999860491073,3430.8666748046876,3372.1949563635335,3394.93946158499,-22.74450522145662,-11.195733257006765,32.21117866568653,1.1552653544407905
2023-03-13,3281.949951171875,1901233,-0.014725322374099403,3339.3785574776784,3426.563338216146,3358.311109410971,3386.5698682210555,-28.2587588100846,-14.608338367622332,30.002900494034975,1.1831886101593139
2023-03-14,3214.949951171875,2670334,-0.020414692788376154,3324.1642717633927,3419.27333984375,3336.255546604956,3373.8572817729682,-37.601735168012056,-19.20701772770028,28.310190471532906,1.2132933041958975
2023-03-15,3198.89990234375,1780522,-0.004992316854660395,3303.6999860491073,3413.946671549479,3315.123909026309,3360.8974758893223,-45.77356686301346,-24.520327554762915,30.161503342923695,1.1947317164338551
2023-03-16,3185.0,1901060,-0.00434521328209303,3277.0071149553573,3406.501668294271,3295.104846099184,3347.868033230854,-52.76318713166984,-30.1688994701443,27.673672770345192,1.1699938369966882
2023-03-17,3179.300048828125,6739966,-0.0017896236018445366,3246.8499930245534,3397.1316731770835,3277.288723442098,3335.381515867689,-58.09279242559069,-35.75367806123358,28.09310388526177,1.1147556047199194
2023-03-20,3143.300048828125,2289468,-0.01132324708178123,3219.1999860491073,3385.8316731770833,3256.6750811937945,3321.1532590499432,-64.4781778561487,-41.498578020216605,30.03280892485489,1.096483203075439
2023-03-21,3106.10009765625,1815297,-0.011834680302233225,3187.0714285714284,3374.0366780598956,3233.5096991110954,3305.223395243003,-71.71369613190745,-47.54160164255478,28.918102916047616,1.1054438519568166
2023-03-22,3130.800048828125,1123939,0.007952078296032061,3165.478585379464,3362.645011393229,3217.708214452177,3292.303147360419,-74.5949329082423,-52.95226789569229,21.178191856452727,1.1400925835849505
2023-03-23,3124.64990234375,1372218,-0.001964400916205755,3152.5785784040177,3349.463338216146,3203.3915510508805,3279.8843884702956,-76.49283741941508,-57.66038180043685,24.38165531347707,1.1190012916848049
2023-03-24,3120.5,1329577,-0.0013281175406681944,3141.378592354911,3335.451668294271,3190.6390047353602,3268.0781374724957,-77.43913273713542,-61.61613198777657,19.847637038985468,1.1063243783808665
2023-03-27,3122.300048828125,1524217,0.0005768462836484023,3132.421456473214,3321.610001627604,3180.1253192111703,3257.2797605358755,-77.1544413247052,-64.7237938551623,13.263609604623326,1.111955137059635
2023-03-28,3115.89990234375,1303530,-0.0020498178856247495,3123.3642926897323,3309.3933349609374,3170.2444858469516,3246.80717844757,-76.56269260061845,-67.09157360425353,8.091603053435108,1.0468612526672094
2023-03-29,3138.89990234375,1740616,0.007381495144532568,3122.7357003348216,3297.3533284505206,3165.4222422310745,3238.814046884324,-73.39180465324944,-68.35161981405271,16.669462011266887,1.071599519894543
2023-03-31,3205.89990234375,2382581,0.021345057849717408,3136.9928152901784,3286.8616617838543,3171.6495745561015,3236.3759621035406,-64.72638754743912,-67.62657336072999,32.53280319175772,1.0638662089278497
2023-04-03,3200.0,1521830,-0.0018403264367164995,3146.8785226004466,3274.92666015625,3176.0111784705473,3233.6814463921673,-57.67026792162005,-65.63531227290801,36.9900041471743,0.9922225963729986
2023-04-05,3239.800048828125,2655065,0.012437515258789,3163.328543526786,3266.2149983723957,3185.8248508332517,3234.134676202238,-48.30982536898637,-62.17021489212369,54.31800133036489,1.0277721738761563
2023-04-06,3220.699951171875,1703464,-0.005895455697384366,3177.642822265625,3257.328328450521,3191.1902508853477,3233.139511385174,-41.94926049982632,-58.12602401366422,53.74828837133548,1.0019464331649133
2023-04-10,3263.39990234375,2203187,0.013257972434326915,3197.7999441964284,3251.074991861979,3202.2994280327944,3235.38102182655,-33.081593793755474,-53.117137969682474,62.26531263893324,1.0474775655408082
2023-04-11,3213.800048828125,2348779,-0.015198827909507107,3211.7856794084823,3244.816658528646,3204.068754308999,3233.782431234074,-29.713676925075106,-48.436445760761,54.7455295735901,1.0433818536881676
2023-04-12,3241.64990234375,2417727,0.008665708224685709,3226.4642508370534,3239.0783203125,3209.8504693912682,3234.365206871828,-24.51473748055969,-43.65210410472074,63.83845420824135,1.0694448611539131
2023-04-13,3188.85009765625,4174070,-0.016287941720457,3224.028564453125,3232.0249918619793,3206.619642970496,3230.9937173003036,-24.374074329807627,-39.79649814973812,61.15380312094826,1.080281902352411
2023-04-17,3139.5,5505048,-0.015475828635695854,3215.3857073102677,3225.613321940104,3196.293544051958,3224.2164049076887,-27.922860855730505,-37.4217706909366,51.09958978682121,1.0393555735088367
2023-04-18,3130.75,2617302,-0.00278706800445927,3199.80712890625,3219.543318684896,3186.2099218901185,3217.292967507119,-31.083045617000607,-36.1540256761494,50.765959586174596,1.0362135796279646
2023-04-19,3089.60009765625,3298034,-0.01314378418709572,3181.0785784040177,3209.6733235677084,3171.346872007985,3207.8342364070545,-36.48736439906952,-36.220693420733426,46.44991691808156,1.0692029171992956
2023-04-20,3104.800048828125,2419999,0.004919714749946236,3158.421456473214,3202.45166015625,3161.1088992110836,3200.202074364171,-39.093175153087486,-36.79518976720424,48.04948559536404,1.0786151820422496
2023-04-21,3160.85009765625,1929184,0.018052708047747057,3150.857177734375,3196.4083333333333,3161.069083587263,3197.2871131265474,-36.218029539284544,-36.679757721620305,54.51081177756108,1.131228203063645
2023-04-24,3174.800048828125,1640676,0.0044133542372726264,3141.307198660714,3189.8399983723957,3163.1815397781647,3195.6214046599976,-32.43986488183282,-35.83177915366281,53.66927492849697,1.0970256637597615
2023-04-25,3176.0,2024090,0.0003779611797340987,3139.4714704241073,3182.6933349609376,3165.153610581524,3194.1679672777755,-29.014356696251525,-34.468294662180554,46.46906663652865,1.0853248084209477
2023-04-26,3198.14990234375,2000029,0.006974150612012009,3147.850027901786,3178.0699951171873,3170.2299631603278,3194.4629254308106,-24.232962270482858,-32.421228183841016,49.78959398135499,1.0918443588778661
2023-04-27,3187.949951171875,2434446,-0.003189328669178426,3156.0214494977677,3173.30166015625,3172.956115162104,3193.980482893112,-21.024367731007715,-30.141856093274356,43.67757784469999,1.0949191262620916
2023-04-28,3219.25,2931312,0.009818237208090164,3174.5428641183034,3171.211661783854,3180.0782512910114,3195.8522989751036,-15.774047684092238,-27.268294411437935,49.82830625376908,1.1118456004373656
2023-05-02,3219.39990234375,2321159,4.656436864181046e-05,3190.9142717633927,3171.3599934895833,3186.1277360683557,3197.5965658912996,-11.468829822943917,-24.108401493739134,44.20594014588028,1.1092198609595043
2023-05-03,3179.89990234375,2468285,-0.0122693673349632,3193.635672433036,3170.72666015625,3185.169607803032,3196.2857019248145,-11.11609412178268,-21.509940019347844,45.41393334606003,1.1427125567745768
2023-05-04,3220.699951171875,1953253,0.012830607906259228,3200.192801339286,3171.9166585286457,3190.6358144751616,3198.094164832004,-7.458350356842402,-18.699622086846755,47.26179908010796,1.0756886167401465
2023-05-05,3230.699951171875,1710027,0.0031049151276452136,3208.007080078125,3173.629988606771,3196.7995278131175,3200.509408264587,-3.7098804514694166,-15.701673759771289,56.15892326541464,1.0762288671791835
2023-05-08,3250.60009765625,928235,0.006159701236617909,3215.4999651227677,3177.2066569010417,3205.076538558215,3204.2198297010063,0.8567088572085595,-12.38999723637532,67.9020572971578,1.0484768110201934
2023-05-09,3283.25,1107375,0.010044269169650066,3229.1142578125,3183.1116536458335,3217.103224933874,3210.0739163898206,7.029308544053492,-8.506136080289558,72.81569923485004,1.0600725057683553
2023-05-10,3286.800048828125,1559987,0.0010812605887839943,3238.7642647879466,3188.3116536458333,3227.825813225297,3215.757333607473,12.068479617824323,-4.391212940666782,83.2434336757834,1.0202809644397581
2023-05-11,3282.14990234375,1719623,-0.0014147944551823333,3247.7285505022323,3193.5616536458333,3236.1833653973667,3220.675301662012,15.508063735354881,-0.4113576054624495,80.99979430910477,0.9536992757315124
2023-05-12,3274.300048828125,1027479,-0.0023916803769442607,3261.214285714286,3198.6883219401043,3242.0474705405604,3224.647505155798,17.399965384762254,3.1509069925824913,73.84906895988946,0.9394515968765702
2023-05-15,3255.050048828125,1150390,-0.005879119113378017,3266.1214425223216,3203.113321940104,3244.047867200186,3226.8995454278224,17.148321772363488,5.950389948538691,66.50216578877084,0.8673685886982224
2023-05-16,3258.14990234375,986306,0.0009523213066235936,3270.0428641183034,3207.854988606771,3246.2174110684264,3229.214386680854,17.003024387572168,8.160916836345386,66.76187876348479,0.7754076721150422
2023-05-17,3208.699951171875,1588815,-0.015177310023796964,3264.05712890625,3210.1816569010416,3240.445494161265,3227.694798865374,12.750695295890637,9.078872528254436,51.936855976226866,0.8596227697291743
2023-05-18,3199.85009765625,1369364,-0.0027580807337229674,3252.1428571428573,3209.9799967447916,3234.2000485451085,3225.632228405439,8.567820139669493,8.976662050537447,52.195600960347385,0.7970919760965182
2023-05-19,3222.85009765625,1152449,0.007187836710490503,3243.007149832589,3210.741666666667,3232.453902254515,3225.4261446462397,7.027757608275351,8.586881162085028,50.68521158567979,0.8033756255677071
2023-05-22,3298.699951171875,1333243,0.02353502372660321,3245.3714425223216,3212.7049967447915,3242.645602087955,3230.853834018509,11.79176806944588,9.227858543557199,61.71692212238066,0.8681391653865947
2023-05-23,3297.050048828125,1687418,-0.0005001674502598252,3248.6214425223216,3215.25,3251.015516971058,3235.7572573377397,15.258259633318175,10.433938761509395,69.4893225382214,0.86841584149219
2023-05-24,3303.35009765625,1016555,0.0019108138289753995,3255.5214494977677,3216.5816731770833,3259.066990922626,3240.76413439837,18.30285652425573,12.007722314058663,65.53284777364121,0.867653178298858
2023-05-25,3293.5,1374917,-0.0029818509588913633,3260.571463448661,3219.2383382161456,3264.3643769345294,3244.6704948133056,19.69388212122385,13.544954275491701,61.808975094686105,0.8661919083679381
2023-05-26,3328.89990234375,1791115,0.010748414253453742,3277.7428850446427,3222.1466715494794,3274.2929193051787,3250.909710185931,23.383209119247567,15.512605244242875,63.91257422272196,0.8823489052102717
2023-05-29,3320.35009765625,1210372,-0.002568357396832588,3294.9571707589284,3226.5300048828126,3281.3786390514974,3256.05344259114,25.325196460357347,17.47512348746577,57.209521225014186,0.8694561166816881
2023-05-30,3316.199951171875,1344224,-0.0012499123171693105,3308.2928641183034,3232.4200032552085,3286.7357639930938,3260.508739523046,26.22702447004758,19.225503683982133,55.69987769274753,0.8711436308673449
2023-05-31,3289.5,5815424,-0.008051369508777606,3306.978585379464,3237.711669921875,3287.1610310710794,3262.6562402991167,24.50479077196269,20.281361101578245,51.312755522067334,0.8405772390169887
2023-06-01,3324.0,1177314,0.010487916096671324,3310.8285784040177,3245.525,3292.8285647524517,3267.200222499182,25.628342253269693,21.350757331916537,58.1050316483667,0.8257953976189577
2023-06-02,3305.60009765625,2030661,-0.0055354700191786455,3311.1500069754466,3252.2183349609377,3294.7934159684205,3270.0446576960017,24.748758272418854,22.030357520017002,58.266585432654956,0.8400522683519658
2023-06-05,3288.89990234375,1861468,-0.00505209184993094,3310.492850167411,3256.4866617838543,3293.886721564625,3271.441342484724,22.44537907990116,22.113361831993835,54.81447277486591,0.8424783465078727
2023-06-06,3232.300048828125,2022849,-0.017209357291564475,3296.69287109375,3258.403328450521,3284.4118488359327,3268.54198739905,15.86986143688273,20.864661752971614,53.61410918074807,0.9004268059083751
2023-06-07,3274.89990234375,1567196,0.013179424209416979,3290.1999860491073,3261.699991861979,3282.94847245252,3269.01294406162,13.93552839089989,19.47883508055727,60.4163645259972,0.9524635486800338
2023-06-08,3236.449951171875,1759366,-0.011740801953781133,3278.80712890625,3262.97666015625,3275.794853793959,3266.6008705142317,9.19398327972749,17.421864720391316,51.80993784380047,0.9871037815397224
2023-06-09,3209.300048828125,1775689,-0.008388791037513,3267.3499930245534,3263.688330078125,3265.5648837992153,3262.35636520415,3.2085185950654704,14.579195495326147,36.33026974966216,1.0016594832341188
2023-06-12,3246.89990234375,2324605,0.011715904696837143,3256.335693359375,3264.6099934895833,3262.693348190682,3261.2114420293055,1.481906161376628,11.959737628536244,43.09130449113135,1.0329113027578238
2023-06-13,3243.699951171875,1371928,-0.000985540444152666,3247.4928152901784,3265.4199951171877,3259.7712871108656,3259.914294558385,-0.14300744751926686,9.539188613325143,41.711789397554725,1.0328060055358455
2023-06-14,3251.050048828125,1658544,0.002265961021947982,3242.085693359375,3267.7916666666665,3258.4295581442902,3259.2576837635506,-0.8281256192603905,7.465725766808037,44.06044122339027,0.9712357114974802
2023-06-15,3216.300048828125,2273810,-0.01068885420958865,3239.799979073661,3267.6450032552084,3251.9480951725727,3256.075636731297,-4.1275415587242605,5.147072301701577,34.216425137966695,1.0018083886477163
2023-06-16,3174.89990234375,4156189,-0.012871978937244788,3225.5142647879466,3265.7850016276043,3240.0945270450616,3250.0626193692565,-9.968092324194913,2.1240393765222794,31.3309885459728,1.0293009753424902
2023-06-19,3210.39990234375,1468186,0.011181454877929653,3221.7928292410716,3264.4449951171873,3235.5261232448597,3247.12464033033,-11.598517085470121,-0.6204719158762007,37.431677982372435,0.9058872864206818
2023-06-20,3227.699951171875,1528452,0.005388751979307882,3224.42138671875,3262.593326822917,3234.3220967720927,3245.6857744667404,-11.363677694647777,-2.769113071630516,42.49087661072095,0.9181684146144907
2023-06-21,3258.199951171875,1645987,0.009449453313938427,3226.0356794084823,3261.639990234375,3237.9956128335975,3246.6127505189725,-8.617137685374928,-3.938717994379399,41.92636953985906,0.9458985864462178
2023-06-22,3238.5,1529603,-0.0060462683282496155,3225.2928292410716,3260.184993489583,3238.073210859198,3246.0118060360855,-7.938595176887702,-4.73869343088106,41.79303697227259,0.9523425351833872
2023-06-23,3216.35009765625,1119505,-0.006839556073413577,3220.335693359375,3258.2533284505207,3234.7311934433596,3243.814642452394,-9.083449009034211,-5.607644546511691,41.24322387412289,0.9207864522173376
2023-06-26,3189.64990234375,1978803,-0.008301395837460701,3216.5285295758927,3256.0733235677085,3227.795610197266,3239.8024394813833,-12.00682928411743,-6.887481494032839,44.45165048272341,0.9325528510640613
2023-06-27,3197.35009765625,863542,0.0024141192758622143,3219.7357003348216,3254.046663411458,3223.111685190956,3236.6578215684103,-13.546136377454332,-8.219212470717137,38.9040261348044,0.9376160971791577
2023-06-28,3215.449951171875,1575872,0.005660891977044669,3220.4571358816966,3254.271663411458,3221.932956880328,3235.086868205704,-13.153911325375702,-9.20615224164885,46.80948134783983,0.9394875577492113
2023-06-30,3302.25,2672406,0.026994681971800105,3231.1071428571427,3257.684993489583,3234.2894250525856,3240.061915005281,-5.772489952695651,-8.51941978385821,61.954970134790656,1.104602682860222
2023-07-03,3272.300048828125,1687264,-0.009069558989136195,3233.1214425223216,3259.3333251953127,3240.1372133257455,3242.4499249180844,-2.3127115923389283,-7.278078145554353,53.332474902097196,1.1162339633353413
2023-07-04,3308.85009765625,1656681,0.011169528552619878,3243.171456473214,3259.671663411458,3250.708426299669,3247.3684562320227,3.339970067646391,-5.154468502914205,57.859823549752036,1.1397008548589147
2023-07-05,3319.949951171875,1453008,0.0033545954600624484,3257.971435546875,3260.434993489583,3261.360968587701,3252.744863264604,8.61610532309669,-2.400353737712026,58.2376697949967,1.0629960666631844
2023-07-06,3322.89990234375,1848238,0.0008885529044899698,3277.007149832589,3261.0866536458334,3270.8284968578623,3257.9415328260225,12.886964031839852,0.6571098161983497,63.7939716748963,1.0261539101636918
2023-07-07,3329.25,1789326,0.0019110108167179618,3295.8499930245534,3262.2783203125,3279.8164204181912,3263.2236415055763,16.592778912614904,3.8442436354816607,71.96528458165697,0.982997912687991
2023-07-10,3271.949951171875,1407431,-0.017211098243786083,3303.9214215959823,3260.379988606771,3278.6061943802965,3263.870034814191,14.73615956610547,6.022626821606423,58.24735691624635,1.047217739036914
2023-07-11,3272.39990234375,1110172,0.00013751774281067775,3299.6571219308034,3258.7816487630207,3277.651380220828,3264.501876853418,13.149503367410034,7.448002130767145,56.272796105262074,1.0165251788528191
2023-07-12,3259.89990234375,1515240,-0.0038198265410799292,3297.885672433036,3256.90498046875,3274.920383624354,3264.1609898527017,10.759393771652412,8.1102804589442,50.25124902845323,1.0205848362914547
2023-07-13,3340.550048828125,4585146,0.024740068376452484,3302.414236886161,3258.606648763021,3285.017255194165,3269.819438665696,15.197816528469048,9.52778767284917,62.78021119909205,1.1578785264239695
2023-07-14,3514.64990234375,6306101,0.052117121722723425,3330.228515625,3264.9616455078126,3320.3453547556396,3287.955028567774,32.39032618786541,14.10029537585242,77.05911638133406,1.5850248237901696
2023-07-17,3491.699951171875,2743228,-0.0065297972229242385,3354.3428083147323,3271.164973958333,3346.7076003581374,3303.047245056967,43.66035530117051,20.01230736091604,77.58700116618466,1.5543563704103545
2023-07-18,3496.85009765625,2600090,0.0014749682264785235,3378.2856794084823,3278.096647135417,3369.8064460963087,3317.403011916173,52.40343418013572,26.490532724759976,77.48211173389608,1.548787425097968
2023-07-19,3470.050048828125,2405370,-0.0076640542430136405,3406.585693359375,3286.0216471354165,3385.2285388242803,3328.710199835577,56.51833898870336,32.496093977548654,72.99494696028216,1.5717077520382723
2023-07-20,3463.300048828125,1715404,-0.0019452169003382203,3433.8571428571427,3292.301652018229,3397.2395403633336,3338.6798182794696,58.55972208386402,37.70881959881173,67.00454357746018,1.570580042111873
2023-07-21,3368.300048828125,3770223,-0.027430484988485215,3449.3428780691966,3296.6966552734375,3392.7873108963786,3340.873909431222,51.91340146515677,40.54973597208074,58.911992442792865,1.7037782481563808
2023-07-24,3394.75,1680132,0.007852611343540206,3457.0857282366073,3302.8783203125,3393.0892630661665,3344.864730954835,48.22453211133143,42.08469519993088,58.1267646493614,1.6948438822753078
2023-07-25,3399.14990234375,1272980,0.0012960902404448582,3440.5857282366073,3307.9533203125,3394.0216691088717,3348.8858547614213,45.13581434745038,42.69491902943478,57.58910921431924,1.6751186731289982
2023-07-26,3388.300048828125,1066803,-0.00319193146149388,3425.8143136160716,3312.7733235677083,3393.1414198349107,3351.8054246922884,41.33599514262232,42.42313425207229,56.17332004087294,1.6813878119954457
2023-07-27,3396.89990234375,1701769,0.0025381027039206305,3411.535714285714,3317.6349853515626,3393.7196479131935,3355.1457563701742,38.57389154301927,41.653285710261684,56.35867465002437,1.6802723147170098
2023-07-28,3355.39990234375,2599831,-0.012217021753089141,3395.1571219308034,3322.2716471354165,3387.824302440971,3355.1645819978467,32.65972044312457,39.854572656834264,58.08389096511173,1.611451356656938
2023-07-31,3421.449951171875,2743678,0.019684702494623396,3389.178536551339,3330.489982096354,3392.997479168803,3360.074609344071,32.922869824731606,38.468232090413736,62.810495176568196,1.6455446081324248
2023-08-01,3452.050048828125,1956167,0.008943605223793893,3401.142822265625,3338.544986979167,3402.0824898856217,3366.8876048614084,35.19488502421336,37.813562677173664,66.01652024737635,1.6400145727491944
2023-08-02,3440.64990234375,1914899,-0.003302427926340501,3407.699951171875,3345.643318684896,3408.0159379561032,3372.3514787489894,35.66445920711385,37.383741983161705,59.43270647856269,1.6443967735882192
2023-08-03,3399.949951171875,2026351,-0.01182914633196197,3407.8142438616073,3350.3683186848957,3406.7750169123756,3374.3958100395735,32.379206872802115,36.38283496108979,35.561434381667084,1.6729116456590982
2023-08-04,3443.550048828125,2248493,0.012823746902868915,3415.707101004464,3357.2033203125,3412.4327141301833,3379.5183462461328,32.914367884050534,35.68914154568194,44.238376081060395,1.6927645204640265
2023-08-07,3484.050048828125,1853889,0.011761118446291352,3428.1571219308034,3366.1266520182294,3423.4507656221745,3387.26143532628,36.18933029589425,35.7891792957244,48.58781440785388,1.6445822205640388
2023-08-08,3470.60009765625,1634225,-0.003860435695061004,3444.6142926897323,3375.491658528646,3430.7045090120323,3393.4346695729446,37.26983943908772,36.08531132439707,50.06252688545063,1.6510098455481552
2023-08-09,3462.5,1794589,-0.0023339184660658985,3450.478585379464,3384.3299886067707,3435.596123010181,3398.550619974949,37.04550303523229,36.27734966656411,49.90933262503769,1.6480769795617751
2023-08-10,3442.10009765625,1096701,-0.005891668546931461,3449.0571637834823,3391.8849934895834,3436.596734494192,3401.776507210601,34.820227283591066,35.98592518996951,60.06547712995465,1.5776704637226109
2023-08-11,3448.800048828125,1679974,0.0019464719159205668,3450.2214704241073,3396.7699951171876,3438.474167468643,3405.2597325156025,33.21443495304038,35.431627142583686,57.79156287371621,1.039472131976076
2023-08-14,3449.85009765625,1190425,0.0003044678767276654,3457.3500627790177,3402.688330078125,3440.2243105744287,3408.562722526021,31.661588048407793,34.67761932374851,57.37994109352256,1.0311693717718518
2023-08-16,3458.39990234375,1328445,0.0024783119397879805,3459.4714704241073,3407.6733235677084,3443.0205554620165,3412.2543654754822,30.7661899865343,33.89533345630567,60.27254741316084,1.0324506912650926
2023-08-17,3435.75,1843241,-0.006549243286873896,3452.571463448661,3411.5333251953125,3441.90200846786,3413.994782847669,27.907225620191184,32.697711889082775,55.467994040288524,1.0286744360382492
2023-08-18,3367.10009765625,2526749,-0.01998105285418028,3437.7857491629466,3413.0066650390627,3430.3940221891507,3410.5211024631194,19.87291972603134,30.13275345647249,51.52983764388914,1.117710786325508
2023-08-21,3401.64990234375,1375579,0.010260997203958677,3429.0928780691966,3415.4199951171877,3425.971849905243,3409.8639765283515,16.107873376891348,27.32777744055626,47.17867367988951,0.9616488887539616
2023-08-22,3382.14990234375,1222012,-0.00573251232778671,3420.528564453125,3419.093326822917,3419.2300118188596,3407.811082144307,11.4189296745526,24.14600788735553,39.71450310708505,0.9552106835134855
2023-08-23,3398.25,1330046,0.004760314628601492,3413.30712890625,3423.288330078125,3416.002317692881,3407.102853837321,8.899463855560043,21.096699080996434,43.84615929755434,0.9610796466627979
2023-08-24,3387.75,1152881,-0.003089825645552824,3404.4356863839284,3427.55,3411.655807278592,3405.669309108631,5.9864981699611235,18.074658898789373,48.059184182337496,0.9609021492264338
2023-08-25,3381.300048828125,1158046,-0.0019039041168548154,3393.4214215959823,3428.9083333333333,3406.9856905939046,3403.8641787174824,3.121511876422119,15.084029494315923,38.76959559691474,0.9599469066649848
2023-08-28,3375.550048828125,1037485,-0.00170052935763354,3384.8214285714284,3424.2716715494794,3402.149438014554,3401.7668357627153,0.38260225183876173,12.14374404582049,27.61958286499312,0.9184863430719323
2023-08-29,3376.14990234375,944517,0.00017770541302830622,3386.1142578125,3420.4200032552085,3398.149509449815,3399.8692851390883,-1.7197756892733196,9.371040098801728,29.427036248423263,0.797903163117054
2023-08-30,3390.949951171875,1188200,0.004383706072366822,3384.585693359375,3416.889998372396,3397.041885099363,3399.2085937341094,-2.1667086347465556,7.063490352092072,34.85708557710889,0.7752839529474849
2023-08-31,3356.800048828125,3417652,-0.010070895423256898,3380.964285714286,3413.114998372396,3390.8508333653263,3396.0672200373697,-5.216386672043427,4.607514947264972,32.93994025373121,0.8008402667163205
2023-09-01,3379.199951171875,1277950,0.0066729927365110075,3378.242850167411,3410.311661783854,3389.0583899509493,3394.8177927139996,-5.759402763050275,2.534131405201923,36.902464752495625,0.7781659297909111
2023-09-04,3418.5,1828332,0.011629986208568699,3382.6357073102677,3411.9849934895833,3393.587868420034,3396.5720302907403,-2.98416187070643,1.4304727500202525,44.84287247304366,0.767979306654826
2023-09-05,3429.35009765625,1501842,0.003173935251206572,3389.5,3413.138330078125,3399.08974984099,3399.000035280778,0.08971456021208724,1.1623211120586194,45.257167182983395,0.7192401735960339
2023-09-06,3429.89990234375,1314818,0.0001603232892073425,3397.2642647879466,3414.163330078125,3403.829773302953,3401.2889143224793,2.5408589804737858,1.4380286857416527,48.97059480563222,0.7157471173872174
2023-09-07,3455.25,1885092,0.007390914714137109,3408.564278738839,3416.3949951171876,3411.7405774101912,3405.2860317800732,6.454545630117991,2.4413320746169207,68.29978104853424,0.7358495212328062
2023-09-08,3441.89990234375,1518917,-0.0038637139588307834,3415.842843191964,3417.8949951171876,3416.3804735538156,3407.9981703403455,8.382303213470095,3.6295263023875557,59.16230773847764,0.7287815345191206
2023-09-11,3480.64990234375,1783604,0.011258316946873848,3433.5356794084823,3422.0699951171873,3426.268077983036,3413.3797801183755,12.888297864660672,5.481280614842179,70.61532864468685,0.7702838274978482
2023-09-12,3580.800048828125,4476016,0.02877340419010177,3462.335693359375,3427.3816650390627,3450.042227343819,3425.781281504283,24.260945839535907,9.237213659780926,78.26290082499057,0.9965324567612139
2023-09-13,3567.85009765625,1754929,-0.0036164965916243297,3483.6714215959823,3431.241666666667,3468.1665150841927,3436.30489751554,31.861617568652946,13.76209444155533,77.673655763116,1.0039988070601489
2023-09-14,3560.050048828125,2604721,-0.002186204188693086,3502.342843191964,3435.221671549479,3482.30244335249,3445.4712050201756,36.83123833231457,18.37592321970718,77.35271614384085,0.9899868605930809
2023-09-15,3598.300048828125,2952897,0.010744230972986157,3526.4000069754466,3441.8333414713543,3500.14822881028,3456.791860117061,43.35636869321934,23.372012314409613,81.00208768267223,0.8641987326660848
2023-09-18,3606.14990234375,1395753,0.0021815450098947586,3547.9571358816966,3447.2533365885415,3516.4561785846604,3467.855418800519,48.600759784141246,28.41776180835594,81.37789904502046,0.8489976901685671
2023-09-20,3606.050048828125,1649396,-2.768978504197328e-05,3571.407156808036,3451.320003255208,3530.2398509298087,3478.092058061823,52.14779286798557,33.16376802028187,80.57137820859808,0.8275792433261764
2023-09-21,3585.300048828125,2004073,-0.005754218526929034,3586.357177734375,3455.1433349609374,3538.710650606473,3486.033390711179,52.6772598952939,37.06646639528428,83.76183007403581,0.8505086712169916
2023-09-22,3603.64990234375,1989083,0.005118080290552829,3589.6214425223216,3459.8483317057294,3548.7013047199002,3494.745724906184,53.95557981371621,40.44428907897067,83.5651337680915,0.8407628875894045
2023-09-25,3577.14990234375,1238778,-0.00735365552096634,3590.9499860491073,3464.349991861979,3553.0780120466466,3500.8497380497074,52.22827399693915,42.801086062564366,74.66956907312303,0.8663675556830085
2023-09-26,3585.699951171875,1726062,0.00239018466140406,3594.6142578125,3468.913321940104,3558.0967719120663,3507.1349390217197,50.961832890346614,44.43323542812082,74.48707487571187,0.8598519142059832
2023-09-27,3589.300048828125,1541134,0.0010040153122887752,3593.328543526786,3473.5616536458333,3562.897276052998,3513.2212434518237,49.676032601174484,45.481794862731554,74.72853278551307,0.8585921336904945
2023-09-28,3536.75,1755753,-0.014640751152939169,3583.4142717633927,3476.1733235677084,3558.8746181986908,3514.964114307244,43.91050389144675,45.1675366684746,61.659513590844064,0.9446941524015808
2023-09-29,3528.60009765625,2243791,-0.002304347874107604,3572.3499930245534,3479.2683268229166,3554.2169996537,3515.974187147911,38.24281250578906,43.78259183593749,62.5907993748635,0.9070300105392763
2023-10-03,3513.85009765625,1948148,-0.004180127980441095,3562.1428571428573,3484.1599934895835,3548.0067070387076,3515.8168471855656,32.189859853142025,41.464045439378395,55.18267492309146,0.913429677744407
2023-10-04,3537.75,1788138,0.006801628322076425,3552.728585379464,3488.6966634114583,3546.4287521096758,3517.44152517182,28.987226937855667,38.96868173907385,41.18006016244059,0.8927710096919647
2023-10-05,3589.35009765625,2990768,0.014585569261889697,3554.4714704241073,3495.603336588542,3553.032036039918,3522.768086096593,30.26394994332486,37.227735379924056,53.80262155659456,0.9376650604706308
2023-10-06,3621.39990234375,2075691,0.008929138650595192,3559.571463448661,3503.0416666666665,3563.5501693174306,3530.074146559345,33.47602275808549,36.477392855556346,59.99347790640796,0.9474649902909604
2023-10-09,3638.35009765625,4233074,0.004680564358973349,3566.57861328125,3511.3950032552084,3575.0578506003258,3538.094587381338,36.96326321898778,36.57456692824263,57.01034425877826,0.9424213564838534
2023-10-10,3628.89990234375,1848148,-0.002597384819725712,3579.7428850446427,3519.648331705729,3583.341243176237,3544.8209070081834,38.520336168053745,36.96372077620486,53.95996518711924,0.9382472296184179
2023-10-11,3609.89990234375,2426417,-0.005235746510320882,3591.3571428571427,3527.459993489583,3587.42719074047,3549.6415733293366,37.785617411133444,37.128100103190576,50.62875251895748,0.9314372613428952
2023-10-12,3542.550048828125,4241281,-0.018656986436631606,3595.4571358816966,3533.0066650390627,3580.5230150616476,3549.116275218136,31.406739843511787,35.98382805125482,43.94046775336641,0.8055911507520839
2023-10-13,3570.85009765625,2890357,0.007988609458739138,3600.185721261161,3539.0033365885415,3579.0348739223555,3550.7261879913294,28.308685931026048,34.44879962720906,45.47838612835045,0.8236006335716665
2023-10-16,3524.050048828125,1671104,-0.013106136507618271,3590.8571428571427,3544.578336588542,3570.575670061705,3548.750177682944,21.825492378760828,31.924138177519417,43.06790865959233,0.874027725488206
2023-10-17,3507.050048828125,1672065,-0.0048239950524122666,3574.5214494977677,3548.8400065104165,3560.802497564231,3545.6612792492538,15.141218314977323,28.567554205011,39.95403460190348,0.8374410195406443
2023-10-18,3487.25,1408245,-0.005645784506195239,3552.935721261161,3551.1316731770835,3549.4867287081956,3541.334517823383,8.152210884812575,24.484485540971317,37.48313355113236,0.8388484926138211
2023-10-19,3455.64990234375,1514545,-0.009061609479174115,3528.185721261161,3552.008333333333,3535.0502938828963,3534.987509269336,0.06278461356032494,19.60014535548912,39.51382768365149,0.8538891941366188
2023-10-20,3494.550048828125,1481211,0.011256969769417813,3511.7071707589284,3554.163338216146,3528.819486951393,3531.992141829246,-3.1726548778528922,15.045585308820717,45.92166571045754,0.8990328156037798
2023-10-23,3410.14990234375,1106272,-0.02415193524347381,3492.7928641183034,3552.6600016276043,3510.5626277809865,3522.966790756246,-12.404162975259624,9.55563565200465,39.35536126353522,1.0201231580496528
2023-10-25,3390.10009765625,1518537,-0.005879449661060354,3466.971435546875,3550.933341471354,3492.0299308387193,3513.12481348958,-21.094882650860654,3.4255319914315896,34.723253682692786,1.017116426804081
2023-10-26,3336.75,1984471,-0.015737027261564784,3440.214285714286,3546.136678059896,3468.1407107096857,3500.0600124903517,-31.919301780666046,-3.643434762987938,23.958779036345206,1.050231790653819
2023-10-27,3350.949951171875,1108851,0.004255623337641401,3417.9142717633927,3538.4750081380207,3450.111363088484,3489.014822763057,-38.90345967457324,-10.695439745304999,21.05323946444352,1.0601047041017468
2023-10-30,3378.550048828125,910972,0.008236499517576545,3402.3857073102677,3532.165006510417,3439.101930125352,3480.832246916025,-41.73031679067299,-16.9024151543786,22.812917875743906,1.0555757069690193
2023-10-31,3368.75,999811,-0.002900667057314732,3389.971435546875,3525.788338216146,3428.2785562599133,3472.5298582555783,-44.25130199566502,-22.372192522635885,22.796226099104217,1.0556813432254353
2023-11-01,3330.64990234375,1563475,-0.011309862012987004,3366.55712890625,3516.866666666667,3413.258763349734,3462.020231891739,-48.76146854200488,-27.650047726509687,21.920590669983085,1.0743715962717864
2023-11-02,3360.10009765625,1245384,0.008842176805126334,3359.407156808036,3508.665006510417,3405.080507089198,3454.47059231874,-49.39008522954191,-31.998055227116133,30.140457007463723,1.0847075106113575
2023-11-03,3350.89990234375,1402598,-0.0027380717970031387,3353.80712890625,3500.1600016276043,3396.745029436052,3446.7986893576294,-50.05365992157749,-35.6091761660084,25.019908299820102,1.0073629303887752
2023-11-06,3380.25,1099852,0.008758870306964761,3360.021414620536,3493.325,3394.207332599736,3441.86915681262,-47.66182421288386,-38.0197057753835,32.994359025587926,1.00627427212088
2023-11-07,3370.449951171875,1191144,-0.0028992082917314033,3362.80712890625,3485.5516682942707,3390.5523508416036,3436.578845283676,-46.02649444207236,-39.62106350872128,33.56595950659754,0.9883883854375435
2023-11-08,3381.550048828125,992899,0.003293357805948416,3363.2357003348216,3479.031673177083,3389.1673813010684,3432.50263813882,-43.335256837751785,-40.36390217452738,37.01159259768148,1.0007670765766852
2023-11-09,3347.449951171875,2112352,-0.010084161749451925,3360.1928362165177,3471.0900065104165,3382.749315127346,3426.202439104232,-43.45312397688576,-40.98174653499906,36.785582026910255,1.0110740705506973
2023-11-10,3333.449951171875,1338557,-0.00418228807128207,3360.592843191964,3462.561669921875,3375.1647975957353,3419.3318844425758,-44.16708684684045,-41.61881459736734,29.050755722844897,0.9483739306148147
2023-11-13,3331.550048828125,1030990,-0.0005699507631972134,3356.5142647879466,3455.721671549479,3368.454836246872,3412.8295262489128,-44.37469000204055,-42.16998967830199,36.98681077934833,0.9149270451871989
2023-11-15,3404.300048828125,2059802,0.021836682305159894,3364.1428571428573,3451.578336588542,3373.969484336296,3412.1977131066324,-38.2282287703365,-41.38163749670889,52.00167945183794,1.0447023211020505
2023-11-16,3497.85009765625,3951984,0.02747996577455858,3380.94287109375,3451.0450032552085,3393.0280402316735,3418.5423341843816,-25.514293952708158,-38.20816878790875,70.39753597186794,1.2272340587996002
2023-11-17,3502.449951171875,2021292,0.0013150516423523495,3399.8000139508927,3449.8683349609373,3409.86218037632,3424.7577132204924,-14.895532844172521,-33.545641599161506,69.65996532741264,1.22041053334768
2023-11-20,3519.60009765625,1475621,0.004896614290986978,3419.5214494977677,3447.5433349609375,3426.7449368809243,3431.7830750305484,-5.0381381496240465,-27.844140909254016,68.81415719404008,1.2039288168235371
2023-11-21,3510.199951171875,1807236,-0.002670799586190098,3442.7714494977677,3443.836669921875,3439.584169848763,3437.5917325224987,1.9924373262642803,-21.87682526215036,68.88764864700985,1.1814629265549321
2023-11-22,3530.14990234375,1798051,0.0056834230099098715,3470.8714425223216,3440.2299967447916,3453.517359463376,3444.4478932499987,9.069466213377382,-15.68756696704481,77.9960093407738,1.0360153448483542
2023-11-23,3508.25,2729804,-0.006203674900380318,3496.1142926897323,3436.2083333333335,3461.93776569978,3449.17397523148,12.763790468299703,-9.997295479975909,71.24009963023686,1.037301742117179
2023-11-24,3457.10009765625,1989733,-0.014579890926744055,3503.657156808036,3431.1150065104166,3461.1935090776983,3449.761095411093,11.432413666605498,-5.711353650659628,63.59100873081932,1.027300390508581
2023-11-28,3470.14990234375,1689195,0.0037747835812873554,3499.6999860491073,3428.701668294271,3462.571415734014,3451.2713774061044,11.300038327909533,-2.309075254945796,62.00586615821412,1.0267572364700055
2023-11-29,3513.75,1441634,0.012564326868646836,3501.314278738839,3426.798331705729,3470.445044082627,3455.8994235241707,14.545620558456449,1.061863907734653,67.55267834020242,1.0454293146948106
2023-11-30,3487.60009765625,3266235,-0.0074421635983635825,3496.742850167411,3425.5833333333335,3473.0842830939537,3458.2476216080286,14.836661485925106,3.816823423372744,62.528069698799804,1.0614782622843617
2023-12-01,3511.64990234375,1172141,0.006895803421860691,3496.9499860491073,3425.7366617838543,3479.01745528623,3462.203346106971,16.81410917925905,6.416280574550005,69.86933260067417,1.0205139351444492
2023-12-04,3512.449951171875,1625213,0.00022782704722112967,3494.4214215959823,3426.57666015625,3484.160916191714,3465.9253168525192,18.235599339194778,8.780144327478961,72.37502731326576,1.01135717893189
2023-12-05,3531.60009765625,1377656,0.005452076684533402,3497.757149832589,3429.108333333333,3491.4592518016425,3470.790115430573,20.66913637106927,11.157942736197024,73.97245846388793,1.006591142846863
2023-12-06,3604.10009765625,1896572,0.02052893815698864,3518.757149832589,3432.760001627604,3508.788612702351,3480.6649289287716,28.123683773579614,14.551090943673543,73.95685441306394,1.0760299566521165
2023-12-07,3614.89990234375,1967653,0.0029965329471628444,3539.435721261161,3439.585001627604,3525.1134264933357,3490.608260292844,34.50516620049166,18.54190599503717,67.50934565104018,1.0662831799105612
2023-12-08,3626.699951171875,1641155,0.003264280933608754,3555.5714285714284,3447.4716634114584,3540.7421225977264,3500.6891262838835,40.05299631384287,22.84412405879831,68.19448039365699,1.0662872139960715
2023-12-11,3642.89990234375,1102503,0.004466857305534866,3577.7571149553573,3457.67666015625,3556.4587040971146,3511.223257843874,45.23544625324075,27.322388497686802,68.1057241558315,1.0167897945053341
2023-12-12,3672.10009765625,2236866,0.008015645802870841,3600.6785714285716,3468.3816650390627,3574.2496877215967,3523.1400607929386,51.109626928658145,32.07983618388107,72.46743601888349,0.9997573755455513
2023-12-13,3593.550048828125,3850968,-0.021391042384236836,3612.2642996651784,3475.548331705729,3577.218974045678,3528.3556154622115,48.86335858346638,35.436540663798134,57.567462188478586,1.1558910661821558
2023-12-14,3667.25,3290396,0.020508953589197576,3631.6428571428573,3485.498331705729,3591.0699011155734,3538.6440883909368,52.42581272463667,38.834395075965844,66.88974919942365,1.1453536614635933
2023-12-15,3861.0,8531230,0.052832503919830964,3668.342843191964,3503.1766682942707,3632.5976086362543,3562.5223040656824,70.07530457057192,45.08257697488706,82.92842254772546,1.5051391750083516
2023-12-18,3859.199951171875,2521612,-0.0004662131126974556,3703.242850167411,3519.813330078125,3667.4595074878885,3584.4984260735487,82.96108141433979,52.65827786277761,82.31044076695957,1.5079941077393224
2023-12-19,3816.199951171875,2004435,-0.01114220577944991,3730.314278738839,3535.3233317057293,3690.34265267004,3601.661502006758,88.6811506632821,59.86285242287851,75.14340142372416,1.5504415185357547
2023-12-20,3780.050048828125,2586083,-0.009472748494912864,3749.907156808036,3548.65,3704.1437905405146,3614.8754684379705,89.26832210254406,65.74394635881163,73.91446353142885,1.5735157542865106
2023-12-21,3787.5,1517562,0.0019708604583648093,3766.3928571428573,3562.5516682942707,3716.9678227650506,3627.662470775899,89.30535198915186,70.45622748487968,73.18652201143769,1.5733987046501203
2023-12-22,3824.0,2413058,0.009636963696369572,3799.314278738839,3577.3,3733.4343115704273,3642.2059914591655,91.22832011126184,74.61064601015612,74.70462490702678,1.561059974973576
2023-12-26,3795.550048828125,1285231,-0.0074398407876241635,3817.6428571428573,3592.236669921875,3742.9905788408423,3653.5648105235327,89.42576831730958,77.57367047158681,70.62592885827937,1.5229928577959686
2023-12-27,3811.199951171875,1293976,0.004123223812733556,3810.528564453125,3608.161669921875,3753.484328430232,3665.241487608595,88.24284082163695,79.70750454159683,67.76157291955877,1.52289064527541
2023-12-28,3799.89990234375,1682889,-0.0029649582737453217,3802.05712890625,3623.773331705729,3760.6251859553886,3675.216184996384,85.40900095900452,80.84780382507837,65.85261353898886,1.5208423731895497
2023-12-29,3793.39990234375,1574996,-0.0017105713747856965,3798.799979073661,3636.7433268229165,3765.6674500151366,3683.970534429522,81.69691558561453,81.0176261771856,64.41542418276009,1.5033869162556028
2024-01-01,3811.10009765625,825907,0.004666050447664105,3803.2357003348216,3647.184993489583,3772.6570881137695,3693.3875391129836,79.2695490007859,80.66801074190568,64.50751583944421,1.5021999045704635
2024-01-02,3783.199951171875,1344068,-0.007320759300321944,3802.621407645089,3656.5433268229167,3774.2790670457857,3700.0403103766052,74.23875666918048,79.38215992736063,59.60406512609919,1.5220704704603456
2024-01-03,3691.75,1803075,-0.02417264547266329,3783.7285505022323,3662.2816569010415,3761.58228750028,3699.4262133116713,62.15607418860873,75.93694277961026,58.30373271290047,1.6446449537478105
2024-01-04,3666.800048828125,3598144,-0.006758299227161868,3765.335693359375,3667.50166015625,3747.000404627641,3697.0094603869643,49.99094424067653,70.74774307182352,49.95853367142378,1.5984029062368337
2024-01-05,3737.89990234375,1963127,0.01939016378554581,3754.8642578125,3674.42666015625,3745.600327353196,3700.038382013393,45.56194533980306,65.71058352541944,35.34173299765686,1.6504632311142975
2024-01-08,3678.300048828125,1067805,-0.01594474305699156,3737.492850167411,3680.0949951171874,3735.246438349339,3698.4281351107807,36.8183032385582,59.93212746804719,31.06552090349973,1.696747181858681
2024-01-09,3689.89990234375,1370944,0.003153590887540636,3722.7071358816966,3687.854988606771,3728.270048194633,3697.7964141650746,30.473634029558525,54.04042878034946,35.85030549062577,1.695523959588412
2024-01-10,3713.050048828125,1292227,0.0062739226258334835,3708.6999860491073,3695.95166015625,3725.928509830555,3698.926313029004,27.00219680155078,48.632782384589724,42.26863256396791,1.6920533756999943
2024-01-11,3735.550048828125,1777909,0.006059708246351603,3701.8928571428573,3703.3449951171874,3727.408746599412,3701.639182347458,25.769564251954307,44.06013875806264,44.20653862552622,1.61301372639301
2024-01-12,3882.800048828125,6813450,0.03941855900075386,3729.185721261161,3716.5183268229166,3751.315100788445,3715.05850579047,36.256594997974844,42.49943000604509,55.25845682648544,1.7742042260868747
2024-01-15,3903.800048828125,2801505,0.005408468047778614,3763.0428641183034,3729.5899983723957,3774.7743235637804,3729.039360830296,45.73496273348428,43.146536551532925,59.81147640379224,1.3360428970318226
2024-01-16,3861.300048828125,1432672,-0.010886828082487976,3780.671456473214,3741.2183349609377,3788.085973604449,3738.8364488301354,49.24952477431361,44.36713419608906,54.330172658275714,1.3606576310785137
2024-01-17,3884.60009765625,3458696,0.0060342497432170905,3810.142892020089,3752.985001627604,3802.9343003816493,3749.6337561505884,53.30054423106094,46.15381620308344,57.17190476820491,1.3399178151963544
2024-01-18,3902.60009765625,2239110,0.004633681601063699,3840.528634207589,3762.9350016276044,3818.2674999623573,3760.964596262119,57.3029037002384,48.38363370251443,59.0697836638289,1.319001362204949
2024-01-19,3943.050048828125,2941975,0.010364872177440754,3873.3857770647323,3773.87333984375,3837.4648151724755,3774.4524075633044,63.01240760917108,51.309388483845765,60.56022430856105,1.333258113392598
2024-01-23,3858.25,2618854,-0.021506206560408136,3890.9143415178573,3781.5916748046875,3840.6625359151717,3780.6596366326894,60.0028992824823,53.048090643573076,55.50503091470493,1.4196440232813956
2024-01-24,3841.800048828125,2657709,-0.004263578350774289,3885.057198660714,3788.2216796875,3840.83753790178,3785.1885560545734,55.648981847206414,53.56826888429975,62.36710898944277,1.4120020484820612
2024-01-25,3810.300048828125,2205154,-0.008199281482545784,3871.7000558035716,3792.8283447265626,3836.139462659679,3787.048666630392,49.09079602928705,52.67277431329721,61.70091883236067,1.4231189888571167
2024-01-29,3801.0,1646747,-0.0024407654801320566,3863.085763113839,3799.743343098958,3830.7333914812666,3788.0820987318443,42.65129274942228,50.66847800052223,55.721808925612805,1.4225761183756171
2024-01-30,3800.550048828125,1411621,-0.00011837705126938047,3851.07861328125,3804.1866780598957,3826.08980030386,3789.0056505908283,37.08414971303182,47.95161234302415,62.417470797359066,1.4219490573573994
2024-01-31,3815.949951171875,2459358,0.004052019351382663,3838.700020926339,3802.685009765625,3824.529823514324,3791.0015247079427,33.52829880638137,45.0669496356956,62.70537611334857,1.4209976371027697
2024-02-01,3854.14990234375,2363107,0.01001060067890669,3826.0,3802.5166748046877,3829.0867587188513,3795.679182310595,33.40757640825632,42.73507499020775,63.80355057285409,1.425821549470122
2024-02-02,3966.300048828125,2826510,0.0290985429539663,3841.435721261161,3807.520011393229,3850.1964956587394,3808.317765015597,41.87873064314226,42.56380612079465,69.20516021639617,1.4278987941736505
2024-02-05,3973.300048828125,1691523,0.0017648689997793454,3860.221435546875,3813.961678059896,3869.135503838645,3820.5386749276363,48.59682891100874,43.77041067883747,59.82627578718784,1.407652801795726
2024-02-06,4136.0,4474396,0.04094831731116333,3906.75,3825.5783447265626,3910.191580171161,3843.9061804885523,66.28539968260884,48.27340847959175,69.27930670867843,1.6001548674427335
2024-02-07,4083.39990234375,2124267,-0.012717625158667811,3947.092843191964,3834.2250081380207,3936.8390143515594,3861.64645618153,75.19255817002932,53.65723841767927,68.13652097045393,1.5792081149905797
2024-02-08,4134.10009765625,2345173,0.01241617194617639,3994.742850167411,3845.510009765625,3967.186873321512,3881.82820740188,85.35866591963213,59.997523918069845,69.50132279372815,1.5859815690184995
2024-02-09,4133.7001953125,2100596,-9.673262240961211e-05,4040.1357421875,3856.260017903646,3992.8043074739717,3900.4853916915554,92.3189157824163,66.46180229093913,68.57418914792933,1.5914049941955992
2024-02-12,4120.7001953125,1013716,-0.0031448821602354515,4078.21435546875,3866.953361002604,4012.480597910668,3916.7975993671807,95.68299854348743,72.30604154144879,64.93736674704098,1.6029659054610887
2024-02-13,4149.5,1257415,0.00698905606388478,4104.385777064732,3878.8233642578125,4033.5605059244117,3934.0348142288713,99.52569169554044,77.74997157226713,77.03518544538166,1.3862675556742283
2024-02-14,4100.10009765625,1391283,-0.011905025266598424,4122.500069754465,3888.4566975911457,4043.7973661908486,3946.335946334603,97.46141985624581,81.69226122906286,72.59448171998737,1.4266493201841306
2024-02-15,4103.2001953125,1091582,0.0007561029200291447,4117.814383370535,3899.1233723958335,4052.936262978795,3957.9555203329655,94.98074264582965,84.34995751241622,76.96061973611056,1.392267565366344
2024-02-16,4128.2998046875,1307556,0.006117081346329156,4124.228655133928,3913.6750325520834,4064.5306540109036,3970.5736154703386,93.95703854056501,86.271373718046,79.27550005197273,1.3923596150590836
2024-02-19,4103.7998046875,772291,-0.005934646503187868,4119.900041852678,3928.241691080729,4070.5720618073033,3980.442222079017,90.12983972828624,87.04306692009405,76.00548704426944,1.406367888918583
2024-02-20,4030.64990234375,1193648,-0.01782491978780143,4105.178571428572,3938.0000244140624,4064.4301911206026,3984.1613095060343,80.26888161456827,85.6882298589889,66.75250455763768,1.4646073942079194
2024-02-21,3991.5,1885939,-0.00971304958066066,4086.7214006696427,3948.4400227864585,4053.210161717433,3984.704916209291,68.50524550814225,82.25163298881958,60.70122338608373,1.3902309942800475
2024-02-22,4087.10009765625,2982052,0.023950920119315988,4077.80712890625,3961.680029296875,4058.4239980157126,3992.289744464621,66.13425355109166,79.028157101274,59.660920713975266,1.4666261244980976
2024-02-23,4052.10009765625,2538072,-0.008563528948084875,4070.9499860491073,3972.981697591146,4057.451090268103,3996.720140997334,60.73094927076909,75.36871553517302,56.031851930757,1.4681380663442811
2024-02-26,4001.050048828125,1379284,-0.012598417511367144,4056.357107979911,3981.8316975911457,4048.774006969645,3997.040874910726,51.73313205891918,70.64159883992227,37.5403877130287,1.5057027053647083
2024-02-27,4104.39990234375,2960475,0.025830682509431657,4052.9428362165177,3989.218359375,4057.3318370272,4004.9933954613202,52.33844156587975,66.98096738511377,51.77275234145268,1.5898224484391175
2024-02-28,4118.9501953125,1939225,0.003545047586723138,4055.107177734375,3996.390030924479,4066.811584455708,4013.434639894741,53.37694456096688,64.26016282028439,48.63796473027953,1.589849397259349
2024-02-29,4095.10009765625,3772719,-0.00579033407186913,4064.3143484933034,4004.1833658854166,4071.1636634096376,4019.48393306226,51.6797303473777,61.744076325703055,46.67010665363684,1.597370697754866
2024-03-01,4094.35009765625,2043265,-0.00018314570635991068,4079.0072195870534,4011.1750325520834,4074.7308071398857,4025.0295748840367,49.701232255848936,59.33550751173223,47.677790094428936,1.4767162743616713
2024-03-04,4080.699951171875,1749271,-0.0033338982155406427,4078.0929129464284,4017.1116943359375,4075.649136990961,4029.1533064609134,46.49583053004744,56.767572115395275,43.77036808115267,1.4809794617226175
2024-03-05,4012.10009765625,2070859,-0.01681080558150938,4072.3786272321427,4019.413362630208,4065.8723617086976,4027.8901058087163,37.98225589998128,53.01050887231248,42.299613664699244,1.2079439147947608
2024-03-06,4064.300048828125,1744204,0.013010630318612604,4081.4143415178573,4026.281697591146,4065.630467419379,4030.5871386249687,35.04332879441017,49.41707285673202,46.86541806688551,1.2185902532653992
2024-03-07,4108.60009765625,2688905,0.010899797823956892,4082.0143694196427,4035.1750325520834,4072.2411797635127,4036.3658763309895,35.8753034325232,46.70871897189026,48.460239095157185,1.2107978136928972
2024-03-11,4122.35009765625,2304068,0.003346638678182412,4082.500069754464,4045.576700846354,4079.950244054703,4042.7350779106387,37.21516614406437,44.81000840632508,51.47470285461419,1.2134574767680113
2024-03-12,4192.25,4039801,0.01695632362314181,4096.378627232143,4058.618367513021,4097.227129584749,4053.8102573246656,43.41687226008298,44.53138117707667,62.91354061153364,1.2686215098226508
2024-03-13,4149.0,2837260,-0.010316655733794478,4104.185756138393,4070.233365885417,4105.19218657171,4060.8613493746902,44.33083719702017,44.49127238106537,62.50396369756969,1.2840953856894048
2024-03-14,4207.60009765625,2919608,0.01412390881085801,4122.314348493303,4083.288370768229,4120.9472498154855,4071.7308862844357,49.216363531049865,45.43629061106227,60.16362520643628,1.2882151439109397
2024-03-15,4219.25,3373143,0.0027687760417725027,4151.907191685268,4095.4583740234375,4136.070749843872,4082.658228041144,53.412521802728406,47.0315368493955,64.67642857265352,1.2884936570685772
2024-03-18,4152.5,1526904,-0.015820347218107433,4164.507184709822,4101.6650390625,4138.598326790969,4087.831692630689,50.766634160279864,47.77855631157237,62.94111879504751,1.339262328345166
2024-03-19,3977.300048828125,8931209,-0.042191439174443124,4145.750034877232,4101.798372395833,4113.783207104378,4079.6441634601288,34.139043644248886,45.05065377810768,40.32725979562799,1.6406678652393152
2024-03-20,3970.89990234375,1817913,-0.0016091686334454014,4124.114292689732,4096.295035807291,4091.8011602181273,4071.589033007064,20.21212721106349,40.082948464698845,38.5913330749636,1.5948401540349995
2024-03-21,3972.949951171875,3829582,0.0005162680698436173,4092.785714285714,4092.6133707682293,4073.5163588263963,4064.2824343526054,9.233924473790921,33.913143666517264,40.25993645063438,1.5804986959961587
2024-03-22,3910.89990234375,5852485,-0.015618130001819552,4058.771414620536,4085.1733642578124,4048.4984424444506,4052.9207653149124,-4.422322870461812,26.24605035912145,36.674644491434954,1.5094738277898643
2024-03-26,3877.5,3440925,-0.00854020894877261,4011.6142578125,4076.6333577473956,4022.190989760689,4039.926634550845,-17.73564479015613,17.449711329265934,35.65174458354896,1.5094212953942432
2024-03-27,3840.89990234375,1968575,-0.009439096752095422,3957.5642438616073,4067.306681315104,3994.300053235006,4025.1839136466156,-30.883860411609476,7.782996981090853,37.3391383978513,1.49946620716737
2024-03-28,3876.300048828125,4311783,0.009216628234121282,3918.107107979911,4058.200016276042,3976.1462064031784,4014.155479215616,-38.00927281243776,-1.3754569776148693,35.74246045353185,1.3787211413067477
2024-04-01,3916.75,1569676,0.010435196105137434,3909.457101004464,4052.088346354167,3967.008328494997,4006.940258532978,-39.93193003798115,-9.086751589688125,35.36501331235539,1.403696309856602
2024-04-02,3883.800048828125,2142666,-0.00841257449974464,3897.0142647879466,4044.775008138021,3954.2070547000935,3997.818761517804,-43.611706817710456,-15.991742635292592,32.32046268193838,1.4082284145010378
2024-04-03,3947.300048828125,3973090,0.01634996632207164,3893.3499930245534,4038.7416829427084,3953.144438412098,3994.0766346519017,-40.93219623980349,-20.97983335619477,31.672288688283047,1.4700242568718314
2024-04-04,4003.300048828125,3394637,0.014186912397659013,3906.5500139508927,4035.3916910807293,3960.86068616841,3994.759850516807,-33.89916434839688,-23.563699554635193,39.30250374904504,1.51154177650762
2024-04-05,3979.25,1636819,-0.006007555900079287,3921.0857282366073,4033.678361002604,3963.68981137327,3993.6109727007474,-29.92116132747742,-24.83519190920364,32.338152319231384,1.470231263824028
2024-04-08,3972.550048828125,2302538,-0.001683722101369578,3939.892892020089,4033.046695963542,3965.052924827863,3992.050904265738,-26.997979437875074,-25.267749414937928,30.7716401182074,1.4365044852583657
2024-04-09,3946.550048828125,1876992,-0.006544914395142709,3949.9286063058034,4028.3616943359375,3962.206328520211,3988.6804705296186,-26.474142009407387,-25.50902793383182,32.85893737201164,1.4129472813352613
2024-04-10,3984.64990234375,2101965,0.009653964359818135,3959.628592354911,4026.1133544921877,3965.6591860315248,3988.381909923258,-22.72272389173304,-24.951767125412065,50.79260769907604,1.432214776451892
2024-04-12,4001.39990234375,4354821,0.004203631538657326,3976.4285714285716,4026.1250162760416,3971.157757771867,3989.3462056581093,-18.188447886242102,-23.599103277578074,53.21729957805907,1.372396793754314
2024-04-15,3941.199951171875,4200329,-0.01504472250739397,3975.55712890625,4020.685017903646,3966.5488644487914,3985.779816436907,-19.23095198811552,-22.725473019685563,47.01681801874215,1.3909941956728733
2024-04-16,3872.800048828125,3051420,-0.017355095704650103,3956.9142717633927,4012.480013020833,3952.1259697379196,3977.410944762182,-25.28497502426262,-23.237373420600974,46.46240754048044,1.3712704132145228
2024-04-18,3862.0,3476284,-0.0027886925975930676,3940.1642717633927,4004.710009765625,3938.260435932086,3968.8619858909096,-30.601549958823853,-24.71020872824555,48.49777060146911,1.3623342055299745
2024-04-19,3826.199951171875,2957749,-0.009269821032657943,3919.2571149553573,3995.7716715494794,3921.020361353592,3958.294427763574,-37.27406640998197,-27.222980264592834,48.57309693726897,1.3409485615810506
2024-04-22,3864.60009765625,1728883,0.010036105528832495,3907.549979073661,3988.5683430989584,3912.34032078477,3951.354107014883,-39.013786230113055,-29.58114145769688,48.870878741570415,1.030639117127179
2024-04-23,3874.699951171875,1807586,0.0026134278477480954,3891.842843191964,3983.9883382161456,3906.5494946904787,3945.6760213968823,-39.12652670640364,-31.490218507438232,45.68938289327934,1.0344752763286362
2024-04-24,3831.050048828125,1317312,-0.01126536322652505,3867.507149832589,3976.213338216146,3894.9341953270396,3937.1852086140116,-42.25101328697201,-33.64237746334499,44.7085935395391,1.0576259162149302
2024-04-25,3852.199951171875,2856271,0.005520654148128301,3854.7928641183034,3967.6666666666665,3888.359696226245,3930.8900043590384,-42.53030813279338,-35.41996359723467,39.57463504665493,1.016718719176349
2024-04-26,3821.35009765625,2039178,-0.00800837285360545,3847.44287109375,3957.633333333333,3878.0505272154764,3922.7759371958687,-44.725409980392214,-37.28105287386618,28.889641728355755,1.0146294895757413
2024-04-29,3870.199951171875,1110693,0.012783401747352707,3848.6142926897323,3946.898331705729,3876.8427462856916,3918.88141971261,-42.038673426918194,-38.23257698447659,38.03617947565527,1.0351343153858543
2024-04-30,3820.64990234375,2203078,-0.012802968697553041,3847.8214285714284,3935.953328450521,3868.197693371547,3911.60501101862,-43.40731764707334,-39.26752511699594,34.76731449377479,1.0537055525760806
2024-05-02,3863.300048828125,2491044,0.011163060624374888,3847.6357073102677,3924.47666015625,3867.444209595636,3908.026865671176,-40.582656075539944,-39.530551308704744,41.92138972414571,1.0578604866069043
2024-05-03,3843.39990234375,2962234,-0.005151074530286959,3843.1642717633927,3911.9483235677085,3863.745085403038,3903.239683202478,-39.494597799439816,-39.52336060685176,35.79116230728576,1.0477028057798246
2024-05-06,3921.050048828125,2053831,0.020203504308001552,3856.021414620536,3904.2333251953123,3872.561233622282,3904.5589695451185,-31.997735922836455,-38.0182356700487,42.79954650530354,1.0832063891845296
2024-05-07,3978.949951171875,2062112,0.014766427773869939,3874.1285574776784,3904.288321940104,3888.928728629912,3910.069412628582,-21.140683998670283,-34.64272533577302,53.39692312018496,1.087348959322636
2024-05-08,3976.949951171875,1247685,-0.0005026451763764372,3896.357107979911,3904.489990234375,3902.470455174829,3915.0235265947517,-12.553071419922617,-30.224794552602944,60.64383263605007,1.078939508245678
2024-05-09,3960.199951171875,1726486,-0.0042117703782177385,3909.2142508370534,3904.064990234375,3911.3519160974515,3918.3699284152794,-7.018012317827925,-25.583438105647943,59.915181831045004,1.0825232684179433
2024-05-10,3893.89990234375,1672489,-0.016741591244276988,3919.678536551339,3903.498323567708,3908.6669909045745,3916.5573338914623,-7.890342986887845,-22.044819081895923,56.439029623358365,1.1371092918913215
2024-05-13,3947.800048828125,931326,0.013842201349842709,3931.7499651227677,3905.841658528646,3914.6874613543514,3918.871609071956,-4.184147717604446,-18.472684809037627,57.68661850317243,1.160619743593604
2024-05-14,3901.199951171875,1058317,-0.011804067348872627,3940.0071149553573,3907.85166015625,3912.6124597878165,3917.5625973756537,-4.950137587837162,-15.768175364797536,52.29357720622417,1.1821933305880017
2024-05-15,3880.39990234375,1115021,-0.005331705395381414,3934.199951171875,3907.988321940104,3907.6566817194985,3914.8098051510683,-7.153123431569838,-14.045164978151996,54.447131937939,1.14158210861402
2024-05-16,3900.949951171875,2599399,0.005295858505643514,3923.0570940290177,3907.4616536458334,3906.624877019864,3913.7831493007575,-7.1582722808934705,-12.667786438700292,54.39783103765731,1.0784230033879736
2024-05-17,3834.10009765625,2765804,-0.017136813943368523,3902.649972098214,3905.8049886067706,3895.467218656231,3907.880701030794,-12.413482374563046,-12.616925625872843,51.080049932455516,1.146451882630683
2024-05-21,3820.199951171875,1908117,-0.0036253999974784623,3882.649972098214,3901.568318684896,3883.8876390432533,3901.3858306708744,-17.498191627621054,-13.593178826222486,45.49793538130377,1.1300389242971625
2024-05-22,3832.0,1311168,0.0030888563370892186,3873.80712890625,3895.8583170572915,3875.9049253442913,3896.246139510069,-20.34121416577773,-14.942785894133536,51.09652019351966,1.1079695610851643
2024-05-23,3893.449951171875,2095742,0.01603599978389214,3866.0428292410716,3892.9983154296874,3878.6041600869967,3896.0390144479807,-17.43485436098399,-15.441199587503627,52.81065250362786,1.1660894636255108
2024-05-24,3849.5,1309452,-0.011288176738639355,3858.6571219308034,3888.8966471354165,3874.1265969966894,3892.5916800444265,-18.465083047737153,-16.045976279550334,50.54426243791932,1.1662087173982247
2024-05-27,3847.050048828125,1841538,-0.0006364336074490273,3853.8928571428573,3885.57998046875,3869.960974201526,3889.218225880256,-19.257251678729972,-16.68823135938626,42.3742817176383,1.159824438789029
2024-05-28,3839.89990234375,1801993,-0.0018586050073752247,3845.1714215959823,3880.75498046875,3865.3361939157144,3885.5650167294034,-20.22882281368902,-17.396349650246815,33.99701827863754,1.1455482551403682
2024-05-29,3803.64990234375,1568095,-0.009440350249201646,3840.8213936941966,3874.1633138020834,3855.8459952123353,3879.4972304786143,-23.651235266278945,-18.647326773453244,31.512706812230675,1.125745033791517
2024-05-30,3736.10009765625,2919230,-0.01775920666249453,3828.80712890625,3867.326652018229,3837.423549434476,3868.875220639921,-31.451671205444654,-21.208195659851526,28.431208065518945,1.1585202765954852
2024-05-31,3670.949951171875,10956800,-0.017438008827773466,3805.799979073661,3860.5983154296873,3811.812226624845,3854.2140895682137,-42.40186294336854,-25.44692911655493,28.4942795254062,1.1761591214567964
2024-06-03,3702.85009765625,2156773,0.008689888696028492,3778.5714285714284,3855.293318684896,3795.048822168138,3843.0019420191793,-47.953119851041265,-29.9481672634522,25.324893472913374,1.2001200408526835
2024-06-04,3715.0,3395997,0.003281229869780633,3759.3571428571427,3851.5866536458334,3782.733618757655,3833.5203166844253,-50.7866979267701,-34.11587339611578,29.844133782043116,1.0916294739307943
2024-06-05,3746.449951171875,2799670,0.008465666533479244,3744.9857003348216,3847.6483154296875,3777.151516052151,3827.070659979792,-49.91914392764102,-37.27652750242083,35.82690325563854,1.046932268658255
2024-06-06,3830.39990234375,4328036,0.02240786671809558,3743.6285574776784,3846.1716471354166,3785.343575481628,3827.31727052527,-41.97369504364224,-38.21596101066511,43.41822415751093,1.190640453734394
2024-06-07,3893.949951171875,4552445,0.016590969728575766,3756.528564453125,3848.268310546875,3802.052248664743,3832.2530246472406,-30.200775982497817,-36.61292400503165,55.61812044084181,1.2575252798059433
2024-06-10,3858.699951171875,1734661,-0.009052504639766035,3774.0428292410716,3848.4849772135417,3810.7672798196863,3834.212056241658,-23.44477642197171,-33.97929448841966,53.474729241877256,1.2172283818016207
2024-06-11,3852.10009765625,1419898,-0.001710382667514887,3799.9214215959823,3849.509977213542,3817.1261748714655,3835.5370963464425,-18.41092147497693,-30.865619885731117,51.831277770561115,1.1703389107319173
2024-06-12,3831.64990234375,2177001,-0.005308843174906763,3818.3213936941966,3848.2249755859375,3819.3605944825863,3835.2491560499466,-15.888561567360284,-27.870208222056952,43.914922913975296,1.1480511619031342
2024-06-13,3878.14990234375,1932323,0.012135764275216454,3841.6285226004466,3850.141642252604,3828.405103384304,3838.426989108747,-10.02188572444311,-24.300543722534186,52.80688712271467,1.178102422316439
2024-06-14,3832.050048828125,1860730,-0.011887073650186819,3853.857107979911,3849.0999755859375,3828.9658642218146,3837.9546231620343,-8.988758940219668,-21.238186766071284,48.64620938628158,1.2001795642651103
2024-06-18,3815.10009765625,1774045,-0.004423207149149455,3851.6714215959823,3848.1566487630207,3826.832669365574,3836.261695346791,-9.42902598121691,-18.87635460910041,47.80065508347897,1.1414532953964642
2024-06-19,3801.699951171875,1509050,-0.0035123970908672586,3838.492850167411,3844.1783121744793,3822.966097335774,3833.701566148649,-10.735468812874842,-17.248177449855298,49.81976602755479,1.141276900394261
2024-06-20,3787.25,2846526,-0.0038009183674321267,3828.285714285714,3837.7883138020834,3817.4713131302706,3830.2607093968973,-12.789396266626682,-16.356421213209575,55.24237902067525,1.1412859216206985
2024-06-21,3810.75,4642195,0.006205030034985848,3822.3785574776784,3832.2483154296874,3816.437264956383,3828.8154716637937,-12.378206707410754,-15.560778312049813,65.66562798370572,1.0860356133576496
2024-06-24,3816.800048828125,1702154,0.0015876268000065696,3820.257149832589,3827.4683186848956,3816.4930778597277,3827.925440342633,-11.432362482905319,-14.735095146220914,63.5541799549645,1.0597906119760567
2024-06-25,3838.449951171875,1338808,0.0056722652658729444,3814.5857282366073,3825.6199869791667,3819.8710583692887,3828.7050337373917,-8.833975368102983,-13.554871190597328,64.35965956045018,1.0683201206212158
2024-06-26,3855.85009765625,1639845,0.004533117978798407,3817.9857352120534,3822.5549886067706,3825.4062951826672,3830.715779212863,-5.309484030195563,-11.905793758516976,63.155379225267545,1.0722026952186527
2024-06-27,3934.14990234375,4526556,0.020306755372853758,3834.992850167411,3823.6533203125,3842.136080899757,3838.377566111447,3.7585147883100944,-8.772932049151562,62.6478147876098,1.1350162976634883
2024-06-28,3904.14990234375,2731571,-0.007625535565416008,3849.6285574776784,3824.4449869791665,3851.6766688142175,3843.2495910175435,8.427077796673984,-5.332930079986453,51.35421603017855,1.063725164847243
2024-07-01,3978.199951171875,2658723,0.01896700963855702,3876.9071219308034,3827.019986979167,3871.141789176934,3853.2459139919383,17.895875184995475,-0.6871690269900677,64.38372991011344,1.0195506526789426
2024-07-02,4017.39990234375,2307449,0.009853690526623105,3906.428536551339,3833.12998046875,3893.643037356444,3865.4054686846653,28.237568671778718,5.09777851276369,68.44863891601562,1.022649927137606
2024-07-03,3965.25,1821198,-0.012981008515812853,3927.635672433036,3837.964982096354,3904.6594931477603,3872.8013598932084,31.85813325455183,10.44984946112132,63.92538870651704,1.0920834045653245
2024-07-04,4020.949951171875,2518001,0.01404702129042934,3953.707101004464,3844.2633138020833,3922.550332843778,3883.7753296175542,38.77500322622382,16.11488021414182,64.60422874429536,1.1128550053199762
2024-07-05,4011.800048828125,1668616,-0.0022755573819274177,3975.985665457589,3848.208317057292,3936.2810583798314,3893.2586421516708,43.02241622816064,21.496387416945584,69.88606223253633,1.026845861226337
2024-07-08,3993.199951171875,1758882,-0.004636347133422869,3984.42138671875,3852.9983154296874,3945.037811117069,3900.661702079093,44.376109037975766,26.072331741151622,69.63182440814987,0.9807463926777091
2024-07-09,3985.5,1305801,-0.001928265868483603,3996.0428292410716,3857.613313802083,3951.2627632529043,3906.946020443605,44.316742809299285,29.721213954781156,70.5179938700434,0.9537137675814816
2024-07-10,3909.14990234375,2669716,-0.019156968424601684,3986.178536551339,3859.9216471354166,3944.7838615745727,3907.109270954727,37.67459061984573,31.311889287794074,61.95566389226776,1.060035534706471
2024-07-11,3923.699951171875,4872189,0.0037220493436185276,3972.7928292410716,3863.9233154296876,3941.540183051081,3908.338210230071,33.201972821009804,31.689905994437222,61.27582951048535,1.0518983975168894
2024-07-12,4183.9501953125,13509164,0.06632776394201523,4004.035714285714,3878.8516520182293,3978.8340310912995,3928.7539128287694,50.08011826253005,35.36794844805579,74.31296753468266,1.787850166206223
2024-07-15,4169.2001953125,4848030,-0.003525376572724337,4025.2143205915177,3895.459993489583,4008.1211332791763,3946.5647485683053,61.55638471087104,40.60563570061885,72.10453648207184,1.758401218256268
2024-07-16,4178.4501953125,2029521,0.0022186509562194257,4049.021484375,3911.313330078125,4034.325604361226,3963.7414483271345,70.5841560340914,46.60133976731336,71.79730389569256,1.7471605578558844
2024-07-18,4315.5498046875,5613364,0.03281111487910082,4095.071463448661,3931.3316569010417,4077.5908659498837,3989.8013265760505,87.78953937383312,54.838979688617314,73.87330968946333,1.8434392241138555
2024-07-19,4302.39990234375,3903354,-0.003047097806510468,4140.342878069197,3949.863321940104,4112.17687154894,4012.9567766329174,99.22009491602239,63.715202734098334,75.46519273675514,1.8412945948883135
2024-07-22,4287.35009765625,1896386,-0.0034980022845625403,4194.371477399553,3965.0949951171874,4139.126598642372,4033.282207819831,105.8443908225413,72.14104035178693,71.38117270661465,1.8549939110783713
2024-07-23,4302.35009765625,2365208,0.003498664596623513,4248.46435546875,3978.7083333333335,4164.237906182969,4053.2131626225287,111.02474356044013,79.91778099351757,70.3900103351481,1.8530554071761585
2024-07-24,4306.25,1809793,0.0009064586226663618,4265.935756138393,3993.626668294271,4186.085920616358,4071.956632057897,114.12928855846076,86.76008250650621,76.2106268995506,1.8567817974441598
2024-07-25,4322.5,2810342,0.0037735849056603765,4287.835728236607,4009.3066650390624,4207.072702059995,4090.515400053608,116.55730200638709,92.71952640648239,74.67476194224285,1.8571592918020814
2024-07-26,4387.85009765625,3552210,0.015118588237420516,4317.75,4027.846671549479,4234.884609074804,4112.540192468618,122.3444166061854,98.644504446423,78.17910726275176,1.8394984845043765
2024-07-29,4381.10009765625,1746803,-0.0015383387877369037,4327.114327566965,4044.611678059896,4257.379299625795,4132.433518778814,124.9457808469815,103.9047597265347,79.59264180483864,1.8213608325562292
2024-07-30,4365.35009765625,1797906,-0.003594987480068257,4336.107212611607,4062.3883463541665,4273.990191630481,4149.686598695661,124.30359293481979,107.98452636819172,78.62689467118554,1.806190327903885
2024-07-31,4385.35009765625,2330091,0.00458153402420991,4350.107212611607,4081.3966796875,4291.122484865215,4167.143154174223,123.97933069099145,111.18348723275167,89.21928032557466,1.8022768100738211
2024-08-01,4397.10009765625,2202244,0.002679375588799493,4363.642926897322,4101.243351236979,4307.426732986913,4184.177001839558,123.2497311473544,113.59673601567222,89.16932738259486,1.7555566310386346
2024-08-02,4283.0498046875,2811282,-0.0259376158003638,4360.32861328125,4117.770011393229,4303.676436325464,4191.500913161628,112.17552316383626,113.31249344530504,60.81638221763655,1.8746276367926487
2024-08-05,4155.0498046875,2787771,-0.029885246690317002,4336.407156808035,4129.246671549479,4280.810800688854,4188.800831052434,92.00996963642046,109.05198868352812,48.76166970338186,2.0144833525921846
2024-08-06,4171.2001953125,2203067,0.003886930694977364,4305.457170758928,4141.060009765625,4263.947630630953,4187.497080256883,76.45055037407019,102.53170102163654,49.37310851707739,2.008836479982189
2024-08-07,4200.4501953125,1237666,0.007012370212504004,4279.650041852678,4153.126684570312,4254.178794428114,4188.456570261003,65.72222416711065,95.16980565073136,37.76578297245116,2.0087144240368193
2024-08-08,4172.5498046875,2441283,-0.0066422381715501855,4252.107142857143,4163.683341471354,4241.620488314174,4187.278291329633,54.34219698454035,87.00428391749317,36.61755514604127,1.9554442288024103
2024-08-09,4228.75,1302536,0.013469029237078045,4229.735700334822,4173.503344726562,4239.640413188916,4190.350269749661,49.29014343925519,79.46145582184558,44.43283713637607,1.9682791426193218
2024-08-12,4195.64990234375,936912,-0.00782739524830034,4200.957101004465,4183.2200113932295,4232.87264228966,4190.742835127001,42.129807162658835,71.99512609000823,40.200227098644405,1.3240193473006565
2024-08-13,4196.9501953125,1495593,0.0003099145541252124,4188.657156808035,4190.511686197917,4227.346111985481,4191.202639585186,36.14347240029474,64.82479535206554,39.91330287218032,1.3210788043675914
2024-08-14,4295.25,3226545,0.023421722944744428,4208.685756138393,4199.773356119792,4237.792863987715,4198.909851467765,38.88301251994926,59.636438785642284,47.815986875884434,1.4178488343479252
2024-08-16,4416.0498046875,3457058,0.02812404509341704,4243.664271763393,4214.800016276042,4265.217008710759,4214.994292447005,50.22271626375368,57.753694281264565,52.075640683750606,1.3662629426696131
2024-08-19,4490.0,2055210,0.01674577927857701,4285.028529575893,4230.4350179036455,4299.799007370642,4235.365085599079,64.43392177156329,59.08973977932431,57.294017994093544,1.4047140820767374
2024-08-20,4523.2998046875,2212298,0.007416437569599088,4335.135672433035,4247.485009765625,4334.18374541939,4256.693583309332,77.49016211005801,62.76982424547106,60.3363290743665,1.4024882885304948
2024-08-21,4551.5,1896990,0.006234429847713496,4381.242815290178,4266.0950113932295,4367.617015354868,4278.531095656789,89.08591969807912,68.03304333599267,60.75749997945081,1.4045628858618122
2024-08-22,4502.0,1829872,-0.010875535537734793,4425.007114955357,4283.311678059896,4388.291320684889,4295.0843478303605,93.20697285452843,73.06782923969983,56.47529090357789,1.437736565836509
2024-08-23,4463.89990234375,1809253,-0.008462927067136805,4463.142787388393,4301.8033447265625,4399.923410170867,4307.589203720241,92.33420645062597,76.92110468188507,62.31862849115002,1.457146597283692
2024-08-26,4502.4501953125,1844164,0.00863601196534658,4492.742815290178,4321.09501953125,4415.696761731118,4322.023351245593,93.67341048552498,80.27156584261306,76.9469088220679,1.4327607247699536
2024-08-27,4497.14990234375,930697,-0.0011772019098108544,4504.328543526785,4331.535009765625,4428.228014133062,4334.995688363975,93.23232576908686,82.86371782790782,75.71589377798222,1.4323952671708398
2024-08-28,4506.0498046875,1848058,0.0019790094920144607,4506.621372767857,4342.763330078125,4440.200597295283,4347.666363647199,92.5342336480835,84.79782099194296,74.9102484704429,1.427567839232451
2024-08-29,4511.7998046875,2133641,0.0012760622383751752,4504.978515625,4353.874983723958,4451.215859971008,4359.824396316852,91.39146365415672,86.11654952438572,78.68917037333118,1.425949742011038
2024-08-30,4553.75,3637222,0.009297884908128218,4505.299944196428,4361.814990234375,4466.990343052392,4374.189255848936,92.80108720345561,87.4534570601997,78.16286394662595,1.4364254710705582
2024-09-02,4521.0498046875,1216500,-0.0071809377573428534,4508.021344866072,4369.1033203125,4475.307183303947,4385.067815022163,90.23936828178375,88.01063930451652,78.21707389156721,1.3002261540296085
2024-09-03,4512.35009765625,1717263,-0.0019242670191843558,4514.942801339285,4376.6033203125,4481.006093204301,4394.496132254318,86.509960949983,87.71050363360982,77.00339371906962,1.0582249474772765
2024-09-04,4479.25,1265505,-0.007335445375446947,4511.628487723215,4382.499983723958,4480.735925019024,4400.7741965317755,79.96172848724837,86.16074860433753,67.73320382793852,1.0891938757981006
2024-09-05,4475.9501953125,1688793,-0.0007366868755930289,4508.599958147322,4388.156656901042,4479.9996589103275,4406.342789034052,73.65686987627578,83.65997285872518,57.46327859597208,1.0902914604000045
2024-09-06,4456.75,1649179,-0.004289635602426456,4501.55712890625,4392.631656901041,4476.422788308739,4410.076656513011,66.34613179572807,80.19720464612577,45.202723266115854,1.0802947308411839
2024-09-09,4449.5498046875,1184938,-0.0016155708335671148,4492.664271763393,4394.688313802083,4472.288483136241,4413.000593414825,59.28788972141592,76.01534166118381,38.49278665943403,1.058401454541678
2024-09-10,4507.85009765625,1385591,0.013102514979679958,4486.107142857143,4398.913313802083,4477.759500754703,4420.026482617894,57.73301813680973,72.358876956309,43.77410579597704,1.0533261246833525
2024-09-11,4479.35009765625,1325919,-0.006322304287540104,4480.150041852678,4402.713313802084,4478.004207970326,4424.420824472587,53.583383497739305,68.60377826459506,46.563523730925546,1.074610712143356
2024-09-12,4517.7001953125,2742216,0.008561531655298937,4480.914341517857,4407.124983723958,4484.111282946045,4431.330407497766,52.7808754482794,65.43919770133193,58.15647147829614,0.9750362912397362
2024-09-13,4522.60009765625,1458786,0.0010846010429894637,4487.107212611607,4411.308317057292,4490.032639055307,4438.091125287283,51.94151376802438,62.739660914670424,53.40196564976745,0.7674655520892647
2024-09-16,4513.25,1155120,-0.002067416409665679,4492.435756138393,4418.981656901042,4493.604540739107,4443.658449340077,49.94609139902968,60.18094701154228,52.68155579519559,0.6771428937473011
2024-09-17,4505.64990234375,1699364,-0.0016839522863235645,4499.421456473215,4430.668326822916,4495.4576732936675,4448.25040882183,47.207264471837334,57.58621050360129,49.93310452193829,0.6569389801690603
2024-09-18,4346.14990234375,2961779,-0.03539999854783016,4484.650041852678,4436.499983723958,4472.48724699368,4440.6874083419725,31.799838651707432,52.42893613322252,31.702244482103566,1.0086546284301712
2024-09-19,4296.14990234375,2927551,-0.011504435218177012,4454.407156808035,4439.689973958333,4445.358424739845,4429.980926416179,15.37749832366626,45.018648571311275,22.04257483982768,1.0115767763109274
2024-09-20,4284.89990234375,5447908,-0.0026186237109330213,4426.628557477678,4443.434977213542,4420.672498217369,4419.234183892295,1.438314325074316,36.302581722063884,23.11899375823296,1.0011887758989229
2024-09-23,4268.5,1702319,-0.003827371167942517,4391.028529575893,4444.759977213542,4397.261344645466,4408.068688789162,-10.807344143695445,26.88059654891202,22.720693064439487,0.9698260562499518
2024-09-24,4271.2998046875,3012026,0.0006559223819841975,4355.128487723215,4447.281640625,4377.882646190395,4397.937660337187,-20.05501414679202,17.493474409771213,25.045001757881167,0.9721239983660073
2024-09-25,4274.75,2713073,0.0008077623838798065,4321.057059151785,4449.874967447917,4362.016085238026,4388.812648460358,-26.796563222332225,8.635466883350526,25.86374541944312,0.9696159004076962
2024-09-26,4292.5,3964251,0.004152289607579407,4290.607073102678,4449.78330078125,4351.321302893714,4381.678378204036,-30.357075310321306,0.83695844461616,30.227546853067935,0.9777444457444026
2024-09-27,4308.7001953125,3012477,0.003774069962143356,4285.257114955357,4446.20498046875,4344.764209419682,4376.272586878737,-31.508377459054827,-5.632108736118037,33.40409863417216,0.9502511296777141
2024-09-30,4268.5,2503416,-0.009330005219725934,4281.30712890625,4438.821647135416,4333.031254124346,4368.289432295126,-35.25817817078041,-11.557322623050512,20.541561849084317,0.9567557197562128
2024-10-01,4287.89990234375,1823365,0.004544899225430443,4281.735700334822,4430.974983723959,4326.087969235024,4362.334652298728,-36.24668306370404,-16.49519471118122,25.8970153584373,0.9707965974312791
2024-10-03,4232.75,3350119,-0.01286175134676193,4276.628557477678,4420.349983723959,4311.728281660405,4352.735789165488,-41.007507505083595,-21.397657269961698,15.581584627906153,0.992890086186564
2024-10-04,4252.25,2965463,0.004606934026342158,4273.907156808035,4412.024983723958,4302.577776789573,4345.292397375452,-42.71462058587895,-25.66104993314515,18.457599715610982,1.0057802726359373
2024-10-07,4272.85009765625,1472619,0.00484451705714628,4273.6357421875,4405.656656901042,4298.004287692139,4339.926301099956,-41.92201340781685,-28.91324262807949,22.669424487987826,1.0179459695395923
2024-10-08,4253.25,1541867,-0.004587125035582451,4268.028599330357,4397.349983723959,4291.119012662579,4333.505834351811,-42.38682168923242,-31.607958440310078,22.067315330270503,1.0194386278495182
2024-10-09,4252.9501953125,1082504,-7.048837653556017e-05,4260.064313616072,4389.209993489583,4285.246886916413,4327.538749978529,-42.291863062116136,-33.74473936467129,34.07387629433704,0.9559196938047952
2024-10-10,4227.39990234375,2378875,-0.006007663338477576,4254.19287109375,4379.921663411458,4276.347350828311,4320.1210575611385,-43.77370673282712,-35.750532838302455,37.18070112824398,0.9553459686770059
2024-10-11,4149.2001953125,5759183,-0.01849829891605348,4234.378627232143,4367.835009765625,4256.786249979725,4307.460252950128,-50.67400297040331,-38.73522686472263,29.75236235674683,0.9766584147913877
2024-10-14,4136.64990234375,2137590,-0.003024749922389547,4220.650041852678,4353.931673177083,4238.303734958806,4294.807634386692,-56.50389942788661,-42.28896137735543,30.09812780346728,0.9692516692391797
2024-10-15,4116.7998046875,2759474,-0.004798592611137686,4201.300013950893,4340.456673177084,4219.610822609374,4281.621869223789,-62.011046614415136,-46.23337842476737,27.820893848483152,0.9677079817006705
2024-10-16,4094.949951171875,2359151,-0.0053074850739028845,4175.885707310268,4326.5433349609375,4200.432227003605,4267.794319738462,-67.36209273485747,-50.4591212867854,25.484069626931998,0.9654661994934677
2024-10-17,4109.0,2522659,0.0034310672891384453,4155.278564453125,4314.201668294271,4186.365730541512,4256.031777535613,-69.66604699410163,-54.300506428248646,24.724551905034133,0.6573540974327018
2024-10-18,4123.0498046875,2361000,0.0034192759035045484,4136.72136579241,4302.438321940104,4176.624818871664,4246.181261028346,-69.55644215668235,-57.35169357393539,24.275967800644366,0.6375220607666797
2024-10-21,4079.85009765625,1595450,-0.010477609798003495,4115.642822265625,4289.874991861979,4161.736400223139,4233.860434111894,-72.12403388875555,-60.306161636899425,24.075841022915768,0.664940749417151
2024-10-22,4015.5,1928049,-0.015772662258649484,4096.54279436384,4275.406665039062,4139.238492496502,4217.685587140643,-78.44709464414154,-63.93434823834785,16.682970586057223,0.7287594861468097
2024-10-23,4066.25,1966476,0.012638525712862725,4086.485665457589,4260.686661783854,4128.009493650886,4206.468136241337,-78.45864259045084,-66.83920710876845,29.413941616327236,0.8057977677868153
2024-10-24,4047.89990234375,2676744,-0.0045127814709499114,4076.642822265625,4246.304988606771,4115.684941142095,4194.722341137812,-79.03739999571644,-69.27884568615805,24.662108164135148,0.8033392994836399
2024-10-25,4057.550048828125,1759676,0.0023839884179912563,4071.299979073661,4230.966650390625,4106.7411115553305,4184.561430596354,-77.82031904102314,-70.98714035713107,22.559263060090444,0.7963529002135925
2024-10-28,4090.85009765625,1532534,0.008206934831954227,4068.7071358816966,4216.574983723958,4104.296340186241,4177.619850378568,-73.32351019232738,-71.45441432417033,30.00001202663178,0.8213323930703953
2024-10-29,4075.25,1445885,-0.003813412196449706,4061.878592354911,4201.974983723959,4099.827672465281,4170.036898498674,-70.20922603339386,-71.20537666601504,28.910506558123743,0.8065249321255578
2024-10-30,4084.64990234375,1935002,0.0023065829933746063,4062.564278738839,4187.941650390625,4097.492630908122,4163.711935820532,-66.21930491240983,-70.208162315294,32.38306375316813,0.7980604894864216
2024-10-31,3968.449951171875,3740372,-0.028447958564380316,4055.842843191964,4175.351652018229,4077.6399109486993,4149.248085105816,-71.60817415711699,-70.48816468365861,29.606207334628735,0.9644132174828108
2024-11-01,3984.199951171875,154895,0.003968803989917724,4044.121407645089,4164.9533203125,4063.2645325214953,4137.022297407006,-73.75776488551037,-71.14208472402896,32.92259424181279,0.9618055150892482
2024-11-04,3964.14990234375,2269192,-0.005032390209790516,4032.1571219308034,4154.261653645834,4048.0161278787655,4124.216934809728,-76.20080693096224,-72.15382916541562,32.90785252379901,0.9434764332595597
2024-11-05,3971.35009765625,967590,0.001816327709565968,4019.842843191964,4144.356656901042,4036.2213539983786,4112.893465390952,-76.67211139257324,-73.05748561084715,35.69115401769186,0.9511408429094816
2024-11-06,4139.64990234375,3792017,0.04237848604353078,4026.8142438616073,4139.968326822916,4052.1334383592052,4114.875423683751,-62.74198532454602,-70.99438555358692,52.61451057325053,1.3976728496809718
2024-11-07,4150.89990234375,3724349,0.002717621119030067,4037.6213727678573,4135.839990234375,4067.328278972212,4117.543903584492,-50.21562461227995,-66.83863336532553,52.38708262569463,1.3956804193365684
2024-11-08,4147.0,1648039,-0.0009395317727483032,4046.5285295758927,4130.989990234375,4079.585466822641,4119.725836652307,-40.14036982966627,-61.49898065819369,56.1712954860597,1.332422404696036
2024-11-11,4198.7001953125,1406487,0.012466890598625602,4079.4214215959823,4127.323323567708,4097.910809667234,4125.575789145655,-27.66497947842072,-54.7321804222391,67.23749159245361,1.3583410850943436
2024-11-12,4197.39990234375,1587640,-0.0003096894058313149,4109.878557477678,4124.9533203125,4113.21682392516,4130.896093826996,-17.67926990183605,-47.32159831815849,63.606153783807066,1.3522433369522788
2024-11-13,4150.35009765625,1098813,-0.01120927378428449,4136.478585379465,4120.368326822917,4118.929635268404,4132.337131147681,-13.407495879277121,-40.53877783038222,60.0313440656638,1.3731389135656586
2024-11-14,4145.89990234375,1825432,-0.0010722457642822203,4161.414271763393,4117.473323567709,4123.07890712615,4133.341780865909,-10.262873739759016,-34.48359701225758,58.73971477908057,1.3722219939194156
2024-11-18,4019.5,3313944,-0.030487929115773804,4144.25,4109.714990234375,4107.143690645204,4124.909056357323,-17.76536571211909,-31.139950752229886,44.03975751959283,1.5345767612468137
2024-11-19,4039.550048828125,1776233,0.004988194757588049,4128.342878069197,4101.938321940104,4096.744668827191,4118.586166910715,-21.84149808352413,-29.280260218488735,47.03980624230481,1.52408187371727
2024-11-21,4072.85009765625,2384347,0.008243504456092898,4117.750034877232,4095.9249918619794,4093.0685809547385,4115.198309928903,-22.12972897416421,-27.850153969623832,49.058877226433374,1.4907190019595924
2024-11-22,4244.60009765625,3096553,0.0421694871851126,4124.307163783482,4095.6466552734373,4116.381121985741,4124.783627538336,-8.402505552595358,-23.960624286218138,70.23224915099074,1.7394922963849442
2024-11-25,4315.10009765625,4052167,0.01660933854261759,4141.121477399553,4098.569995117187,4146.953272088896,4138.881143843367,8.072128245528802,-17.55407377986875,72.44302422892244,1.7600084227957165
2024-11-26,4352.7001953125,2060669,0.008713609604716455,4170.02863420759,4105.353328450521,4178.606644892527,4154.7195921003395,23.887052792187205,-9.26584846545756,75.74031411715767,1.763871918174131
2024-11-27,4332.5498046875,1558993,-0.004629400078300927,4196.692905970982,4111.883325195313,4202.290207937907,4167.892200440129,34.39800749777805,-0.5330772728104377,73.52477435218677,1.7698139943142388
2024-11-28,4244.89990234375,2558544,-0.02023055851520028,4228.89289202009,4116.153328450521,4208.845545538806,4173.596474655213,35.24907088359305,6.623352358470259,57.659550274326975,1.8398707871879214
2024-11-29,4270.85009765625,2017425,0.006113264366533588,4261.935756138393,4122.016666666666,4218.384707403028,4180.800446729364,37.584260673664176,12.815534021509043,58.546492938283556,1.8419535894574048
2024-12-02,4276.64990234375,1670944,0.0013579977182254233,4291.050013950893,4127.604996744792,4227.348583547755,4187.900406404504,39.44817714325109,18.142062645857454,59.212658310416444,1.6939354985815642
2024-12-03,4302.75,2010905,0.006102930623791858,4299.357142857143,4133.595003255208,4238.948801463485,4196.407783707874,42.54101775561139,23.02185366780824,57.67271475564722,1.6946653250496442
2024-12-04,4354.39990234375,3302642,0.012003928265353458,4304.971400669643,4142.746663411458,4256.710509291219,4208.110903606827,48.59960568439146,28.137404071124887,60.7770397998611,1.6897456408536005
2024-12-05,4464.0498046875,3746747,0.02518140382208145,4320.878487723215,4157.698323567708,4288.608862429108,4227.069340723914,61.53952170519369,34.81782759793865,69.82929920263906,1.7475220811900978
2024-12-06,4445.5,1842087,-0.00415537583564185,4337.014229910715,4170.339990234375,4312.745960516937,4243.24938955918,69.49657095775729,41.75357626990238,68.60638810803927,1.534606550779496
2024-12-09,4452.14990234375,2066639,0.0014958727575637987,4366.621372767857,4183.814990234375,4334.192720797985,4258.723501617296,75.46921918068892,48.49670485205969,81.56415267345257,1.535253550873175
2024-12-10,4432.5498046875,2087828,-0.004402389426719888,4389.721330915178,4196.3149820963545,4349.324579857911,4271.599524066941,77.72505579097015,54.342375039841784,78.69029579542809,1.542602162049809
2024-12-11,4427.4501953125,1635256,-0.0011504911619057978,4411.264229910715,4207.534985351563,4361.343905312463,4283.144018233279,78.19988707918401,59.11387744771023,76.99864899127904,1.5307034126464159
2024-12-12,4454.9501953125,1914642,0.006211249994209966,4433.007114955357,4220.191658528646,4375.744873004776,4295.870401720628,79.87447128414806,63.2659962149978,70.52397481841301,1.530750828675913
2024-12-13,4473.89990234375,1967048,0.004253629378660362,4450.078543526785,4233.166658528646,4390.845646749234,4309.057772137156,81.78787461207867,66.97037189441397,67.22716495642649,1.493305056861363
2024-12-16,4415.2001953125,1646224,-0.013120478399728852,4443.100027901785,4248.058333333333,4394.592500374352,4316.920173853848,77.67232652050461,69.1107628196321,56.48341562543687,1.5379096159235879
2024-12-17,4328.5,3225027,-0.019636752916560196,4426.3857421875,4259.535001627604,4384.424423393682,4317.777938753563,66.64648464011952,68.61790718372959,49.63086196890232,1.4277684076403994
2024-12-18,4347.85009765625,1575404,0.004470393359420122,4411.485770089285,4272.325008138021,4378.797604049462,4320.005506079688,58.79209796977466,66.65274534093861,60.71841797570026,1.4275896807884378
2024-12-19,4271.89990234375,3015763,-0.017468448453050733,4388.535784040178,4282.343334960938,4362.351803787045,4316.442128025174,45.90967576187177,62.504131425125244,50.09899166628298,1.4992532912356618
2024-12-20,4170.2998046875,4116989,-0.023783351665264352,4351.800013950893,4283.364998372396,4332.805342387115,4305.616770740901,27.18857164621386,55.44101946934297,41.50625239344257,1.2916068423770728
2024-12-23,4158.2998046875,2195338,-0.0028774909627629075,4309.42138671875,4283.611661783854,4305.958336587174,4294.704402885094,11.253933702079848,46.60360231589035,38.19753413464914,1.2251297955269735
2024-12-24,4179.5,1181886,0.005098284469196246,4267.3642578125,4284.694995117187,4286.503207881455,4286.1707434121245,0.33246446933026164,37.349374746578334,34.96130273378951,1.2114260989937289
2024-12-26,4169.10009765625,1208464,-0.002488312559815742,4232.207101004465,4283.708325195313,4268.441190923731,4277.498843726504,-9.057652802773191,28.06796923670803,19.419387696211288,1.2098864552373256
2024-12-27,4164.85009765625,858100,-0.001019404643795685,4208.828543526785,4282.6233317057295,4252.50409965181,4269.154492165744,-16.650392513934094,19.124296886579607,20.01281354312205,1.1299061264116401
2024-12-30,4158.7998046875,1527169,-0.0014527036572468122,4181.821358816965,4282.9049886067705,4238.088054272685,4260.980070871059,-22.89201659837363,10.721034189588961,18.61559469791554,1.1178234038769492
2024-12-31,4094.800048828125,1555429,-0.015388996553101442,4156.521379743303,4281.20166015625,4216.043745742753,4248.67043960862,-32.6266938658664,2.0514885784978887,17.000496630213732,1.1590732061848086
2025-01-01,4112.4501953125,763161,0.004310380549454651,4148.25714983259,4284.3,4200.106276445791,4238.58005114224,-38.473774696449254,-6.05356407649154,19.959963381254965,1.1530686505891008
2025-01-02,4175.75,1720835,0.015392236180671759,4150.750034877232,4288.839998372396,4196.359156992592,4233.925973279852,-37.566816287259826,-12.356214518645197,25.075866217411956,1.177265259129022
2025-01-03,4099.89990234375,1791953,-0.018164424991019557,4139.37859235491,4289.7416585286455,4181.519271662001,4223.998116173474,-42.478844511472744,-18.380740517210707,19.69208233190912,1.0411349950678828
2025-01-06,4095.0,2085593,-0.0011951273105348381,4128.792864118303,4284.754988606771,4168.208614483232,4214.442700160625,-46.23408567739261,-23.95140954924709,21.57317057311421,1.0432945100945417
2025-01-07,4028.300048828125,2669054,-0.016288144364316248,4109.285714285715,4275.194986979167,4146.684219767061,4200.6543556174765,-53.97013585041532,-29.955154809480735,22.36747898491157,1.0690456249580271
2025-01-08,4108.39990234375,2181277,0.01988428184214497,4102.085728236607,4267.051643880209,4140.79432477886,4193.820692412015,-53.02636763315513,-34.56939737421562,30.176329342140363,1.204739113948992
2025-01-09,4038.85009765625,2392472,-0.016928684242209058,4094.0928780691966,4257.261653645834,4125.110597529228,4182.341389096773,-57.230791567545566,-39.101676212881614,30.499549756410858,1.2382183412709522
2025-01-10,4265.64990234375,7894300,0.056154548746216726,4115.978550502232,4257.9533203125,4146.732029039154,4188.512390078031,-41.780361038876435,-39.63741317808058,56.59634466092552,1.8286514796631108
2025-01-13,4291.10009765625,4003771,0.005966311323045259,4132.457135881697,4258.6283203125,4168.942501134092,4196.111479528269,-27.16897839417743,-37.14372622129995,59.01931172346371,1.8321379498656247
2025-01-14,4233.0498046875,3441709,-0.013528067779275621,4151.478550502232,4257.174983723959,4178.805163219232,4198.847651762287,-20.042488543054787,-33.72347868565092,53.463541699564054,1.8334707759895268
2025-01-15,4249.60009765625,1653474,0.003909779882680153,4173.56427873884,4255.4033203125,4189.6966915941575,4202.607092198877,-12.910400604719143,-29.560863069464563,55.16555311999859,1.7889616799414385
2025-01-16,4206.2998046875,2637705,-0.010189262983270164,4198.992815290178,4250.466650390625,4192.251016685441,4202.880626457293,-10.629609771852301,-25.77461240994211,52.53282507159366,1.7963778462563122
2025-01-17,4124.2998046875,1761466,-0.01949456857749876,4201.264229910715,4239.141650390625,4181.796984070373,4197.059824844716,-15.262840774343204,-23.67225808282233,48.07090178570454,1.8063988344473991
2025-01-20,4077.800048828125,1287799,-0.011274581883335744,4206.828508649553,4226.884985351562,4165.7974555715655,4188.225767362005,-22.428311790439693,-23.423468824345804,49.03045533177164,1.7462173057450137
2025-01-21,4035.85009765625,1971591,-0.010287397780558316,4173.999965122768,4213.008325195313,4145.805554353825,4176.938680717134,-31.133126363309202,-24.965400332138486,45.74916217223918,1.7582771801227168
2025-01-22,4156.60009765625,2409223,0.029919347120975548,4154.785679408482,4203.810001627604,4147.466253323429,4175.43211900892,-27.965865685491735,-25.56549340280914,49.00099648174696,1.8889248938877032
2025-01-23,4145.4501953125,1822998,-0.0026824573165066257,4142.271449497768,4194.410001627604,4147.156090552517,4173.211235772149,-26.055145219632323,-25.66342376617378,52.54826813811189,1.8890586332610255
2025-01-24,4152.35009765625,1910099,0.0016644518734183489,4128.37859235491,4184.323331705729,4147.9551685684755,4171.665966282082,-23.710797713606553,-25.272898555660333,53.201233472299755,1.8893377307585502
2025-01-27,4065.14990234375,1551782,-0.021000203080592694,4108.214320591518,4170.698331705729,4135.215896841595,4163.775887471836,-28.559990630240463,-25.93031697057636,52.0109055223329,1.9470174772119955
2025-01-28,4040.300048828125,2468272,-0.006112899674695416,4096.21435546875,4158.20166015625,4120.613458685677,4154.629529053783,-34.01607036810583,-27.547467650082258,46.04530579526163,1.9217234085365198
2025-01-29,4099.7998046875,1217089,0.014726568606366897,4099.357177734375,4150.5783203125,4117.4113580705725,4150.568067989614,-33.15670991904153,-28.669316103874113,53.581273461537144,1.949354223116548
2025-01-30,4100.0498046875,1531251,6.09785872260904e-05,4108.528564453125,4142.318310546875,4114.740349857792,4146.825974411679,-32.0856245538871,-29.352577793876712,36.73927017482398,1.9155896687878167
2025-01-31,4112.39990234375,1492943,0.0030121823501096934,4102.214250837053,4137.001643880209,4114.3802810094785,4144.27589499924,-29.89561398976184,-29.461185033053738,35.38359973257569,1.872261669542043
2025-02-01,4073.14990234375,437172,-0.009544305255340224,4091.8856375558034,4133.763313802084,4108.037145830136,4139.007302950686,-30.97015712054963,-29.76297945055292,36.5063373549578,1.8850722950483307
2025-02-03,4068.64990234375,1265713,-0.0011047960688632674,4079.928466796875,4130.774983723958,4101.977569909153,4133.795643646468,-31.81807373731499,-30.173998307905336,34.412930774142154,1.8466357783732172
2025-02-04,4107.0498046875,2547132,0.009437996206463906,4085.9141671316966,4128.359977213541,4102.757913721207,4131.814470390248,-29.05655666904113,-29.950509980132498,41.37780228636874,1.8036649875618478
2025-02-05,4091.10009765625,1693912,-0.0038834949147794617,4093.171316964286,4125.759977213542,4100.964403557367,4128.798590928471,-27.834187371103326,-29.527245458326664,46.741926333120574,1.761810929101935
2025-02-06,4082.75,2284536,-0.0020410396853974833,4090.7356305803573,4123.023307291666,4098.162187625465,4125.3875841930285,-27.22539656756362,-29.066875680174057,50.52508304210972,1.1855961640505241
2025-02-07,4029.39990234375,1548940,-0.013067196780662593,4080.6427873883927,4118.709977213542,4087.583374505201,4118.277385537526,-30.694011032325307,-29.39230275060431,49.33193145141306,1.1936157237761633
2025-02-10,4036.949951171875,1339511,0.0018737402618522747,4069.8642229352677,4116.781640625,4079.7936170693047,4112.253131140071,-32.45951407076609,-30.005745014636666,33.811353163657984,1.172109067974837
2025-02-11,3963.550048828125,1810908,-0.018182019403644833,4054.207101004464,4111.818302408854,4061.909991186046,4101.238088005853,-39.32809681980643,-31.87021537567062,28.93696947560599,1.213823819638931
2025-02-12,3950.14990234375,1678002,-0.003380844525562865,4037.2785295758927,4104.2982991536455,4044.7161313641545,4090.0463705494008,-45.33023918524623,-34.56222013758575,26.933574559009315,1.2033075655006062
2025-02-13,3910.14990234375,2277310,-0.010126197989667851,4009.149972098214,4097.973299153646,4024.0136345917845,4076.720706237871,-52.70707164608666,-38.19119043928593,30.184076347238104,1.1531881381530689
2025-02-14,3934.85009765625,1681975,0.006316943321711177,3986.828543526786,4092.634969075521,4010.296167370933,4066.211772268862,-55.91560489792937,-41.73607333101462,36.513625228013446,1.150624114363488
2025-02-17,3904.5,1799806,-0.007713152192081685,3961.3642578125,4088.50830078125,3994.019833929251,4054.233122471169,-60.21328854191779,-45.43151637319526,23.00999909577621,1.1419430617945259
2025-02-18,3873.199951171875,2149879,-0.008016403848924325,3939.049979073661,4080.6683024088543,3975.4321596588857,4040.8232579304804,-65.39109827159473,-49.42343275287516,21.127700630470784,0.8748136711568353
2025-02-19,3784.10009765625,4366672,-0.02300419669494913,3902.9285714285716,4072.1766357421875,3945.9964578123263,4021.8067275397966,-75.81026972747031,-54.70080014779419,15.044746974497286,0.9770115643867335
2025-02-20,3779.39990234375,2888572,-0.0012420906400999465,3876.621407645089,4055.968302408854,3920.3662185094686,4003.8506664141637,-83.48444790469512,-60.45752969917438,16.239535434458347,0.9694856907163165
2025-02-21,3786.0,1833931,0.0017463348221384845,3853.1714215959823,4039.131632486979,3899.694492584935,3987.7135800131146,-88.01908742817977,-65.96984124497546,17.671319938701018,0.8983923367549379
2025-02-24,3675.60009765625,2508516,-0.02916003759739827,3819.664306640625,4020.5499755859373,3865.2184318266754,3964.594062801495,-99.37563097481961,-72.65099919094429,7.630425609452018,1.0657333413189536
2025-02-25,3629.550048828125,4101954,-0.012528579716136412,3776.0500139508927,3999.881640625,3828.961757519206,3939.7759876923565,-110.81423017315046,-80.28364538738553,7.20450422429488,0.9751333499874066
2025-02-27,3612.550048828125,3823856,-0.0046837761626923324,3734.3428780691966,3980.089982096354,3795.667648489809,3915.537029257969,-119.86938076816023,-88.20079246354048,7.090764151695865,0.9652634752013621
2025-02-28,3483.25,7085018,-0.03579190518621844,3678.6357421875,3958.7216552734376,3747.6033948759923,3883.515767831453,-135.9123729554608,-97.74310856192454,6.227507462943578,1.1426684213748275
2025-03-03,3493.050048828125,4990439,0.0028134784549271874,3637.0571637834823,3939.229988606771,3708.441341637859,3854.592381238614,-146.1510396007552,-107.42469476969069,6.564495022047126,1.1681709424823858
2025-03-04,3532.050048828125,2797737,0.011165027541785166,3601.7214704241073,3922.4366536458333,3681.3042196671304,3830.700356615615,-149.39613694848458,-115.81898320544947,13.537307631686005,1.2343489907165066
2025-03-05,3547.050048828125,2501894,0.004246825439230939,3567.585763113839,3902.1183186848957,3660.649731845745,3809.6892227054304,-149.03949085968543,-122.46308473629666,16.02903349122424,1.2030849694948325
2025-03-06,3601.60009765625,2786513,0.015378990450430008,3557.014334542411,3883.989982096354,3651.565172739669,3794.275213442528,-142.71004070285926,-126.5124759296092,24.619601278197536,1.3041661137482163
2025-03-07,3611.199951171875,2051315,0.0026654412636961666,3554.392892020089,3865.9516438802084,3645.355138652316,3780.7140829039613,-135.35894425164543,-128.28176959401645,22.69928189117779,1.3163870413281846
2025-03-10,3589.64990234375,1004626,-0.005967559016257673,3551.1214425223216,3850.1016438802085,3636.7851022971518,3766.561180640242,-129.77607834309038,-128.58063134383124,23.0413569356066,1.3059554568039335
2025-03-11,3575.300048828125,1995450,-0.003997563524580916,3564.2714494977677,3834.6016438802085,3627.325863301917,3752.3936893949003,-125.06782609298352,-127.87807029366171,23.730167341820987,1.2946328919108043
2025-03-12,3506.199951171875,3174167,-0.019327076528555698,3566.1500069754466,3814.814982096354,3608.691107589603,3734.1571161931947,-125.46600860359194,-127.39565795564776,24.59780416360003,1.3005558967996558
2025-03-13,3511.050048828125,1693004,0.0013832918041736253,3563.1500069754466,3795.1816569010416,3593.669406241683,3717.630666758745,-123.96126051706187,-126.7087784679306,25.47749413576294,1.309992719907543
2025-03-17,3497.699951171875,2690906,-0.0038023091299156375,3556.0999930245534,3774.691658528646,3578.904874692482,3701.339502641199,-122.4346279487172,-125.85394836408793,23.97544930634372,1.3066085416026945
2025-03-18,3497.699951171875,0,0.0,3541.2571149553573,3755.5099934895834,3566.411809535465,3686.2550914212493,-119.84328188578411,-124.65181506842717,29.943624740377103,1.2840413405578521
2025-03-19,3497.10009765625,3051244,-0.00017149942076188918,3524.9571358816966,3736.4583333333335,3555.748469246355,3672.2436104016197,-116.49514115526472,-123.02048028579469,33.362651058351474,1.2891653587927896
2025-03-20,3563.14990234375,2845192,0.018887021487250744,3521.1714215959823,3718.328336588542,3556.8871512613387,3664.1625949899258,-107.2754437285871,-119.87147297435318,44.47549064309315,1.396483166749698
2025-03-21,3578.10009765625,4161925,0.004195780621709444,3521.5714285714284,3701.228336588542,3560.1506814759405,3657.787595187431,-97.6369137114907,-115.4245611217807,64.25245644722014,1.3333998154807607
2025-03-24,3628.949951171875,1834751,0.014211411678765717,3539.1071428571427,3686.101668294271,3570.7351845060844,3655.6514734085013,-84.91628890241691,-109.32290667790795,68.17816658001782,1.3860846733126695
2025-03-25,3657.75,3135390,0.007936193448693007,3560.064278738839,3673.713338216146,3584.122079197456,3655.8069198226863,-71.68484062523021,-101.7952934673724,67.28547879715705,1.4015655919133247
2025-03-26,3635.800048828125,1734499,-0.006000943523169933,3579.7928641183034,3660.3416748046875,3592.072536063713,3654.324929378645,-62.25239331493185,-93.88671343688429,61.975448222789716,1.2495463380997331
2025-03-27,3651.199951171875,2528474,0.004235629610245928,3601.721435546875,3649.9300048828127,3601.1690614649688,3654.0934495114766,-52.92438804650783,-85.694248358809,57.48338935902338,1.2202796552701078
2025-03-28,3606.14990234375,2051919,-0.012338422828272133,3617.299979073661,3638.463338216146,3601.935344677089,3650.5420756472004,-48.606730970111585,-78.27674488106952,49.3117008525792,1.2486355263075828
2025-04-01,3550.800048828125,2618493,-0.015348738963860464,3615.535714285714,3626.485009765625,3594.0683760849406,3643.153777364306,-49.085401279365215,-72.43847616072867,45.15164274819766,0.9990701332155839
2025-04-02,3543.949951171875,1764313,-0.0019291702044756942,3610.6571219308034,3613.4550048828123,3586.3578491752382,3635.805345794496,-49.44749661925789,-67.84028025243452,46.01295873795752,1.0001876378967969
2025-04-03,3403.14990234375,4537821,-0.039729694484417544,3578.399972098214,3596.7433349609373,3558.172011201163,3618.571609242589,-60.39959804142609,-66.35214381023285,38.91577053872717,1.3185881123576715
2025-04-04,3299.39990234375,5317367,-0.030486461947664245,3527.207101004464,3577.616666666667,3518.360917530792,3594.9292605834157,-76.56834305262373,-68.39538365871103,31.22836025341266,1.4566261042303736
2025-04-07,3274.050048828125,6623955,-0.007683170960154806,3475.5285295758927,3560.614998372396,3480.774630038074,3571.160430083024,-90.38580004494997,-72.79346693595882,30.577499607763315,1.3889334014573251
2025-04-08,3292.949951171875,5557558,0.005772636967023459,3424.3499581473216,3544.4,3451.87852559712,3550.552246459976,-98.67372086285559,-77.96951772133818,32.78397361890951,1.3992619405145228
2025-04-09,3246.60009765625,2990265,-0.014075480709668908,3372.9857003348216,3526.4200032552085,3420.2972289908325,3528.037272474515,-107.74004348368226,-83.923622873807,30.44189341063698,1.4153655824063542
2025-04-11,3231.5,7108961,-0.004651049467765067,3327.371407645089,3511.616666666667,3391.251501453781,3506.071548587514,-114.82004713373271,-90.10290772579215,21.867837205815476,1.4152184456018118
2025-04-15,3248.199951171875,3512160,0.005167863584055299,3285.121407645089,3498.904996744792,3369.24357064118,3486.969948778948,-117.72637813776782,-95.6276018081873,22.099082696104517,1.3899795474257661
2025-04-16,3273.800048828125,2384391,0.007881318281226513,3266.6428571428573,3487.613330078125,3354.55995190071,3471.179585819628,-116.61963391891777,-99.8260082303334,18.623545702786288,1.4099898038546543
2025-04-17,3298.89990234375,2932346,0.007666886535910855,3266.5714285714284,3481.468326822917,3345.9968673534854,3458.4181277843777,-112.42126043089229,-102.34505867044518,18.08800273038254,1.4314128168119575
2025-04-21,3321.60009765625,2432946,0.006881140981686684,3273.3642926897323,3475.7533284505207,3342.2435181692954,3448.283458885998,-106.0399407167024,-103.08403507969663,22.095906978478766,1.446743072104475
2025-04-22,3314.39990234375,2710498,-0.0021676887948012258,3276.4285714285716,3468.498323567708,3337.9598849653653,3438.3661584013867,-100.40627343602137,-102.54848275096158,19.64671780945855,1.445755648077191
2025-04-23,3413.0,3543923,0.02974900451406781,3300.1999860491073,3464.029988606771,3349.504518047617,3436.4871837049877,-86.98266565737094,-99.43531933224347,34.12510303788183,1.5474602306797611
2025-04-24,3401.60009765625,2252175,-0.0033401413254467993,3324.5,3457.363321940104,3357.519222602791,3433.902955108785,-76.38373250599398,-94.82500196699357,36.782431569052974,1.5406482763974638
2025-04-25,3448.0,2742991,0.013640610598441683,3353.0428641183034,3451.9233235677084,3371.439342202362,3434.9471806562824,-63.50783845392061,-88.56156926437899,42.05646502779754,1.537456239125848
2025-04-28,3443.5,1593296,-0.0013051044083526309,3377.285714285714,3447.05166015625,3382.5255972481523,3435.580722829891,-53.055125581738594,-81.46028052785091,54.31413515260293,1.5183960613413852
2025-04-29,3472.5,1578332,0.00842166400464639,3402.0857282366073,3443.624991861979,3396.367813056129,3438.315484101751,-41.94767104562197,-73.55775863140514,72.02852388403038,1.5370429790703146
2025-04-30,3453.699951171875,2809332,-0.005413980944024455,3420.9571358816966,3441.874991861979,3405.1881419970127,3439.455074255093,-34.26693225808049,-65.69959335674021,73.24962559005112,1.5309710854841292
2025-05-02,3431.0,1721761,-0.006572647158932465,3437.6142926897323,3439.2066569010417,3409.1591970743953,3438.8287724584197,-29.669575384024483,-58.49358976219707,67.6919129817184,1.517162021785128
2025-05-05,3454.300048828125,1284443,0.0067910372568129596,3443.5142996651784,3437.7599934895834,3416.1039434980457,3439.97479293025,-23.870849432204068,-51.56904169619847,78.28926148028488,1.4981782185003099
2025-05-06,3460.0,1324763,0.0016501030863860233,3451.8571428571427,3436.5033284505207,3422.857182959885,3441.4581416020833,-18.600958642198293,-44.975425085398435,81.94015588953957,1.4994854904508272
2025-05-07,3445.10009765625,1477128,-0.004306330157153204,3451.44287109375,3434.7699951171876,3426.279169836249,3441.7279161246142,-15.448746288365328,-39.070089325991816,77.66227387504313,1.1979493498803209
2025-05-08,3448.89990234375,2543591,0.0011029591535192118,3452.214285714286,3430.961661783854,3429.7592825297106,3442.2591743630687,-12.499891833358106,-33.75604982746508,76.20471869010203,0.9474423051690393
2025-05-09,3440.300048828125,2531757,-0.002493506265514034,3447.6142926897323,3426.3683268229165,3431.380938883313,3442.114053953073,-10.73311506976006,-29.151462875924075,72.26073861797586,0.9256311346124306
2025-05-12,3620.39990234375,2228678,0.05235004242637875,3471.4285714285716,3426.0833251953127,3460.4607794156877,3455.320413093123,5.14036632256466,-22.293097036226328,81.45264335181265,1.4494809817560417
2025-05-13,3515.0,3062887,-0.029112779026294056,3483.4285714285716,3421.324991861979,3468.8514287363514,3459.7411232343734,9.110305501978019,-16.012416528585458,67.49828777625581,1.585434725082967
2025-05-14,3548.699951171875,2119499,0.00958746832770263,3496.9142717633927,3418.4216552734374,3481.135816803355,3466.3306660445587,14.805150758796117,-9.848903071109143,63.34843584968826,1.5760255077387542
2025-05-15,3579.89990234375,3548330,0.008791938343948091,3514.0428292410716,3416.044986979167,3496.330291501877,3474.743202066721,21.58708943515603,-3.5617045698561087,66.8812820894515,1.5785413377434319
2025-05-16,3561.300048828125,1666727,-0.0051956350800332896,3530.642822265625,3414.5499918619794,3506.3256387828383,3481.1548203453435,25.170818437494745,2.1848000316140626,61.32323195354341,1.5929525629715613
2025-05-19,3518.800048828125,2537377,-0.011933844219047196,3540.6285574776784,3413.4833251953123,3508.2447787898054,3483.9433557885127,24.301423001292733,6.608124625549797,56.994257719152074,1.6312183734029004
2025-05-20,3498.300048828125,2038374,-0.005825849640654357,3548.9142717633927,3411.961661783854,3506.714820334162,3485.0068145321875,21.70800580197465,9.628100860834769,52.43488995911168,1.6414806004293707
2025-05-21,3525.800048828125,1440153,0.007860960928497862,3535.4000069754466,3416.05,3509.651009333233,3488.028535591146,21.622473742087095,12.026975437085234,56.694543027766336,1.64107878245864
2025-05-22,3477.0,2034383,-0.013840844106955186,3529.971435546875,3421.970003255208,3504.62777712812,3487.211607028839,17.416170099281317,13.104814369524451,54.07368682321787,1.5575699939979635
2025-05-23,3514.60009765625,1274331,0.01081394813236991,3525.100027901786,3429.9883382161456,3506.1619802862942,3489.240384112351,16.92159617394327,13.868170730408217,55.20816507961678,1.5687229503041054
2025-05-26,3537.300048828125,967470,0.0064587579073398516,3519.014334542411,3438.133341471354,3510.9524523696527,3492.8003592764826,18.15209309317015,14.724955202960604,56.48600071369955,1.5481582239166538
2025-05-27,3498.699951171875,2467680,-0.010912305182885995,3510.071463448661,3446.536669921875,3509.0674521853794,3493.2373660835487,15.830086101830602,14.945981382734605,54.325363817581525,1.5716909831329788
2025-05-28,3497.699951171875,1222933,-0.00028582045158376257,3507.0571637834823,3455.4100016276043,3507.3186058756096,3493.5679279419433,13.750677933666339,14.706920692920953,53.95590820337626,1.5618201489460244
2025-05-29,3498.10009765625,3188072,0.000114402747508624,3507.0285993303573,3463.7400065104166,3505.900373841862,3493.9036442170773,11.99672962478462,14.164882479293688,54.74860850641341,1.555728017243336
2025-05-30,3463.39990234375,3404365,-0.009919726235321114,3498.1142926897323,3470.0600016276044,3499.3618397652294,3491.644107782016,7.717731983213525,12.875452380077656,33.05268417535109,1.565789894376689
2025-06-02,3449.800048828125,1877585,-0.003926734971154144,3494.228585379464,3475.0900065104165,3491.736948851829,3488.5445478595057,3.1924009923232006,10.938842102526765,41.222411758712376,1.5617665649998014
2025-06-03,3405.199951171875,2848125,-0.012928313822536008,3478.5999930245534,3477.876668294271,3478.4235645933745,3482.3708740307925,-3.947309437417971,7.961611794537818,31.232031123275917,1.5877051768117352
2025-06-04,3380.89990234375,2544807,-0.007136159161450162,3456.2571149553573,3480.0933349609377,3463.4199242472782,3474.8545057576785,-11.434581510400221,4.0823731335502105,23.494966312010618,1.5923609854974072
2025-06-05,3371.10009765625,3584683,-0.0028985787720915424,3438.028564453125,3478.696671549479,3449.2168740025045,3467.1689940464616,-17.952120043957166,-0.32452550195126484,24.05895064914307,1.5923295326626075
2025-06-06,3384.199951171875,2070390,0.0038859283723828852,3421.814278738839,3478.116666666667,3439.2142704901,3461.0231390187146,-21.808868528614767,-4.621394107283965,30.041515466574765,1.5956121054952077
2025-06-09,3421.89990234375,1718678,0.011139989278358131,3410.928536551339,3477.2466634114585,3436.5505215445073,3458.125121487236,-21.574599942728582,-8.01203527437289,39.22120275030087,1.045819773985894
2025-06-10,3462.89990234375,2419874,0.011981647964605324,3410.857107979911,3477.8933268229166,3440.6042724366985,3458.478808958089,-17.874536521390382,-9.984535523776389,41.45146487634703,0.8934773663994946
2025-06-11,3471.89990234375,2847013,0.0025989778087169846,3414.014229910714,3477.873323567708,3445.418984730091,3459.4729640236933,-14.053979293602424,-10.798424277741596,49.22278327670701,0.8642808947656578
2025-06-12,3434.199951171875,4060134,-0.010858593920413773,3418.1570870535716,3477.223323567708,3443.6929795672886,3457.600888997633,-13.907909430344262,-11.42032130826213,37.75134697654627,0.8580864121739159
2025-06-13,3445.699951171875,2178493,0.003348669315563768,3427.414236886161,3477.7133219401044,3444.0017444295327,3456.719338047577,-12.717593618044248,-11.679775770218555,35.552035069992115,0.862807375550347
2025-06-16,3496.300048828125,1934088,0.014684998221926149,3445.2999441964284,3479.113321940104,3452.0476374139316,3459.65124254984,-7.60360513590831,-10.864541643356507,49.63527320003799,0.8997413501462573
2025-06-17,3515.300048828125,2111940,0.005434316201313516,3464.0285295758927,3480.9566569010417,3461.7787776315,3463.7733763482315,-1.9945987167316162,-9.09055305803153,52.536037126260815,0.8984557543961587
2025-06-18,3451.39990234375,2696327,-0.01817772184359545,3468.2428152901784,3481.166650390625,3460.1820275872306,3462.85682271827,-2.6747951310394456,-7.807401472633114,44.311791070341044,0.9687429458304175
2025-06-19,3424.0,2672768,-0.007938779370406657,3462.6856863839284,3480.3366536458334,3454.6155618045796,3459.978539553954,-5.362977749374295,-7.3185167279813506,45.114095861595416,0.9360743665083395
2025-06-20,3435.699951171875,2351248,0.003417041814215871,3457.5142647879466,3480.183317057292,3451.7054678610866,3458.1801255997257,-6.474657738639053,-7.149744930112892,48.24319654637883,0.9020750309290047
2025-06-23,3393.60009765625,3123421,-0.012253646742715452,3451.714285714286,3472.623323567708,3442.7661801372656,3453.3964198261347,-10.630239688869096,-7.845843881864133,48.54565367377561,0.9165207468653233
2025-06-24,3390.39990234375,3403048,-0.0009430089640527495,3443.814278738839,3468.4699869791666,3434.709829707494,3448.730011123736,-14.02018141624194,-9.080711388739696,51.25761283675208,0.8924734131685735
2025-06-25,3444.800048828125,1757699,0.016045348056660913,3436.4571358816966,3465.006656901042,3436.262171110668,3448.4389028055425,-12.176731694874434,-9.699915449966644,58.72601736329312,0.975347720540252
2025-06-26,3441.800048828125,2879106,-0.0008708778325233757,3425.9571358816966,3460.403328450521,3437.114152297969,3447.9471358442524,-10.83298354628323,-9.926529069229963,56.98690809845224,0.9751547607521662
2025-06-27,3441.10009765625,1778433,-0.0002033677616203322,3424.4857352120534,3456.396663411458,3437.7273746607816,3447.439947830326,-9.712573169544612,-9.883737889292894,52.558660090316366,0.9510553041894463
2025-06-30,3462.0,1468351,0.006073610691530007,3429.914306640625,3454.5033284505207,3441.461624712969,3448.518470213265,-7.056845500296276,-9.31835941149357,49.873288919140045,0.9571421214883515
2025-07-01,3429.699951171875,2375183,-0.009329881232849502,3429.0571637834823,3452.216658528646,3439.6521364758773,3447.124505839829,-7.472369363951657,-8.949161401985188,44.42389867393754,0.9342331739571645
2025-07-02,3423.300048828125,3090585,-0.0018660239772763099,3433.3000139508927,3448.7999918619794,3437.1364306839155,3445.3597312463694,-8.223300562453915,-8.803989234078934,48.429861815460406,0.9191691282834934
2025-07-03,3400.800048828125,2531870,-0.0065726052870248575,3434.7857491629466,3446.2599934895834,3431.546218090717,3442.0590140302033,-10.512795939486296,-9.145750575160406,43.730816797088586,0.9302672203884605
2025-07-04,3419.800048828125,1109320,0.005586920644319315,3431.2143205915177,3443.099991861979,3429.7391151272413,3440.410201793012,-10.671086665770872,-9.4508177932825,38.28483920367535,0.9343139309674748
2025-07-07,3411.699951171875,1639174,-0.0023685880871969767,3426.914306640625,3438.913321940104,3426.963859134108,3438.2835165618167,-11.319657427708535,-9.824585720167708,33.586808365140186,0.9021139541219951
2025-07-08,3406.199951171875,2325242,-0.0016120995628912116,3421.9285714285716,3435.8299886067707,3423.769411755303,3435.9069561625615,-12.137544407258702,-10.287177457585907,41.21307158770222,0.8562560326663662
2025-07-09,3383.800048828125,2034938,-0.0065762147451278175,3410.757149832589,3432.0333251953125,3417.6202789972754,3432.0471852488995,-14.426906251624132,-11.115123216393552,42.03014295104312,0.8617034465068298
2025-07-10,3382.0,3035012,-0.0005319607548172067,3403.94287109375,3428.163321940104,3412.140236074618,3428.3399863415734,-16.19975026695556,-12.132048626505954,38.91870814067253,0.8315017421462654
2025-07-11,3266.0,7635550,-0.0342992312241277,3381.471435546875,3421.5833251953127,3389.657122832369,3416.3148021681236,-26.657679335754437,-15.037174768355651,29.82289392165886,1.1128052476998682
2025-07-14,3222.699951171875,3924009,-0.013257822666296715,3356.028564453125,3414.013321940104,3363.97140411537,3401.9729613535865,-38.001557238216265,-19.630051262327775,26.46647092479469,1.0582438803998617
2025-07-15,3252.300048828125,2590889,0.009184875447522334,3332.0999930245534,3408.9166585286457,3346.79119560964,3390.886078944293,-44.09488333465288,-24.523017676792797,20.965309200603315,1.078984715109268
2025-07-16,3233.10009765625,2540733,-0.005903499333892337,3306.5857282366073,3403.989998372396,3329.3002574629645,3379.1982284785117,-49.89797101554723,-29.598008344543686,19.988498636758436,1.026689778915376
2025-07-17,3209.199951171875,2947640,-0.007392331125689822,3278.44287109375,3398.593326822917,3310.8232872643352,3366.6057634928347,-55.78247622849949,-34.83490192133485,18.738196967233563,1.0254373407516697
2025-07-18,3189.89990234375,3432645,-0.006013975171935693,3250.742850167411,3392.116658528646,3292.2196895842453,3353.5164404447546,-61.29675086050929,-40.12727170916974,13.160048497541396,1.0151187038982903
2025-07-21,3158.199951171875,3844346,-0.009937600596364726,3218.771414620536,3383.32666015625,3271.6012682900346,3339.048552350467,-67.4472840604326,-45.591274179422314,13.181467835963005,1.006074320528277
2025-07-22,3159.60009765625,3198036,0.00044333687100950314,3203.5714285714284,3373.2166666666667,3254.37031896176,3325.75607422497,-71.38575526320983,-50.75017039617982,13.747644686876768,1.008432190679129
2025-07-23,3179.10009765625,1922875,0.0061716671089055986,3197.3428780691966,3363.4566731770833,3242.7902849147586,3314.892668553213,-72.10238363845428,-55.020613044634715,19.26813403554418,0.9288968872662742
2025-07-24,3148.0,2934778,-0.009782673304051692,3182.44287109375,3353.9166748046873,3228.2071641586417,3302.5302486603823,-74.3230845017406,-58.88110733605589,13.546183310838117,0.9346365240695178
2025-07-25,3135.800048828125,2568917,-0.003875460982171175,3168.5428641183034,3343.586678059896,3213.990684877024,3290.1798634876227,-76.1891786105989,-62.342721590964494,13.398830406326283,0.9295320520760484
2025-07-28,3079.300048828125,3374473,-0.018017730442065227,3149.9857352120534,3329.6866780598957,3193.2690485618086,3274.559136475808,-81.29008791399929,-66.13219485557146,11.80186913754936,0.9400685648448562
2025-07-29,3056.0,4785312,-0.007566670496105821,3130.857177734375,3314.376676432292,3172.1507333984537,3258.369570810933,-86.21883741247939,-70.14952336695305,11.777094422748775,0.9374045586320043
2025-07-30,3053.60009765625,2880121,-0.0007853083585569465,3115.9143415178573,3301.1166829427084,3153.9121740534993,3243.201461688364,-89.28928763486465,-73.97747622053538,11.76064233828967,0.9400443972186786
2025-07-31,3036.800048828125,2968371,-0.005501718722441651,3098.3714773995534,3288.2100179036456,3135.8949240188263,3227.912468143161,-92.01754412433456,-77.58548980129522,15.293814939878061,0.9397993887345375
2025-08-01,3003.0,2053847,-0.011130152886150046,3073.2143205915177,3273.786686197917,3115.4495510928527,3211.2522853177416,-95.80273422488881,-81.22893868601395,15.74685841614081,0.9088817706381339
2025-08-04,3074.39990234375,2519252,0.023776191256660084,3062.700020926339,3263.1466796875,3109.1342205160677,3201.1150717641126,-91.98085124804493,-83.37932119842014,25.462065286863364,1.1312934885549766
2025-08-05,3063.89990234375,1927996,-0.0034153006549327847,3052.4285714285716,3252.2633463541665,3102.1750946434036,3190.950985140382,-88.77589049697826,-84.45863505813178,26.08817761388275,1.1290582711623862
2025-08-06,3032.300048828125,1487081,-0.010313605053302366,3045.714285714286,3238.5133463541665,3091.425087594899,3179.1990639320666,-87.77397633716737,-85.1217033139389,25.53251696490318,1.134499811623697
2025-08-07,3047.0,2543076,0.004847789115577816,3044.4285714285716,3225.3533447265627,3084.5904587341456,3169.4065406778395,-84.81608194369392,-85.0605790398899,29.980394866273286,1.152896374546772
2025-08-08,3036.39990234375,2762140,-0.0034788636876436074,3041.9714006696427,3211.8633382161456,3077.176526981777,3159.5541970975364,-82.37767011575943,-84.52399725506382,31.86420025053856,0.9263204202984667
2025-08-11,3040.800048828125,1884215,0.0014491327314885005,3042.5428292410716,3197.82333984375,3071.580145727369,3150.7575935220243,-79.17744779465511,-83.45468736298209,32.46752778828659,0.9036948556922257
2025-08-12,3035.39990234375,3358232,-0.0017758966053871283,3047.17138671875,3184.6800048828127,3066.0139544375816,3142.2125793606706,-76.19862492308903,-82.00347487500348,27.871864971593396,0.8589178475692332
2025-08-13,3036.199951171875,2148166,0.00026357279233857334,3041.7142508370534,3171.7766682942706,3061.427184704396,3134.3597920874263,-72.93260738303024,-80.18930137660884,31.0122294157794,0.8605638778323546
2025-08-14,3022.300048828125,3342174,-0.0045780589444990305,3035.771414620536,3159.1600016276043,3055.4076253388157,3126.0590703645153,-70.65144502569956,-78.28173010642699,30.83418396373429,0.8554647615054917
2025-08-18,3011.199951171875,2945609,-0.003672731852204403,3032.7571149553573,3145.539998372396,3048.606444697748,3117.5509874613567,-68.94454276360875,-76.41429263786334,36.41802062192999,0.8526645742698865
2025-08-19,3016.199951171875,2650784,0.001660467614597927,3028.357107979911,3132.3566650390626,3043.620830309152,3110.0435032917653,-66.42267298261322,-74.41596870681332,41.43717217260858,0.8412445230898963
2025-08-20,3098.60009765625,4952358,0.02731919230101454,3037.242850167411,3122.103336588542,3052.0791791317824,3109.1958436150603,-57.11666448327787,-70.95610786210624,57.2022957317645,1.0702535086220366
2025-08-21,3102.60009765625,3230726,0.0012909055295731164,3046.0714285714284,3112.7300048828124,3059.851628135547,3108.7072698403335,-48.85564170478665,-66.53601463064233,60.981304032145694,1.0587338891501568
2025-08-22,3054.0,1593791,-0.015664312552869153,3048.728585379464,3101.796671549479,3058.951377653155,3104.6548794817904,-45.70350182863558,-62.36951207024098,58.11067694582322,1.091591530358829
2025-08-25,3140.60009765625,3448370,0.028356286069499026,3063.642892020089,3097.6166748046876,3071.5127191920924,3107.317488235454,-35.80476904336183,-57.05656346486515,60.04248750411098,1.276326509488596
2025-08-26,3157.199951171875,5522097,0.005285567407328662,3082.914306640625,3095.433341471354,3084.6953702659052,3111.012485490004,-26.31711522409887,-50.9086738167119,63.896325095688894,1.206152205962759
2025-08-28,3093.699951171875,3116051,-0.02011275845118088,3094.700020926339,3090.1466715494794,3086.080690405285,3109.730075540513,-23.64938513522793,-45.45681608041511,58.351442393265025,1.284851810309467
2025-08-29,3084.699951171875,2271789,-0.0029091379713765964,3104.4857352120534,3085.2,3085.8682689847606,3107.8759922539475,-22.007723269186954,-40.76699751816948,55.208605284194974,1.2870120414567938
2025-09-01,3112.60009765625,1246862,0.009044687303793042,3106.4857352120534,3081.9800048828124,3089.9808580111435,3108.2259259874513,-18.245067976307837,-36.262611609797155,60.04747599481331,1.2918984910890994
2025-09-02,3111.5,2185229,-0.00035343366373286056,3107.757149832589,3079.3666748046876,3093.2914952401984,3108.468449988381,-15.176954748182652,-32.04548023747426,59.404074459192735,1.259335594250505
2025-09-03,3097.5,1799774,-0.004499437570303688,3113.971435546875,3077.3433430989585,3093.938957510937,3107.655972211464,-13.71701470052676,-28.37978713008476,58.07542507082927,1.1546011572605108
2025-09-04,3095.699951171875,1481391,-0.0005811295651735326,3107.55712890625,3075.213338216146,3094.2098796126197,3106.770341023346,-12.560461410726475,-25.215921986213104,57.71724054945821,1.1513586644254261
2025-09-05,3048.300048828125,2802055,-0.015311529893524356,3092.0,3070.853336588542,3087.1468287226976,3102.4392082681447,-15.292379545447147,-23.231213498059915,53.10262168269214,1.1812796632944147
2025-09-08,3019.0,2626187,-0.009611930701962534,3081.3285784040177,3066.5533365885417,3076.662701226898,3096.258526174208,-19.595824947309666,-22.504135787909867,50.89204494371983,1.1963211246482173
2025-09-09,3049.39990234375,2489301,0.010069527109556109,3076.285714285714,3063.673331705729,3072.4684244756445,3092.7875170015814,-20.319092525936867,-22.067127135515268,53.5884053871336,1.2161285238573412
2025-09-10,3110.0,2079428,0.019872794515954917,3075.9142717633927,3064.6966634114583,3078.242513017853,3094.062515742205,-15.82000272435198,-20.81770225328261,51.293091511688054,1.292784100085936
2025-09-11,3124.199951171875,2263446,0.0045659006983520545,3077.7285505022323,3066.9699951171874,3085.3128881184716,3096.294918366625,-10.982030248153478,-18.850567852256784,52.39466095598054,1.2928662651049903
2025-09-12,3133.39990234375,1447167,0.0029447382740097616,3082.857107979911,3069.629988606771,3092.710890306976,3099.043435698264,-6.332545391288022,-16.346963360063032,59.64527253466073,1.2928830786008911
2025-09-15,3111.89990234375,1732539,-0.006861556350952314,3085.17138671875,3072.1333170572916,3095.6630460049414,3099.9957665608927,-4.332720555951255,-13.944114799240678,45.858557674963926,1.299668418881597
2025-09-16,3145.699951171875,2573429,0.010861547571844543,3099.0856584821427,3076.8899820963543,3103.361031415239,3103.3812617172616,-0.020230302022810065,-11.159337899797105,48.41902751933925,1.3095744473515472
2025-09-17,3172.800048828125,2418271,0.008614965850813006,3121.0570940290177,3080.169986979167,3114.0439571710676,3108.523394095844,5.520563075223436,-7.823357704792998,62.08371934818315,1.3170869228230313
2025-09-18,3176.699951171875,2633138,0.0012291673864510688,3139.2428152901784,3083.9299886067706,3123.6833408634993,3113.5735094348092,10.109831428690086,-4.236719878096381,64.27683802468985,1.181793366143132
2025-09-19,3169.199951171875,4901694,-0.0023609406350239004,3147.699951171875,3088.4933186848957,3130.685896295557,3117.6939866005177,12.99190969503934,-0.790993963469237,59.37704512232511,1.1846446227014635
2025-09-22,3073.800048828125,3634901,-0.030102203651894532,3140.4999651227677,3089.386653645833,3121.9342274544138,3114.4425838025627,7.491643651851064,0.8655335595948233,45.24110513583062,1.3277159163656485
2025-09-23,3062.39990234375,3177741,-0.0037088119927388696,3130.357107979911,3090.2533203125,3112.775100514312,3110.587570361169,2.1875301531426885,1.1299328783043963,45.54001300428843,1.154795162474445
2025-09-24,3035.39990234375,1625714,-0.008816614701213976,3119.428536551339,3090.0733154296877,3100.871223872687,3105.01811347099,-4.146889598303005,0.07456838298291601,42.79913352517063,1.156187568671643
2025-09-25,2957.39990234375,4974361,-0.025696778846099666,3092.5285295758927,3087.4733154296873,3078.7987128682353,3094.0834311652684,-15.284718297033123,-2.997288953020292,39.88424920924637,1.2080586561131184
2025-09-26,2899.10009765625,3934636,-0.019713196257732046,3053.428536551339,3082.9033203125,3051.152772066391,3079.6402212757116,-28.487449209320403,-8.095321004280315,37.466030597473555,1.2702292106535038
2025-09-29,2896.10009765625,3110035,-0.0010348038698027029,3013.342843191964,3078.6966552734375,3027.298514464831,3066.0446565631587,-38.74614209832771,-14.225485223089795,33.00068331234304,1.2394622006465472
2025-09-30,2888.39990234375,2253458,-0.0026588153215876265,2973.2285505022323,3074.6033203125,3005.929497215434,3052.8857858802394,-46.95628866480547,-20.77164591143293,22.160791751727388,1.2374280604185324
2025-10-01,2914.199951171875,1952902,0.00893229805443152,2950.428536551339,3071.2033203125,2991.8172593625786,3042.612761087027,-50.79550172444851,-26.776417074036047,24.365240486802932,1.2685748033277353
2025-10-03,2901.89990234375,2899519,-0.004220729199854278,2927.4999651227677,3064.6466471354165,2977.9838198212205,3032.189586365303,-54.20576654408251,-32.26228696804534,21.953005761881656,1.267580169286735
2025-10-06,2988.39990234375,2112774,0.029808057793494935,2920.7856794084823,3060.8399739583333,2979.5862940554557,3028.9459060674103,-49.359612011954596,-35.681751976827194,37.07348236280192,1.430755483964119
2025-10-07,2973.699951171875,3062943,-0.004919004033009822,2923.1142578125,3058.1633056640626,2978.6807028425974,3024.8536131121855,-46.1729102695881,-37.779983635379374,31.247278306411857,1.4195101107125125
2025-10-08,3027.199951171875,4121889,0.01799105521016564,2941.414236886161,3054.38330078125,2986.1452025855633,3025.0274159314217,-38.88221334585842,-38.00042957747518,34.98968065399485,1.4614546108244946
2025-10-09,3061.699951171875,3211304,0.011396670374100859,2965.071358816964,3051.1999674479166,2997.7690100603804,3027.743900023307,-29.97488996292668,-36.395321654565485,38.84794625498011,1.4114212136153328
2025-10-10,3028.300048828125,8817365,-0.010908940417550084,2985.0570940290177,3049.019970703125,3002.466092947726,3027.7850962310713,-25.31900328334541,-34.18005798032147,36.98985204582179,1.423471711338492
2025-10-13,3007.199951171875,2866865,-0.006967637722825826,2998.3428083147323,3046.4366373697917,3003.1943788283643,3026.260270671131,-23.065891842766632,-31.957224752810507,42.87242403530004,1.42457974660033
2025-10-14,2960.300048828125,3611416,-0.01559587094482151,3006.6856863839284,3041.359969075521,2996.5952511360197,3021.37432831239,-24.779077176370265,-30.52159523752246,39.844851458846,1.4535012421410067
2025-10-15,2969.800048828125,4282226,0.003209134156438198,3004.028564453125,3036.6366373697915,2992.4729123194206,3017.5540113135553,-25.081098994134663,-29.433495988844903,43.23991548667868,1.4265951256103986
2025-10-16,2970.699951171875,3251495,0.00030301782239683384,3003.5999930245534,3032.4099690755206,2989.123225989029,3014.0833401919494,-24.960114202920522,-28.53881963166003,51.62950914017124,1.403585497135905
2025-10-17,2962.199951171875,4374683,-0.002861278533581646,2994.314278738839,3027.959969075521,2984.9811837094667,3010.2401261904624,-25.258942480995756,-27.882844201527178,58.80544863474101,1.3997795702382372
2025-10-20,3015.199951171875,3133039,0.017892107512537336,2987.6714215959823,3026.8566324869794,2989.6302248575294,3010.60752063353,-20.977295776000574,-26.50173451642186,64.58484438802509,1.4786980766334745
2025-10-21,3006.699951171875,310644,-0.00281905019157902,2984.585693359375,3026.446630859375,2992.256336598198,3010.3180710437778,-18.061734445579987,-24.813734502253485,64.45857873224668,1.3276596442632627
2025-10-23,3073.199951171875,5564758,0.02211727178632561,2994.0142647879466,3027.2399658203126,3004.7092003787634,3014.9759880903034,-10.266787711540019,-21.904345144110792,67.67452968442993,1.4223439955878119
2025-10-24,3063.199951171875,2684318,-0.003253937315789268,3008.7142508370534,3025.679964192708,3013.7077774238574,3018.548133503753,-4.840356079895628,-18.49154733126776,68.02236165675282,1.4090128152420967
2025-10-27,3084.89990234375,1946312,0.007084079236673091,3025.1570870535716,3024.3699625651043,3024.6604120269176,3023.4630793437527,1.1973326831648592,-14.553771328381238,62.607796429815416,1.2715873800963633
2025-10-28,3057.89990234375,3470737,-0.008752309914330403,3037.6142229352677,3021.8532958984374,3029.7741797679687,3026.01395512153,3.7602246464384734,-10.890972133417296,60.65822825493736,1.1934412923841908
2025-10-29,3057.60009765625,2895420,-9.804267538982003e-05,3051.2428152901784,3020.0433024088543,3034.0550902123196,3028.353669383361,5.701420828958362,-7.572493540942165,54.44707220157556,1.192066094119835
2025-10-30,3035.300048828125,2241536,-0.007293317672647515,3054.1142578125,3016.3633056640624,3034.2466223070587,3028.8682160088993,5.378406298159462,-4.98231357312184,45.9951556990904,1.207606213841289
2025-10-31,3058.0,1868085,0.0074786514699392015,3061.4428362165177,3012.5366373697916,3037.900988105973,3031.026125934166,6.874862171806853,-2.610878424136102,54.65662950835736,1.2039961564687325
2025-11-03,3016.800048828125,2194877,-0.013472842109834904,3053.3857073102677,3007.206640625,3034.6546897555345,3029.97234244483,4.682347310704699,-1.1522332771679415,51.41594564658469,1.2480630920112206
2025-11-04,2990.199951171875,2670720,-0.008817322071637768,3042.9571358816966,3001.2399739583334,3027.8154992042023,3027.0262393875737,0.7892598166286007,-0.7639346584086332,54.69092090204183,1.0833651311245918
2025-11-06,3010.89990234375,2542721,0.006922597655639295,3032.3857073102677,2999.143302408854,3025.2130996872097,3025.831695902846,-0.618596215636444,-0.7348669698541954,56.22914460407217,1.0869268117866129
2025-11-07,2991.800048828125,1830520,-0.006343569741643407,3022.94287109375,2996.789973958333,3020.0726303242736,3023.3108331565704,-3.2382028322967926,-1.2355341423427149,53.030755721635884,1.0168620843402398
2025-11-10,3025.199951171875,1556656,0.011163815027288582,3018.314278738839,2996.4499755859374,3020.8614489162123,3023.450767824371,-2.589318908158475,-1.506291095505867,58.445051269598366,1.0154358863799597
2025-11-11,3047.0,2806868,0.0072061513883339146,3019.9857003348216,2999.4366455078125,3024.8827644675644,3025.195155392936,-0.31239092537180113,-1.267511061479054,54.65185630684331,0.9988350688587843
2025-11-12,3131.800048828125,4460315,0.027830669126394758,3030.528564453125,3007.193310546875,3041.331577446112,3033.091814165913,8.239763280198986,0.633943806856554,64.96056141301555,1.155379949123071
2025-11-13,3105.699951171875,1740435,-0.008333896560866472,3043.2285505022323,3014.179972330729,3051.2344041731526,3038.470194684873,12.764209488279448,3.059996943141133,54.30235970467817,1.1072663254677597
2025-11-14,3106.0,2210794,9.661230409974131e-05,3059.771414620536,3021.433308919271,3059.659880454206,3043.472402485994,16.18747796821208,5.685493148155323,55.81522788353157,1.1083419858439647
2025-11-17,3102.199951171875,2232853,-0.0012234542266983395,3072.814278738839,3027.6999755859374,3066.2045067184627,3047.8225912775406,18.381915440922057,8.22477760670867,52.47073065789685,1.1103151632248536
2025-11-18,3087.10009765625,2548350,-0.004867466234702578,3086.4285714285716,3033.8733154296874,3069.419213016584,3050.732036194482,18.68717682210172,10.31725744978728,54.31700482073479,1.116044650306987
2025-11-19,3147.699951171875,3151053,0.019630025460344758,3103.9285714285716,3039.183317057292,3081.4624035020133,3057.914844711326,23.547558790687162,12.963317717967257,61.304881896517394,1.1295611782948207
2025-11-20,3144.800048828125,2700767,-0.0009212766110919812,3117.9000069754466,3044.886653645833,3091.2066566291073,3064.350785757015,26.85587087209251,15.741828348792309,64.44211459100768,1.125902950267071
2025-11-21,3150.60009765625,4177037,0.0018443299217978382,3120.5857282366073,3048.999991861979,3100.3441090948218,3070.7396236754767,29.60448541934511,18.51435976290287,62.78301664228854,1.0248984453911514
2025-11-24,3141.199951171875,6703764,-0.002983605088874297,3125.657156808036,3051.6499918619793,3106.6296232605223,3075.9589071937285,30.67071606679383,20.945631023681063,68.82565664537086,1.024284730022465
2025-11-25,3119.199951171875,2737920,-0.0070036929651016155,3127.5428641183034,3054.6799886067706,3108.563519862269,3079.161947488406,29.40157237386302,22.636819293717455,69.79743359940531,1.0308877239125986
2025-11-26,3162.89990234375,2508527,0.014009987130019441,3136.214285714286,3059.8699869791667,3116.9229633209584,3085.3647589591724,31.55820436178601,24.421096307331165,71.78900302656152,1.047679325096895
2025-11-27,3136.60009765625,2836233,-0.008315092320187456,3143.285714285714,3065.7466552734377,3119.950214757157,3089.15996923303,30.79024552412693,25.69492615069032,70.33709945651242,1.0711212119987084
2025-11-28,3137.5,1616690,0.0002869037542982955,3141.8285784040177,3071.3366536458334,3122.6501817175945,3092.7407122528057,29.9094694647888,26.53783481351002,67.35705310345608,1.0522455072380188
2025-12-01,3133.39990234375,1747647,-0.001306804033864517,3140.1999860491073,3076.7599853515626,3124.3039848908493,3095.752504111394,28.551480779455233,26.940564006699066,64.12687336933439,1.0452077985403068
2025-12-02,3135.699951171875,2512003,0.0007340425415871543,3138.0713936941966,3082.543318684896,3126.0572104725456,3098.711574264022,27.3456362085235,27.021578447063956,50.87324356355972,0.9863579706349028
2025-12-03,3180.0,3952112,0.014127642796808226,3143.6142578125,3088.036653645833,3134.356101169077,3104.7329391333537,29.623162035723453,27.541895164795857,65.38304843492054,0.9875948542958497
2025-12-04,3229.199951171875,5025905,0.015471682758451344,3159.328543526786,3095.4533203125,3148.947462707969,3113.952717802874,34.994744905095104,29.032465112855707,71.21213777147435,1.0227597395309997
2025-12-05,3238.199951171875,5244013,0.0027870680466020037,3170.085693359375,3100.9533203125,3162.678614779339,3123.156216570948,39.52239820839122,31.13045173196281,73.00408993901432,0.9962847001502061
2025-12-08,3236.5,2544725,-0.0005249679443851685,3184.357107979911,3106.729988606771,3174.035750967133,3131.552052380507,42.483698586625906,33.40110110289543,76.47059841334384,0.9863555708902905
2025-12-09,3208.300048828125,2734893,-0.008713100933686047,3194.4714006696427,3110.843326822917,3179.3071814072855,3137.2370891544047,42.07009225288084,35.134899332892516,62.12973279383882,1.0179808612927972
2025-12-10,3189.199951171875,1386849,-0.005953338953825882,3202.4428362165177,3115.2199951171874,3180.829145986453,3141.0861900445875,39.7429559418656,36.05651065468714,58.34584630521616,0.8431020722506788
2025-12-11,3191.89990234375,1914362,0.000846592002136104,3210.4714006696427,3119.6966552734375,3182.532339272191,3144.850168733414,37.68217053877697,36.38164263150511,57.85466337554953,0.8144456970024172
2025-12-12,3220.5,1146554,0.008960211325940826,3216.2571149553573,3125.8699869791667,3188.3735178457005,3150.4538599383463,37.91965790735412,36.689245686674916,64.05531549198992,0.8309226439490984
2025-12-15,3230.199951171875,1562190,0.003011939503764882,3216.399972098214,3131.6099853515625,3194.808353742035,3156.3609778074965,38.447375934538286,37.04087173624759,70.57080807166773,0.8280850157396525
2025-12-16,3205.10009765625,1734623,-0.007770371461531034,3211.6714215959823,3137.886653645833,3196.3916989596064,3159.9712829814785,36.42041597812795,36.916780584623666,58.399730200969174,0.8432641058704449
2025-12-17,3217.800048828125,1376350,0.0039624195141867435,3209.0,3145.473323567708,3199.685291247071,3164.254895266415,35.4303959806557,36.61950366383007,67.087542347019,0.7359373452949728
2025-12-18,3280.800048828125,2307422,0.019578593773389885,3219.3571428571427,3154.4699951171874,3212.164484721079,3172.8878696043193,39.276615116759785,37.15092595441602,73.9072526151237,0.8411393119219522
2025-12-19,3282.0,3902511,0.00036574955925883224,3232.6142926897323,3164.1433268229166,3222.9084101486055,3180.970249633629,41.938160514976516,38.10837286652812,75.03372564761469,0.8420736976201579
2025-12-22,3324.89990234375,2632816,0.013071268233927569,3251.6142926897323,3174.1333251953124,3238.5994089478586,3191.6317053899343,46.967703557924324,39.880239004807365,78.03795833396649,0.8674198055635802
2025-12-23,3310.0,2365420,-0.004481308545032259,3264.4000069754466,3182.8999918619793,3249.5841152635726,3200.3997272129022,49.18438805067035,41.741068813979965,71.10392956056204,0.854021181497288
2025-12-24,3319.0,1367708,0.002719033232628343,3277.0857282366073,3189.139990234375,3260.2634821460997,3209.184932604539,51.07854954156073,43.60856495949612,66.76628009484853,0.8138350892712941
2025-12-26,3280.0,1176664,-0.011750527267249122,3287.785714285714,3194.949991861979,3263.2998695082383,3214.430493152351,48.8693763558872,44.66072723877434,57.01815152973429,0.8409115586256544
2025-12-29,3251.5,2079473,-0.008689024390243882,3292.5999930245534,3199.7999918619794,3261.4845049685096,3217.176382548473,44.3081224200364,44.59020627502675,52.310538824874385,0.8753077217947448
2025-12-30,3246.800048828125,2807593,-0.0014454716813393498,3287.742850167411,3204.6199951171875,3259.225357869989,3219.3707281988177,39.8546296711711,43.64309095425563,56.393233136355676,0.8755740806208303
2025-12-31,3206.199951171875,3362634,-0.012504649823109282,3276.9142717633927,3208.589990234375,3251.067602993356,3218.3951150857106,32.67248790764552,41.448970344933606,52.63484509992674,0.9323790914558985
2026-01-01,3227.39990234375,1255735,0.006612173755453421,3262.9857003348216,3211.2466552734377,3247.426418278032,3219.062136364084,28.36428191394816,38.832032658736516,55.20375852453291,0.8915901425643752
2026-01-02,3250.699951171875,1184324,0.007219448947496154,3254.5142647879466,3214.776652018229,3247.930038723239,3221.4056782016983,26.52436052154053,36.37049823129732,54.49672285495134,0.8374619156408682
2026-01-05,3216.10009765625,2341703,-0.010643816419645846,3239.814278738839,3216.9599853515624,3243.033124712933,3221.012672235369,22.02045247756405,33.500489080550665,48.04548454236255,0.8702271934287424
2026-01-06,3255.800048828125,2912325,0.012344127970645768,3236.3571428571427,3220.779988606771,3244.9972668845007,3223.5895149459434,21.40775193855734,31.081941652152,56.75459772694598,0.9149547244694248
2026-01-07,3295.60009765625,1989442,0.012224352918248194,3242.657156808036,3226.6599934895835,3252.782317772462,3228.923632183744,23.858685588718345,29.63729043946527,59.66701229016113,0.925673630343186
2026-01-08,3203.89990234375,4159336,-0.02782503719966356,3236.528564453125,3228.02666015625,3245.261946168045,3227.0700225659666,18.191923602078532,27.348217071987925,41.08093567450172,1.124713587633444
2026-01-09,3207.800048828125,1938673,0.0012173122142555837,3236.757149832589,3230.3999918619793,3239.498577346519,3225.6426171039043,13.855960242614856,24.649765706113314,41.4476783287231,1.1248406374025215
2026-01-12,3239.60009765625,2228342,0.009913351313696195,3238.5000348772323,3233.803328450521,3239.5141958557087,3226.676504552226,12.837691303482643,22.287350825587183,39.91012949208147,1.1288935656640198
2026-01-13,3268.0,5645341,0.008766483975690909,3240.9714704241073,3238.289998372396,3243.8966272625225,3229.7375042150243,14.15912304749827,20.661705269969403,45.185696791136166,1.143259946532642
2026-01-14,3192.5,3539511,-0.023102815177478586,3237.600027901786,3240.1833333333334,3235.9894538375192,3226.979170569467,9.010283268052262,18.331420869585976,37.417947995687356,1.249156341010065
2026-01-15,3192.5,0,0.0,3228.5571637834823,3240.6,3229.298768631747,3224.4251579346915,4.873610697055483,15.639858835079878,40.56502446143769,1.2454734953000364
2026-01-16,3206.699951171875,4293470,0.004447909529169847,3215.8571428571427,3239.85,3225.822027484074,3223.112179655964,2.7098478281100142,13.053856633685905,45.01557251609812,1.1613521626050096
2026-01-19,3163.60009765625,3387562,-0.013440563249416115,3210.100027901786,3237.3633382161456,3216.249422895178,3218.703877285615,-2.4544543904366947,9.952194428861386,41.47192057772935,1.1929281260285753
2026-01-20,3102.300048828125,4499273,-0.019376674338055233,3195.0285993303573,3232.8900065104167,3198.7187499617853,3210.081371473949,-11.362621512163514,5.689231240656406,39.78368708517699,1.2011190179550997
2026-01-21,3122.60009765625,2015150,0.006543547854371168,3178.3143136160716,3230.033341471354,3187.008188068626,3203.601277117082,-16.593089048456022,1.2327671828339208,39.67693217836307,1.220980494631803
2026-01-22,3150.39990234375,2269827,0.008902774552644654,3161.5142996651784,3228.7400065104166,3181.3761441109527,3199.6604345412798,-18.28429043032702,-2.670644339798267,40.206983253407174,1.2434178993200218
2026-01-23,3162.5,2068857,0.00384081324001051,3157.228585379464,3227.760009765625,3178.4721219400367,3196.9078097604443,-18.435687820407566,-5.8236530359201275,44.52613490960915,1.2313795991130954
2026-01-27,3158.0,4279874,-0.0014229249011857847,3152.3000139508927,3225.6766764322915,3175.3225647184927,3194.025749778189,-18.703185059696352,-8.399559440675374,39.23855443436923,1.2204994420594126
2026-01-28,3200.10009765625,2751234,0.013331253216038563,3151.357177734375,3224.673347981771,3179.134492862763,3194.4757014728602,-15.341208610097055,-9.78788927455971,39.544563262705246,1.2640716547621076
2026-01-29,3144.39990234375,2457641,-0.01740576657376902,3148.6142926897323,3222.650008138021,3173.790709705992,3190.766383018852,-16.97567331286018,-11.225446082219804,42.92845586204175,1.2926943698799667
2026-01-30,3123.89990234375,3022068,-0.00651952698024183,3151.6999860491073,3219.5200032552084,3166.115200881032,3185.813310376252,-19.69810949522025,-12.919978764819895,40.407027542163526,1.2859007706041143
2026-02-02,3169.60009765625,2636272,0.014629212439941641,3158.4142717633927,3215.813338216146,3166.65133884645,3184.612331656252,-17.960992809802065,-13.92818157381633,42.24291115925624,1.3226439620192336
2026-02-03,3225.300048828125,4366060,0.01757317940930858,3169.1142926897323,3213.92333984375,3175.6742173051693,3187.6262366319465,-11.95201932677719,-13.532949124408503,45.538147399635804,1.366146252511404
2026-02-04,2999.10009765625,10852595,-0.07013299468186285,3145.7714494977677,3203.0633463541667,3148.5089681284126,3173.6613374485614,-25.152369320148864,-15.856833163556576,34.63129034410936,2.0533014474361444
2026-02-05,2991.5,3521545,-0.002534126040737772,3121.9857352120534,3192.4466796875,3124.353742262503,3160.1679050449643,-35.81416278246115,-19.84829908733749,34.217972084863376,2.0185600752929544
2026-02-06,2941.60009765625,4687389,-0.01668056237464488,3085.0571637834823,3179.8666829427084,3096.2377969384643,3143.977697090245,-47.7399001517806,-25.426619300226115,30.28998087172512,1.9658534221029274
2026-02-09,2948.199951171875,2380318,0.0022436270385235435,3057.0285993303573,3168.806681315104,3073.4627437436043,3129.4756418370325,-56.01289809342825,-31.543875058866544,33.06603272020536,1.9674402391821526
2026-02-10,2984.60009765625,3547763,0.012346566409074944,3037.1286272321427,3159.910017903646,3059.791567422473,3118.7441200458634,-58.9525526233906,-37.02561057177136,40.36983428729634,1.9772383800478348
2026-02-11,2909.800048828125,3363513,-0.02506200039558537,3000.014334542411,3148.6766845703123,3036.7159491771886,3103.266781437142,-66.5508322599535,-42.93065490940779,34.014427617807144,2.007643294031963
2026-02-12,2750.10009765625,10612156,-0.054883479446016126,2932.1286272321427,3133.473356119792,2992.621202789352,3077.1062863422612,-84.48508355290915,-51.24154063810806,24.902848928016667,2.2630658423500494
2026-02-13,2692.199951171875,11168735,-0.021053832380035886,2888.2857491629466,3115.6333577473956,2946.4025486943556,3048.5947059592695,-102.19215726491393,-61.43166396346924,22.115513501260367,2.276834772253127
2026-02-16,2706.60009765625,2918730,0.0053488398876564425,2847.585763113839,3097.4966959635417,2909.5098639192624,3023.261772010898,-113.75190809163541,-71.89571278910248,23.546674831388017,2.279563121490294
2026-02-17,2717.39990234375,4209118,0.003990173759637505,2815.5571637834823,3080.873356119792,2879.9544852153376,3000.605337220739,-120.65085200540125,-81.64674063236224,20.635115835299757,2.2917115391321543
2026-02-18,2694.89990234375,2950820,-0.008279973801645357,2779.3714425223216,3062.1766845703123,2851.4845493889397,2977.9604901928137,-126.47594080387398,-90.6125806666646,21.50374738896201,2.274342476397491
2026-02-19,2677.89990234375,3238849,-0.006308212036081562,2735.55712890625,3041.586678059896,2824.7792190742953,2955.733779981772,-130.95456090747666,-98.68097671482701,21.599599524902217,2.2528266436443602
2026-02-20,2686.199951171875,2293482,0.0030994619406277124,2703.6142578125,3024.330013020833,2803.459331704692,2935.768311181039,-132.30897947634685,-105.40657726713098,17.67851598552916,2.2343800085511973
2026-02-23,2676.300048828125,4699596,-0.0036854673977010366,2693.0713936941966,3006.613346354167,2783.8963651082972,2916.548439895638,-132.65207478734055,-110.85567677117291,10.897435897435884,2.220223626737712
2026-02-24,2573.699951171875,7798833,-0.038336545149777024,2676.142822265625,2984.4166748046873,2751.5584552719247,2891.1522555457295,-139.59380027380485,-116.6033014716993,13.226137729214187,2.3135267906447976
2026-02-25,2629.300048828125,3621285,0.02160317780281029,2665.0999581473216,2963.126676432292,2732.749469665186,2871.75579578887,-139.00632612368372,-121.08390640209619,21.088771833412252,2.3641148888559593
2026-02-26,2647.699951171875,3464267,0.006998023048738977,2655.142822265625,2944.9666748046875,2719.664928358523,2855.1590665579815,-135.49413819945858,-123.96595276156867,25.298363244553826,2.384069785653701
2026-02-27,2637.39990234375,5083717,-0.0038901873392286346,2646.928536551339,2926.463338216146,2707.0087705100964,2839.0287580976683,-132.0199875875719,-125.57675972676932,24.039436070553577,2.385817284640577
2026-03-02,2613.5,3374385,-0.009061918263707835,2637.7285505022323,2906.690006510417,2692.6228058162355,2822.3229241645076,-129.7001183482721,-126.40143145106988,18.341576879082723,2.3247949080224486
2026-03-04,2587.800048828125,3446434,-0.009833537850344354,2623.6714215959823,2887.4966715494793,2676.4962278180647,2804.9508593247756,-128.45463150671094,-126.8120714621981,20.01862197392923,2.2369505178146336
2026-03-05,2578.800048828125,2960636,-0.0034778575740717077,2609.742850167411,2870.046671549479,2661.4660464349968,2788.198947436135,-126.73290100113809,-126.79623736998612,27.828109348189486,1.748079635139414
2026-03-06,2557.60009765625,3998643,-0.008220858837624467,2607.44287109375,2851.213338216146,2645.486669699805,2771.1175511561432,-125.6308814563381,-126.56316618725653,30.749440801809556,1.7444159075759629
2026-03-09,2527.39990234375,3653428,-0.011808020863064206,2592.8857073102677,2830.446671549479,2627.3194747219504,2753.064391984855,-125.74491726290444,-126.39951640238611,25.478893923743115,1.7345250325007107
2026-03-10,2513.10009765625,4323710,-0.005657911387208392,2573.657156808036,2808.800008138021,2609.7472628656888,2735.2892590716247,-125.5419962059359,-126.22801236309608,22.309588130884293,1.7203113463488888
2026-03-11,2464.89990234375,2720664,-0.019179576395485398,2549.0142996651784,2785.696671549479,2587.463053554621,2715.2604178325228,-127.79736427790158,-126.54188274605718,20.856570821180966,1.6695987090250903
2026-03-12,2442.39990234375,2752075,-0.00912815971902381,2524.5714285714284,2760.4399983723956,2565.1456456760257,2695.0485277963176,-129.9028821202919,-127.21408262090414,20.5698647189119,1.6283615435351846
2026-03-13,2410.5,2466488,-0.013060884220122415,2499.242850167411,2735.976668294271,2541.354007879714,2673.9708590706646,-132.61685119095046,-128.2946363349134,17.465189645486106,1.2198511169363428
2026-03-16,2409.199951171875,3807907,-0.0005393274541070081,2475.0142647879466,2712.1533365885416,2521.0226145400466,2654.35819922631,-133.33558468626325,-129.3028260051834,17.82702543743568,1.1764860187656399
2026-03-17,2391.699951171875,2993367,-0.007263822162825395,2451.3142438616073,2686.2233317057294,2501.1268201757125,2634.9020327037592,-133.77521252804672,-130.19730330975605,22.424242424242422,1.1489141400642089
2026-03-18,2440.800048828125,3082388,0.020529371852097134,2438.9428362165177,2660.0733317057293,2491.84577842993,2620.524107972231,-128.67832954230107,-129.89350855626506,20.865533230293664,1.277685021975835
2026-03-19,2356.0,2757060,-0.03474272661901945,2416.4999651227677,2638.6366617838544,2470.946427902248,2600.9297296039176,-129.98330170166946,-129.91146718534594,12.592992872398852,1.4374698933846168
2026-03-20,2390.60009765625,4206320,0.01468594976920623,2405.8857073102677,2618.6066650390626,2458.5854540182486,2585.349756867053,-126.76430284880462,-129.2820343180377,20.207666790053295,1.514300719415176
2026-03-23,2383.800048828125,3860515,-0.0028444944994320265,2397.5142996651784,2600.013330078125,2447.080007065922,2570.4201488641697,-123.34014179824771,-128.0936558140797,21.077845194934227,1.5022194202261723
2026-03-24,2398.800048828125,3420182,0.006292474071964982,2395.8428780691966,2581.7,2439.652321183184,2557.7075488614996,-118.05522767831553,-126.08597018692689,25.543502984780403,1.5261495279261887
2026-03-25,2377.39990234375,5843778,-0.008921188114378031,2391.3000139508927,2561.459993489583,2430.0750259771175,2544.3514268972217,-114.27640092010415,-123.72405633356234,24.74926338562841,1.3191990743248918
2026-03-27,2389.800048828125,4979411,0.005215843776282814,2391.0285993303573,2544.12666015625,2423.8788756465033,2532.9031766698813,-109.02430102337803,-120.78410527152549,28.48721362827969,1.197934020856787
2026-03-30,2358.89990234375,6804756,-0.012930013328741552,2379.3285784040177,2531.0866536458334,2413.8821105230027,2520.014045238316,-106.13193471531349,-117.8536711602831,28.436177990514338,1.17826858153934
2026-04-01,2408.199951171875,4132661,0.02089959339908476,2386.785714285714,2521.6199869791667,2413.0079321612907,2511.7315197519133,-98.72358759062263,-114.02765444635101,37.67912639483021,1.3200745281719903
2026-04-02,2450.699951171875,5378361,0.017648036235246467,2395.371407645089,2513.089982096354,2418.8067043167653,2507.2106628200586,-88.40395850329332,-108.90291525773948,48.30953257033708,1.4034622385622955
2026-04-06,2473.89990234375,2572417,0.009466663252994723,2408.2428152901784,2504.9733154296873,2427.282580936301,2504.743199081073,-77.46061814477162,-102.61445583514592,53.743754316123,1.4210907817148297
2026-04-07,2539.800048828125,4516550,0.026638162046064062,2428.385672433036,2499.8033203125,2444.592960611966,2507.3400027660396,-62.74704215407337,-94.64097309893141,64.21814218330107,1.5591505126015923
2026-04-08,2559.199951171875,4769337,0.007638358126932587,2454.357107979911,2495.8466552734376,2462.224805313491,2511.181480425731,-48.95667511224019,-85.50411350159317,65.86291795070929,1.5589273277387803
2026-04-09,2589.0,5628261,0.01164428313406285,2482.8142438616073,2492.606656901042,2481.7286814191075,2516.94581520901,-35.21713378990262,-75.44671755925506,70.33598342805865,1.552460148532884
2026-04-10,2524.300048828125,10480239,-0.024990324902230632,2506.4428362165177,2487.539990234375,2488.2781225589565,2517.4905732548705,-29.212450695913958,-66.19986418658685,58.33831495901739,1.6549906187908094
2026-04-13,2472.60009765625,3739587,-0.020480905665662075,2515.6428571428573,2484.1699951171877,2485.8661187277708,2514.165352840158,-28.29923411238724,-58.61973817174693,62.46791611931758,1.663308953423685
2026-04-15,2554.89990234375,5261384,0.033284721118271854,2530.528564453125,2481.689990234375,2496.486700822537,2517.182726877461,-20.696026054924005,-51.03499574838235,65.94214159484903,1.8015671239551736
2026-04-16,2576.89990234375,3905403,0.008610904865516744,2545.242850167411,2479.3299886067707,2508.857962595031,2521.606221356445,-12.748258761414036,-43.37764835098869,68.19978931663206,1.7684975706021133
2026-04-17,2581.5,2718206,0.001785128577197037,2551.1999860491073,2477.466658528646,2520.033660657334,2526.042797552264,-6.009136894929725,-35.9039460597769,67.56391377677929,1.7664713921422868
2026-04-20,2579.60009765625,2288558,-0.0007359683686809504,2554.1142926897323,2476.336661783854,2529.1977278879367,2530.010004967374,-0.8122770794370808,-28.885612263708936,70.19578064998161,1.7512911348966658
2026-04-21,2610.5,2719959,0.011978563022936983,2557.185721261161,2477.093326822917,2541.705769751331,2535.9722268216424,5.7335429296886105,-21.961781225029426,71.25794774138112,1.7187822929468748
2026-04-22,2538.5,5232045,-0.02758092319479022,2559.214285714286,2475.749991861979,2541.212574404972,2536.1594692792987,5.053105125673483,-16.558803954888845,66.03000638897436,1.6405798883840181
2026-04-23,2521.800048828125,2509050,-0.00657866896666337,2566.242850167411,2474.5566569010416,2538.2260320085343,2535.0958085051375,3.130223503396792,-12.620998463231718,60.76574884037745,1.635660644264216
2026-04-24,2396.89990234375,5107719,-0.049528171966852,2543.6714215959823,2470.2066569010417,2516.4835505216442,2524.859074715405,-8.375524193760612,-11.771903609337498,45.59015816716756,2.0106073663057438
2026-04-27,2447.60009765625,5853425,0.02115240409619279,2525.200020926339,2468.0233235677083,2505.8860962346607,2519.136187525838,-13.250091291177341,-12.067541145705468,47.93727022058824,2.06011165570713
2026-04-28,2444.699951171875,4508363,-0.0011848939241144718,2505.657156808036,2467.349991861979,2496.4728431480785,2513.622392240359,-17.149549092280722,-13.08394273502052,41.72322909867277,2.0473093168450003
2026-04-29,2474.699951171875,2835961,0.012271444594098124,2490.6714215959823,2468.42666015625,2493.123167459432,2510.7392484575084,-17.61608099807654,-13.990370387631724,42.77901333989827,2.059912232508561
2026-04-30,2473.89990234375,3970446,-0.0003232912449633307,2471.1571219308034,2470.539990234375,2490.165742057019,2508.0104080046376,-17.844665947618523,-14.761229499629085,39.65113491785445,2.031067774050936
2026-05-01,2473.89990234375,0,0.0,2461.928536551339,2472.6966552734375,2487.6633051780545,2505.483703881609,-17.820398703554474,-15.373063340414163,44.87178149569624,1.985101059460243
2026-05-04,2431.300048828125,2632358,-0.017219715913027178,2448.9999651227677,2474.0166585286456,2478.992034970373,2499.9886183220915,-20.996583351718527,-16.497767342675036,45.71842788234478,1.9892560569011977
2026-05-05,2427.300048828125,3385720,-0.0016452103482365033,2453.342843191964,2473.566658528646,2471.0394217177195,2494.604279841057,-23.56485812333767,-17.911185498807566,34.20794846460416,1.9762892879135157
2026-05-06,2435.39990234375,3147628,0.0033369807410235097,2451.5999581473216,2476.2133219401044,2465.5564187371087,2490.218770396812,-24.66235165970329,-19.261418730986712,31.86362925180711,1.8721920879923817
2026-05-07,2401.39990234375,5829594,-0.013960746227869802,2445.414236886161,2476.5733154296877,2455.686185445823,2483.639594985474,-27.953409539651147,-20.9998168927196,28.53395737112635,1.8763949755363014
2026-05-08,2394.39990234375,3792199,-0.0029149663882171994,2433.942801339286,2476.9266438802083,2446.2575265070427,2477.0292473823833,-30.771720875340634,-22.95419768924381,28.191220829341944,1.8445288476361381
2026-05-11,2392.89990234375,1975188,-0.0006264617696198904,2422.3713727678573,2476.729972330729,2438.0486612511513,2470.7974440461885,-32.74878279503719,-24.913114710402485,22.469636878065657,1.7759499386684414
2026-05-12,2300.300048828125,6347884,-0.03869775473053727,2397.5713936941966,2474.159977213542,2416.856567032224,2458.168007363369,-41.311440331144695,-28.19277983455093,21.35643059167397,1.914255791914043
2026-05-13,2272.800048828125,3171843,-0.01195496214244296,2374.928536551339,2470.259977213542,2394.694025770055,2444.4370474718694,-49.74302170181454,-32.502828208003656,20.81575914210859,1.7144573299526438
2026-05-14,2246.0,5633313,-0.011791643898434123,2349.0285295758927,2466.496647135417,2371.818021805431,2429.738006918398,-57.91998511296697,-37.58625958899632,27.03197833428463,1.6853328864078447
2026-05-15,2264.0,3410637,0.00801424755120217,2324.5428292410716,2461.689982096354,2355.2306338353646,2417.461117517035,-62.230483681670194,-42.5151044075311,18.965480242589123,1.7074707502105577
2026-05-18,2283.199951171875,3773336,0.008480543803831786,2307.6571219308034,2456.106648763021,2344.148990348674,2407.515845935912,-63.36685558723775,-46.68545464347243,24.12685002659657,1.7357631049138444
2026-05-19,2327.10009765625,10394707,0.01922746470883685,2298.0428641183034,2451.2133219401044,2341.5260837806086,2401.559123841122,-60.033040060513486,-49.35497172688065,27.361968703544918,1.782095070984386
2026-05-20,2327.39990234375,2537422,0.00012883188299550596,2288.685721261161,2444.1333170572916,2339.352825098015,2396.06584817465,-56.71302307663518,-50.82658199683156,27.496125996252758,1.7081982383127963
2026-05-21,2327.199951171875,3299087,-8.591182446715528e-05,2292.528564453125,2436.3999837239585,2337.483152186301,2390.9646706188887,-53.48151843258756,-51.35756928398276,27.479245763887064,1.709590253495222
2026-05-22,2317.300048828125,2617262,-0.004253997314998537,2298.8857073102677,2427.3433186848956,2334.3780593619663,2385.508031967721,-51.129972605754574,-51.312049948337126,30.546042665520133,1.3309602870985313
2026-05-25,2308.199951171875,3298364,-0.003927026049497573,2307.771414620536,2420.1399820963543,2330.3506581019524,2379.781507464325,-49.430849362372555,-50.93580983114421,30.023439496288333,1.2187007395877887
2026-05-26,2276.199951171875,3587597,-0.01386361696427274,2309.5142647879466,2413.593310546875,2322.0197801127097,2372.10879959081,-50.089019478100454,-50.76645176053546,25.279491944490573,1.2422959239262061
2026-05-27,2284.199951171875,2653950,0.00351462972129557,2309.6571219308034,2404.5699788411457,2316.201344891043,2365.5970330412592,-49.3956881502163,-50.49229903847163,30.202694621891027,1.1984795079624286
2026-05-28,2284.199951171875,0,0.0,2303.5285295758927,2394.8133138020835,2311.2780535496327,2359.567619569453,-48.28956601982054,-50.05175243474142,30.934248396822625,1.1990129857740055
2026-05-29,2258.89990234375,16331582,-0.011076109521473865,2293.7428152901784,2384.0599772135415,2303.2198764410355,2352.1107516268085,-48.890875185772984,-49.81957698494773,28.5805492855292,1.2055548047457556
2026-06-01,2297.39990234375,7505095,0.0170436945701109,2289.485665457589,2374.6533040364584,2302.324495810684,2348.0580961243595,-45.73360031367565,-49.002381650693316,49.43947680097392,1.2571235933849607
2026-06-02,2446.89990234375,11306127,0.0650735641833553,2307.999930245536,2369.1999674479166,2324.5668660465403,2355.37971139987,-30.81284535332952,-45.36447439122056,72.86575726890807,1.970743390618759
2026-06-03,2241.699951171875,15660062,-0.0838611955378008,2298.499930245536,2359.306632486979,2311.8181099119765,2346.958988420018,-35.140878508041624,-43.319755214584774,49.615448939837286,2.726323596830578
2026-06-04,2241.0,4867263,-0.00031224123973816464,2293.471365792411,2349.946630859375,2300.923016079365,2339.11017446298,-38.18715838361504,-42.29323584839083,47.877444786708075,2.716554196953412
2026-06-05,2198.89990234375,5019717,-0.018786299712739818,2281.28564453125,2343.346630859375,2285.2271524277317,2328.7242283800742,-43.497075952342584,-42.534003869181184,42.53585477976542,2.739091606580531
2026-06-08,2151.39990234375,6536734,-0.02160171090524443,2262.314208984375,2333.473291015625,2264.638344722504,2315.5890931181243,-50.950748395620394,-44.21735277446903,34.54159284736029,2.7659713547346474
2026-06-09,2151.0,4148655,-0.000185880060380339,2246.8999372209823,2323.6832926432294,2247.155522457503,2303.3973084427075,-56.24178598520439,-46.622239416616104,34.48276454513983,2.650195743542203
2026-06-10,2153.89990234375,2848650,0.001348164734425783,2226.3999372209823,2312.989957682292,2232.808503978464,2292.3234265094516,-59.514922530987405,-49.200776039490364,34.82751766076372,2.643251311468663
2026-06-11,2135.60009765625,3079815,-0.008496125872695992,2181.928536551339,2301.7132975260415,2217.853364544277,2280.714291038844,-62.860926494566684,-51.93280613050563,34.322689584017056,2.63807508213165
2026-06-12,2161.39990234375,2124656,0.012080822020852366,2170.457101004464,2291.296630859375,2209.1682165134266,2271.8761881725404,-62.70797165911381,-54.08783923622727,37.688679882704285,2.647895439387675
2026-06-15,2162.0,3337083,0.00027764304773003623,2159.17138671875,2282.319962565104,2201.9115678190533,2263.737211270871,-61.82564345181754,-55.635400079345324,39.89022308539871,2.6371749370953754
2026-06-16,2199.0,3079898,0.017113783533765137,2159.1856863839284,2274.7099609375,2201.46363430843,2258.9418622878434,-57.47822797941353,-56.00396565935897,42.82586609752558,2.6284659314411445
2026-06-17,2223.0,2865010,0.01091405184174632,2169.4142717633927,2267.6299641927085,2204.776921337902,2256.2795021183733,-51.50258078047136,-55.10368868358145,45.04694118609434,2.645139700314778
2026-06-18,2203.300048828125,3735188,-0.008861876370614086,2176.8857073102677,2261.0266357421874,2204.5497101825517,2252.3550981709477,-47.80538798839598,-53.64402854454436,45.45900830645139,2.6491534386460627
2026-06-19,2125.0,13286502,-0.03553762406067695,2172.757149832589,2252.046638997396,2192.3112932313898,2242.921387195322,-50.610093963932286,-53.03724162842195,36.779138692199105,2.751114307668104
2026-06-22,2127.800048828125,4566101,0.001317670036764751,2171.6428571428573,2243.2099772135416,2182.3864864001184,2234.393880649604,-52.007394249485515,-52.83127215263467,18.424685233223826,2.7536429971941017
2026-06-23,2059.60009765625,6392736,-0.0320518608923972,2157.100027901786,2235.1866455078125,2163.4962727472157,2221.4461930204666,-57.94992027325088,-53.855001776757916,25.278296117808097,2.8182690803630095
2026-06-24,2109.0,4747277,0.023985191299983555,2149.5285993303573,2229.7266438802085,2155.1122307861056,2213.116845389321,-58.00461460321549,-54.684924342049435,34.172643337646306,2.885673213387056
2026-06-25,2094.699951171875,4738903,-0.006780487827465653,2134.628592354911,2224.683308919271,2145.8180339223777,2204.345223595436,-58.527189673058274,-55.45337740825121,36.61355408895338,2.885227865896189
2026-06-26,2094.699951171875,0,0.0,2116.3000139508927,2219.039973958333,2137.9537134992233,2196.223351564061,-58.269638064837636,-56.0166295395685,41.703242566988735,2.8813962865375577
2026-06-29,2097.89990234375,3412470,0.00152764178472653,2101.242850167411,2212.8633056640624,2131.7915887060735,2188.9401331032973,-57.14854439722376,-56.24301251109956,42.293153422580026,2.84419984623178
2026-06-30,2031.5,6848411,-0.03165065324116212,2087.8857073102677,2203.009969075521,2116.362113520524,2177.277901021572,-60.91578750104782,-57.177567509089215,34.99999401615398,2.3916722251815608
2026-07-01,1982.5999755859375,4658295,-0.024070895601310593,2067.142839704241,2191.516638183594,2095.783323069049,2162.8573139522655,-67.07399088321654,-59.15685218391469,32.55811493931688,1.6717068005505824
2026-07-02,2068.10009765625,6040621,0.043125251247440266,2068.3571254185267,2182.8799763997395,2091.524365313234,2155.8382608933016,-64.31389558006776,-60.18826086314531,40.63819029248367,1.9993880297911037
2026-07-03,2093.5,4028819,0.012281756754682904,2066.142839704241,2175.4199747721354,2091.828309111198,2151.220611938242,-59.392302827044205,-60.029069255925094,43.45249290937204,1.9976509131687141
2026-07-06,2057.60009765625,2567386,-0.017148269569500885,2060.84286063058,2167.0666463216144,2086.5624304258213,2144.2857590284652,-57.72332860264396,-59.56792112526887,36.455941716777104,1.9773391965742448
2026-07-07,2096.10009765625,4769048,0.018711118863113496,2061.04288155692,2161.0633178710937,2088.0297638458874,2140.7164507786715,-52.68668693278414,-58.19167428677193,38.173349478931314,2.031086307202201
2026-07-08,2057.5,3666985,-0.018415197680402118,2055.271466936384,2153.5066528320312,2083.332877100366,2134.5522692395107,-51.219392139144475,-56.797217857246444,36.87431810729002,2.066340986308246
2026-07-09,2049.5,3791498,-0.003888213851761857,2057.8428955078125,2145.683321126302,2078.1278190849252,2128.252101147695,-50.12428206276991,-55.46263069835114,42.21809701107567,2.0613780430833666
2026-07-10,2069.0,6714551,0.009514515735545181,2070.1857561383927,2139.3533243815104,2076.723539225706,2123.8630566182364,-47.13951739253025,-53.79800803718697,44.14108492282662,2.053029602985386
2026-07-13,2181.5,12382622,0.054374093765103826,2086.3857421875,2135.4899943033856,2092.8429947294435,2128.1324598317005,-35.289465102257054,-50.09629945020099,61.1609535837627,2.409731464366387
2026-07-14,2200.60009765625,9546290,0.008755488267820244,2101.6857561383927,2127.280000813802,2109.421010564337,2133.5004330038896,-24.079422439552673,-44.89292404807133,58.87941925018826,2.3869492654493776
2026-07-15,2189.199951171875,5426489,-0.005180471679755327,2120.4857352120534,2125.530000813802,2121.6946937347275,2137.6263232385554,-15.931629503827935,-39.10066513922265,59.21231945903517,2.376407104848498
2026-07-16,2201.0,5197595,0.0053901192633447614,2135.471435546875,2124.196667480469,2133.895510083231,2142.320669665329,-8.425159582098331,-32.96556402779779,60.12959874779683,2.37137498577956
2026-07-17,2269.0,5615138,0.030895047705588263,2165.685721261161,2126.533337402344,2154.6808162242723,2151.7043237641938,2.976492460078589,-25.777152730222515,64.51230083082325,2.3086927432696713
2026-07-20,2251.10009765625,2202693,-0.007888894818752767,2194.4857352120534,2129.8566772460936,2169.514551829192,2159.0669736821237,10.44757814706827,-18.532206554764358,70.29574848021402,2.3224829519160695
2026-07-21,2221.10009765625,2382160,-0.013326817421950632,2216.2143205915177,2132.1933471679686,2177.4507896487394,2163.662019902429,13.788769746310209,-12.068011294549445,72.84045409856571,2.2083669696218475
2026-07-22,2208.300048828125,1599665,-0.005762932000062393,2220.042898995536,2134.0066853841145,2182.196829522491,2166.968540563592,15.228288958899157,-6.608751243859725,65.5985653619218,2.1665356747787
2026-07-23,2242.89990234375,2503539,0.015668094348857187,2226.0857282366073,2137.5833455403645,2191.535763802685,2172.5930858806405,18.942677922044368,-1.4984654106789066,66.28869063779995,2.1739368504800805
2026-07-24,2254.300048828125,3211699,0.00508277095757248,2235.3857421875,2140.6800170898437,2201.1918076527527,2178.64545350638,22.546354146372778,3.31049850073143,72.65604656721455,2.172421238216243
2026-07-27,2295.60009765625,4007292,0.01832056422550954,2248.9000418526784,2145.1333536783854,2215.716159960983,2187.3087604804446,28.407399480538515,8.329878696692846,72.8312910998556,2.1951048377361557
2026-07-28,2398.0,8248513,0.04460702996497412,2267.32861328125,2151.7666870117187,2243.7598276592935,2202.915518963375,40.8443086959187,14.832764696538018,84.00238338108548,2.1920386847587126
2026-07-29,2446.60009765625,7169419,0.020266929798269384,2295.2571847098216,2159.2200236002604,2274.9660230434406,2220.9662284961805,53.99979454726008,22.66617066668243,86.68020346694834,2.0652818742674026
2026-07-30,2431.800048828125,4901582,-0.006049230866255084,2325.357177734375,2166.8366902669272,2299.0943347026227,2236.583548520769,62.510786181853746,30.635093769716693,83.80542468657796,1.9492601408940249
2026-07-31,2365.60009765625,4343683,-0.027222612814641778,2347.82861328125,2174.8566935221356,2309.325990541642,2246.140329938212,63.18566060343028,37.14520713645941,68.77421860606393,2.1011350667110693
2026-08-03,2473.699951171875,3036839,0.04569658820302136,2380.800048828125,2186.386690266927,2334.6142921770625,2262.9965981777423,71.61769399932018,44.039704509031566,73.57153724292644,2.199095204470475
2026-08-04,2460.0,2792792,-0.005538242892144218,2410.1857561383927,2199.7333536783854,2353.904401072899,2277.589442757169,76.31495831573011,50.49475527037128,73.28061528826106,2.212315270983176
2026-08-05,2413.0,3014409,-0.019105691056910623,2426.9571707589284,2209.8666870117186,2362.9960316770685,2287.619854404786,75.37617727228235,55.4710396707535,67.18547885301368,2.2167474605731603
2026-08-06,2373.0,2729141,-0.016576875259013635,2423.3857421875,2219.1433553059896,2364.53510372675,2293.944309634061,70.59079409268907,58.49499055514062,58.83152466866026,2.270755942560216
2026-08-07,2452.699951171875,4547979,0.03358615725742742,2424.257149832589,2231.076688639323,2378.0989264106156,2305.7039867850103,72.39493962560528,61.27498036923355,65.4933829470024,2.3440707382432806
2026-08-10,2425.699951171875,2322023,-0.011008276812293993,2423.3857073102677,2242.0033569335938,2385.422160989271,2314.592576739593,70.82958424967819,63.18590114532248,65.79678040420438,2.1202578648111476
2026-08-11,2445.699951171875,1514105,0.008245042834064353,2434.828543526786,2255.810021972656,2394.69566717121,2324.304234104947,70.39143306626283,64.62700752951055,68.12767052191226,2.119879910564452
2026-08-12,2349.699951171875,7022647,-0.03925256651127662,2417.1142578125,2268.0466878255206,2387.7732493251588,2326.185398332127,61.58785099303168,64.01917622221478,57.456021789262515,2.3361463841697225
2026-08-13,2375.0,2123494,0.010767353004159874,2404.9714006696427,2278.2766845703127,2385.808134044365,2329.8012947519696,56.0068392923954,62.41670883625091,58.265989274663774,2.341160032933452
2026-08-14,2361.0,2232160,-0.005894736842105286,2397.5428292410716,2287.193351236979,2381.9914980375397,2332.1123099555275,49.879188082012206,59.909204685403175,54.65281164760924,2.262510087324225
2026-08-17,2313.199951171875,2237636,-0.020245679300349373,2388.9999651227677,2295.713346354167,2371.4081831351295,2330.7113944900716,40.69678864505795,56.066721477334134,43.458804750384836,2.3080129404878647
