Price,Close,Volume,Daily_Return,MA_7,MA_30,Volatility_7
Ticker,TCS.NS,TCS.NS,,,,
Date,,,,,,
2020-01-01,2167.60009765625,1354908,,,,
2020-01-02,2157.64990234375,2380752,-0.4590420217852387,,,
2020-01-03,2200.64990234375,4655761,1.9929090420689244,,,
2020-01-06,2200.449951171875,3023209,-0.009086005532366048,,,
2020-01-07,2205.85009765625,2429317,0.24541101157511402,,,
2020-01-08,2255.25,5197454,2.2394949863654867,,,
2020-01-09,2214.35009765625,3734173,-1.8135418398736336,2200.257149832589,,
2020-01-10,2213.550048828125,1915807,-0.0361301868648467,2206.8214285714284,,1.4072294768405995
2020-01-13,2190.35009765625,2843893,-1.048087942902276,2211.4928850446427,,1.476679704329135
2020-01-14,2206.89990234375,2948452,0.7555780560015934,2212.3857421875,,1.2922442230272273
2020-01-15,2226.89990234375,2620681,0.9062486240884793,2216.164306640625,,1.33126689727927
2020-01-16,2238.800048828125,3117214,0.5343817417141405,2220.8714425223216,,1.338152857578939
2020-01-17,2219.10009765625,3281059,-0.8799334796417702,2215.7071707589284,,1.0395078966328362
2020-01-20,2170.35009765625,5817599,-2.196836458683782,2209.421456473214,,1.1421059370750162
2020-01-21,2171.050048828125,1902980,0.032250611209261315,2203.350027901786,,1.144835445138276
2020-01-22,2206.89990234375,1773686,1.6512679445126466,2205.714285714286,,1.2854144713728604
2020-01-23,2190.949951171875,2069866,-0.7227310651894969,2203.435721261161,,1.2840127649595858
2020-01-24,2183.39990234375,1319430,-0.34460161100835496,2197.221435546875,,1.2058687814990883
2020-01-27,2169.25,1549101,-0.648067370918215,2187.285714285714,,1.155324668021177
2020-01-28,2183.75,1743024,0.6684337904805826,2182.2357003348216,,1.2051222660461283
2020-01-29,2154.60009765625,2306761,-1.3348552876359498,2179.9857003348216,,0.9956395824390045
2020-01-30,2137.85009765625,2098567,-0.777406443925277,2175.242850167411,,1.024363353868113
2020-01-31,2079.050048828125,3287223,-2.750428989038478,2156.978585379464,,1.038411863081971
2020-02-03,2102.5,4728073,1.1279166263983287,2144.3428780691966,,1.2816102739706334
2020-02-04,2107.75,3509339,0.24970273483948535,2133.5357491629466,,1.3189338219617561
2020-02-05,2146.550048828125,2439322,1.8408278414482337,2130.292898995536,,1.580349542332691
2020-02-06,2128.35009765625,2640065,-0.8478698729531553,2122.3786272321427,,1.5548796384715302
2020-02-07,2136.550048828125,2083442,0.3852726664144601,2119.800048828125,,1.5096686118844034
2020-02-10,2161.949951171875,2383032,1.18882786563701,2123.2428850446427,,1.5473060990436969
2020-02-11,2153.39990234375,1335820,-0.39547857356690974,2133.8642926897323,2176.0533447265625,0.9452233223803218
2020-02-12,2170.75,1620407,0.8057071813445393,2143.6142926897323,2176.158341471354,0.9173838136706182
2020-02-13,2191.949951171875,1645948,0.9766187341644583,2155.6428571428573,2177.3016764322915,0.9305276216585784
2020-02-14,2184.199951171875,1500115,-0.35356646696502736,2161.021414620536,2176.7533447265623,0.7876888254619699
2020-02-17,2203.25,1774724,0.872175132954478,2171.7214006696427,2176.8466796875,0.6425445123177461
2020-02-18,2215.75,2486223,0.5673436968115286,2183.0356794084823,2177.1766764322915,0.6409473840591637
2020-02-19,2196.35009765625,1760463,-0.8755456321223098,2187.9499860491073,2175.213346354167,0.7493385046939692
2020-02-20,2156.800048828125,2317278,-1.8007169654022492,2188.435721261161,2173.2950113932293,1.0657094969137275
2020-02-24,2115.35009765625,3092877,-1.9218263275910252,2180.5214494977677,2170.0216796875,1.221033214910067
2020-02-25,2156.14990234375,2674567,1.9287495120881015,2175.407156808036,2168.8816731770835,1.4301556567433302
2020-02-26,2123.60009765625,2686842,-1.5096262394427296,2166.7500348772323,2166.105013020833,1.511738034088355
2020-02-27,2105.5,2349001,-0.8523307978854588,2152.7857491629466,2162.058349609375,1.4085024308995773
2020-02-28,2000.1500244140625,4298076,-5.003560939726315,2121.98575265067,2154.103348795573,2.0444328350017242
2020-03-02,2001.300048828125,2667076,0.05749690773317884,2094.1214599609375,2146.8433471679687,2.1160387821732147
2020-03-03,2036.199951171875,2757585,1.7438615645957611,2076.8928745814733,2142.3716756184895,2.3835223254052047
2020-03-04,2083.199951171875,3237002,2.30822125169734,2072.2999965122767,2139.4433390299478,2.578169488766882
2020-03-05,2125.050048828125,3937056,2.008933306315974,2067.857160295759,2136.715010579427,2.589304049707035
2020-03-06,2116.449951171875,2595027,-0.4047009462667783,2066.835710797991,2134.2316772460936,2.527549747132638
2020-03-09,1972.3499755859375,4940975,-6.808569959622702,2047.8142787388392,2127.1966796875,3.62057321959642
2020-03-11,1953.699951171875,6796449,-0.9455737898910188,2041.1785539899554,2120.011678059896,3.141864291441265
2020-03-12,1769.8499755859375,8728786,-9.410348578637162,2008.1142578125,2106.215010579427,4.644964925727473
2020-03-13,1806.300048828125,8029720,2.0595007342427474,1975.2714146205358,2094.605008951823,4.684696540643185
2020-03-16,1696.4000244140625,7844271,-6.084261830439653,1920.0142822265625,2079.8900065104167,4.591089671431919
2020-03-17,1658.0,5713248,-2.2636184780370994,1853.2928466796875,2065.8550048828124,4.103676460089542
2020-03-18,1654.4000244140625,7258778,-0.21712759866933107,1787.2857142857142,2050.918339029948,4.12710314973176
2020-03-19,1636.3499755859375,5135111,-1.091032915967094,1739.2857142857142,2035.2050048828125,3.8950494854556017
2020-03-20,1797.449951171875,8547498,9.84508069725436,1716.9642857142858,2023.5683349609376,6.13425041921914
2020-03-23,1669.699951171875,7003490,-7.107291077379452,1702.6571393694196,2008.2799967447916,5.65225556437803
2020-03-24,1703.1500244140625,6350865,2.0033583410426825,1687.921421595982,1993.8333292643229,5.647735109427318
2020-03-25,1750.300048828125,2765520,2.7684011236933426,1695.6214250837054,1980.1116658528647,5.2163685969651885
2020-03-26,1790.949951171875,4556067,2.322453362837207,1714.6142752511162,1968.0300008138022,5.088689501320058
2020-03-27,1824.5,4331250,1.8733102399747237,1738.914271763393,1956.4883341471354,5.051656799346096
2020-03-30,1778.5,8513547,-2.5212386955330235,1759.2214181082588,1942.706669108073,5.2013910495244735
2020-03-31,1826.0999755859375,3927593,2.6764113346043006,1763.3142787388392,1930.7700032552084,3.7424081782414
2020-04-01,1708.75,4941878,-6.426262370891478,1768.892857142857,1914.286669921875,3.5203825926411185
2020-04-03,1654.199951171875,5735369,-3.1923949570226817,1761.8999895368304,1895.5683349609376,3.6670335423584417
2020-04-07,1775.199951171875,5427577,7.314714277090917,1765.4571184430804,1881.5299967447916,4.597419282285316
2020-04-08,1705.449951171875,6285615,-3.929134853454419,1753.2428327287946,1866.4849934895833,4.7422739916927465
2020-04-09,1766.1500244140625,5307397,3.559182326076371,1744.9071219308037,1854.844991048177,4.928026980888942
2020-04-13,1759.25,2990438,-0.3906816702251348,1742.1571219308037,1841.6149943033854,4.837241693716767
2020-04-15,1735.1500244140625,4761399,-1.369900559098336,1729.164271763393,1828.666658528646,4.69608330030792
2020-04-16,1716.050048828125,6245533,-1.1007679634149947,1730.2071358816963,1815.6849934895833,3.9776426030416863
2020-04-17,1806.199951171875,9895823,5.253337593813923,1751.921421595982,1809.219991048177,4.082398707003614
2020-04-20,1818.6500244140625,3244282,0.689296510838111,1758.1285749162946,1803.1316569010417,3.119009635331807
2020-04-21,1737.6500244140625,5122541,-4.453853073028535,1762.7285853794642,1793.1799926757812,3.2438449872773494
2020-04-22,1769.5,3829836,1.832933855404928,1763.2071533203125,1782.7233276367188,3.013298651138476
2020-04-23,1878.25,5934366,6.145803899406621,1780.2071533203125,1774.4966593424479,3.76684351822588
2020-04-24,1818.550048828125,2987102,-3.1784880166045526,1792.1214425223213,1764.5666625976562,4.0105918580859
2020-04-27,1836.5999755859375,3374741,0.9925449546711151,1809.3428606305804,1760.0416625976563,3.9275416088584496
2020-04-28,1859.050048828125,2678505,1.2223714222268312,1816.8928745814733,1756.8866658528646,3.476471337887521
2020-04-29,1905.6500244140625,4241510,2.5066552466036285,1829.3214460100446,1761.4133341471354,3.562855062543912
2020-04-30,2014.449951171875,5915544,5.709334104580166,1868.864292689732,1768.3516642252605,3.14778586980166
2020-05-04,1930.449951171875,3729348,-4.169872771032823,1891.857142857143,1776.1533284505208,3.967674047058972
2020-05-05,1932.75,2905528,0.11914573733076139,1899.642857142857,1785.311661783854,3.3516058642401894
2020-05-06,1903.5999755859375,3517431,-1.5082149483410912,1911.7928466796875,1793.6183268229167,3.0995978032915468
2020-05-07,1891.6500244140625,3166754,-0.6277553753485821,1919.6571393694196,1802.128328450521,3.1340697329146865
2020-05-08,1893.4000244140625,2686530,0.09251182710405814,1924.5642787388392,1805.3266642252604,3.1175858301052526
2020-05-11,1935.300048828125,2449841,2.212951509125971,1928.7999965122767,1814.180000813802,3.084790946352632
2020-05-12,1949.5,3256595,0.7337338300835272,1919.5214320591517,1822.3916666666667,2.0041478182184487
2020-05-13,1949.6500244140625,2656665,0.007695532909068881,1922.2642996651787,1829.0366658528646,1.1529343024628351
2020-05-14,1902.3499755859375,2263146,-2.426078949340682,1917.9214390345983,1832.75,1.509460638845202
2020-05-15,1892.9000244140625,3173682,-0.49675145441965274,1916.3928745814733,1835.0300008138022,1.4103540598465039
2020-05-18,1945.5999755859375,3727694,2.7840852919946535,1924.1000104631696,1840.6,1.7378003553638803
2020-05-19,1948.6500244140625,3198693,0.1567664918995737,1931.9928676060267,1844.6850016276042,1.7359790119654697
2020-05-20,1953.5999755859375,2778505,0.2540195063176265,1934.607142857143,1852.8466674804688,1.5472850674416267
2020-05-21,1991.199951171875,3400908,1.9246506990081347,1940.5642787388392,1864.0800008138021,1.6824091965473051
2020-05-22,2020.3499755859375,3663418,1.4639426039010806,1950.664271763393,1872.2516682942708,1.7275194890891183
2020-05-26,1943.0,4575317,-3.828543396967876,1956.4714181082588,1880.1700032552083,2.1549814991015404
2020-05-27,2005.300048828125,3482160,3.206384396712547,1972.528564453125,1888.141670735677,2.3646546080054587
2020-05-28,2004.300048828125,3475681,-0.0498678489827209,1980.9142892020088,1896.3100056966146,2.216620989548052
2020-05-29,1972.3499755859375,7237735,-1.5940763590196028,1984.2999965122767,1904.216670735677,2.34959085744022
2020-06-01,2045.25,3747773,3.696099846195189,1997.392857142857,1915.1900024414062,2.697956056585159
2020-06-02,2047.1500244140625,2443886,0.09289937240251067,2005.3857247488838,1923.2216715494792,2.6464021536392
2020-06-03,2046.1500244140625,3699799,-0.048848398411160954,2009.0714460100446,1930.8050048828125,2.6090860429691225
2020-06-04,2091.550048828125,4048593,2.218802329856695,2030.2928815569196,1942.6016723632813,1.9722279666688425
2020-06-05,2048.25,3573289,-2.0702372793988677,2036.4285888671875,1951.8933390299478,2.029156057265775
2020-06-08,2071.75,2957841,1.147320883681191,2046.0642961774554,1958.3433390299479,2.043123414844117
2020-06-09,2072.050048828125,2909439,0.014482868498855161,2060.3071637834823,1966.793339029948,1.8508433934414334
2020-06-10,2108.75,5168397,1.7711903818458108,2069.378592354911,1975.8650065104166,1.4305021752583185
2020-06-11,2067.64990234375,2269513,-1.9490265634262038,2072.307146344866,1982.8183349609376,1.6978397970640993
2020-06-12,2039.5,2842642,-1.3614443292281342,2071.3571428571427,1987.2800008138022,1.7938499526223284
2020-06-15,2029.9000244140625,2399022,-0.47070240676330144,2062.5499965122767,1987.7950032552083,1.4942452009863532
2020-06-16,2045.800048828125,2146528,0.7832910105339819,2062.2000034877233,1991.6400065104167,1.35033388498962
2020-06-17,2047.800048828125,2703527,0.09776126465270707,2058.778581891741,1995.475008138021,1.2554411883877432
2020-06-18,2038.0999755859375,1944389,-0.47368263555509493,2053.9285714285716,1999.958341471354,1.2577412783517259
2020-06-19,2044.5999755859375,5681758,0.3189244923145207,2044.7642822265625,2005.0566731770834,0.9565390989631092
2020-06-22,2027.949951171875,3196138,-0.8143414170437402,2039.0928606305804,2009.5416707356771,0.7257982378819179
2020-06-23,2035.300048828125,4205944,0.36243979551875416,2038.4928676060267,2012.8750040690104,0.5715126245005407
2020-06-24,2042.199951171875,2560937,0.3390115549656958,2040.25,2015.9650024414063,0.5484647433455044
2020-06-25,2016.0999755859375,3043931,-1.2780323283702266,2036.0071323939733,2018.180000813802,0.6556116235305373
2020-06-26,2118.85009765625,6300722,5.096479505707574,2046.1571393694196,2025.3966715494792,2.122963095273546
2020-06-29,2101.64990234375,3076341,-0.8117702772615143,2055.2357003348216,2032.355000813802,2.1526377297620685
2020-06-30,2082.14990234375,3071725,-0.9278424526489304,2060.5999755859375,2036.9066650390625,2.21677852098078
2020-07-01,2092.050048828125,2503466,0.4754771245447209,2069.7571323939733,2041.6866658528645,2.163539458046564
2020-07-02,2157.14990234375,3758699,3.111773236595905,2087.1642543247767,2048.4716634114584,2.380471770970528
2020-07-03,2199.64990234375,4185208,1.9701922408741135,2109.6571044921875,2055.4199951171877,2.400965487252053
2020-07-06,2263.199951171875,5190366,2.889098340622831,2144.957101004464,2063.5149943033853,2.2259381805646377
2020-07-07,2269.89990234375,5630055,0.296038852793612,2166.53564453125,2074.411657714844,1.6702955862868007
2020-07-08,2218.89990234375,2793358,-2.246795109658395,2183.28564453125,2081.5316528320313,1.9876922278735012
2020-07-09,2204.35009765625,3443998,-0.6557215434608632,2200.7428152901784,2088.199987792969,1.950688850124539
2020-07-10,2222.35009765625,9610320,0.81656720586889,2219.357107979911,2096.5333251953125,1.9444821838087067
2020-07-13,2220.0,2963503,-0.10574830935632384,2228.335693359375,2102.3583251953123,1.6939834225585515
2020-07-14,2171.949951171875,2976738,-2.164416613879505,2224.3785574776784,2106.5183227539064,1.7832258821661626
2020-07-15,2233.89990234375,5569321,2.852273420870022,2220.1928362165177,2112.776652018229,1.7727298946228405
2020-07-16,2234.75,8582118,0.03805442022528638,2215.1714215959823,2117.549983723958,1.764024844882616
2020-07-17,2200.75,4509135,-1.5214229779617394,2212.5785784040177,2122.6333170572916,1.6414403329761673
2020-07-20,2207.89990234375,2952646,0.32488480489605287,2213.085693359375,2127.1716471354166,1.6284763874385308
2020-07-21,2225.050048828125,2665286,0.7767628625813039,2213.4714006696427,2132.2716471354165,1.6253561605848854
2020-07-22,2190.949951171875,2861534,-1.5325541856557212,2209.3213936941966,2135.0116455078123,1.7310449779558859
2020-07-23,2171.199951171875,2265766,-0.9014354704650507,2209.2142508370534,2138.463313802083,1.5449739818201371
2020-07-24,2157.39990234375,3665100,-0.6355954835332689,2198.2856794084823,2142.393310546875,0.9026564312354401
2020-07-27,2206.800048828125,4248480,2.289800163182898,2194.2928292410716,2148.2899780273438,1.3920338627235471
2020-07-28,2309.75,8092319,4.665123658418646,2209.8642578125,2157.088309733073,2.1497248753905507
2020-07-29,2276.050048828125,6090431,-1.4590302488093898,2219.5999930245534,2164.696643066406,2.303559444032161
2020-07-30,2279.5,7098496,0.15157624383748125,2227.3785574776784,2172.743310546875,2.3012403318165218
2020-07-31,2281.39990234375,4723290,0.08334732808730205,2240.299979073661,2180.636641438802,2.1551981161332496
2020-08-03,2254.14990234375,4012337,-1.1944420604211192,2252.149972098214,2188.176639811198,2.191734566658017
2020-08-04,2249.699951171875,2927928,-0.19741150165959453,2265.335693359375,2195.3233032226562,2.157985290270989
2020-08-05,2259.5,3800641,0.4356158172568847,2272.8642578125,2202.5666381835936,2.0287712275324696
2020-08-06,2308.10009765625,4748047,2.1509226667957515,2272.6285574776784,2212.2999755859373,1.186062135415462
2020-08-07,2295.35009765625,3165491,-0.5524023855354887,2275.3857073102677,2218.183308919271,1.0413961704883943
2020-08-10,2282.800048828125,2929353,-0.5467596790981744,2275.8571428571427,2224.221647135417,1.0714758720078044
2020-08-11,2279.89990234375,2774423,-0.12704338629498935,2275.6428571428573,2230.8133138020835,1.072534787694083
2020-08-12,2257.35009765625,3415751,-0.9890699440058159,2276.100027901786,2236.3233154296877,1.036771986372214
2020-08-13,2254.449951171875,2695682,-0.12847570642170458,2276.7785993303573,2239.566650390625,1.0346342806453803
2020-08-14,2242.14990234375,2270405,-0.5455897932766907,2274.3000139508927,2240.9833170572915,1.0377252341495868
2020-08-17,2253.39990234375,2625630,0.5017505737792138,2266.4857003348216,2240.6566487630207,0.4743508086007157
2020-08-18,2269.75,3493374,0.7255746145743647,2262.828543526786,2240.651652018229,0.6068827780256696
2020-08-19,2256.60009765625,2843005,-0.5793546577266273,2259.085693359375,2241.9083251953125,0.6104725588525993
2020-08-20,2252.85009765625,2895164,-0.166179200465999,2255.221435546875,2243.5249918619793,0.610265705440023
2020-08-21,2248.60009765625,1975294,-0.18864992413039072,2253.971435546875,2244.3999918619793,0.4950611924552401
2020-08-24,2248.10009765625,2167966,-0.022236057025937228,2253.0643136160716,2245.336661783854,0.49403983853268163
2020-08-25,2242.64990234375,1663419,-0.2424356156641827,2253.1357421875,2247.693326822917,0.45391298361403737
2020-08-26,2253.5,2618149,0.48380701976313834,2253.1500418526784,2248.3466634114584,0.450673114166815
2020-08-27,2248.39990234375,3579393,-0.2263189552363043,2250.100027901786,2248.80166015625,0.3206293372063461
2020-08-28,2238.550048828125,2941136,-0.43808281193027376,2247.5214494977677,2250.061661783854,0.29104107126472833
2020-08-31,2257.25,6018154,0.8353599769486575,2248.1500069754466,2251.7066650390625,0.45900136713280854
2020-09-01,2246.35009765625,3610908,-0.4828841441466336,2247.8285784040177,2252.4166666666665,0.4943428122959298
2020-09-02,2265.14990234375,2084137,0.8369044837273965,2250.2642647879466,2254.889998372396,0.5892784697318406
2020-09-03,2299.5,4654146,1.5164602404771577,2258.3857073102677,2259.1666666666665,0.7634667970771892
2020-09-04,2288.800048828125,5231303,-0.4653164240867591,2263.4285714285716,2263.546671549479,0.8201463399065826
2020-09-07,2327.050048828125,4620401,1.671181369450947,2274.664306640625,2267.5550048828127,0.9494406399509572
2020-09-08,2348.199951171875,7453998,0.9088718291383913,2290.3285784040177,2268.836669921875,0.860888040360924
2020-09-09,2327.64990234375,3866535,-0.8751405014666425,2300.3857073102677,2270.5566650390624,1.037041179992144
2020-09-10,2331.14990234375,2308813,0.15036625552991012,2312.4999651227677,2272.278328450521,0.9680022959404656
2020-09-11,2374.10009765625,4145424,1.8424467370939057,2328.064278738839,2275.3683349609373,1.0875413300494865
2020-09-14,2491.39990234375,7512131,4.940811248999166,2355.4785505022323,2283.2766682942706,1.9530764196265933
2020-09-15,2491.39990234375,7318770,0.0,2384.42138671875,2291.3333333333335,1.8953005324910364
2020-09-16,2503.0,3074003,0.4656056077283033,2409.5570940290177,2299.45,1.9037174849471832
2020-09-17,2460.949951171875,4828176,-1.6799859699610509,2425.664236886161,2304.5449951171877,2.1710848689850533
2020-09-18,2449.89990234375,4183256,-0.4490155853378086,2443.1285226004466,2309.6966552734375,2.1253114018592796
2020-09-21,2465.300048828125,4598809,0.6286030898504213,2462.2928292410716,2315.779988606771,2.1103487473037386
2020-09-22,2522.949951171875,7499613,2.338453786635575,2483.5570940290177,2323.881656901042,2.1581392368920023
2020-09-23,2467.449951171875,7502280,-2.199805825486989,2480.135672433036,2330.8849853515626,1.5181504628557554
2020-09-24,2332.25,8424708,-5.47933914962141,2457.399972098214,2333.4783203125,2.521900153979286
2020-09-25,2422.300048828125,8228267,3.8610804514149333,2445.871407645089,2339.4833251953123,3.0927087599692538
2020-09-28,2426.300048828125,4347166,0.16513230893651087,2440.9214215959823,2345.2466634114585,3.04627204678681
2020-09-29,2488.39990234375,6995811,2.5594465756870743,2446.4214215959823,2352.5349934895835,3.2070319046021445
2020-09-30,2492.300048828125,3917166,0.15673310711439292,2450.278564453125,2360.3916585286456,3.2031372994749754
2020-10-01,2523.449951171875,2610337,1.249845593767751,2450.3499930245534,2369.411653645833,3.107007034431623
2020-10-05,2705.800048828125,17412105,7.2262220842369995,2484.4000069754466,2384.651652018229,3.9107550831543323
2020-10-06,2714.300048828125,9846367,0.3141399898962005,2538.978585379464,2400.191650390625,2.6116302127515723
2020-10-07,2735.949951171875,9656101,0.7976237687169929,2583.785714285714,2416.6349853515626,2.546452611007318
2020-10-08,2825.699951171875,19839329,3.2803962646158036,2640.842843191964,2435.708317057292,2.4884857651646897
2020-10-09,2812.949951171875,7739245,-0.4512156357829977,2687.2071358816966,2454.526652018229,2.6745363025968927
2020-10-12,2830.0,4623203,0.6061269885382137,2735.4499860491073,2474.241650390625,2.633704414864469
2020-10-13,2826.550048828125,4209878,-0.12190640183303847,2778.75,2493.2183186848956,2.735765394154347
2020-10-14,2809.60009765625,4395936,-0.5996692391455172,2793.5785784040177,2511.9933186848957,1.3134373489442668
2020-10-15,2740.60009765625,6629355,-2.4558655182835176,2797.3357282366073,2527.841658528646,1.7423536400744477
2020-10-16,2763.300048828125,5273773,0.8282839656645891,2801.2428850446427,2543.30166015625,1.7442881760923445
2020-10-19,2711.550048828125,3331194,-1.8727607963509585,2784.9357561383927,2557.3933268229166,1.2115470759178049
2020-10-20,2739.0,3406273,1.0123342987431894,2774.3714773995534,2571.124991861979,1.355418383679607
2020-10-21,2675.39990234375,4570143,-2.3220188994614865,2752.2857491629466,2582.0316569010415,1.4516879359858106
2020-10-22,2671.14990234375,5262294,-0.15885475648993452,2730.0857282366073,2593.481656901042,1.448917440685998
2020-10-23,2686.800048828125,3499091,0.5858954778480641,2712.5428641183034,2605.336661783854,1.5419304308610362
2020-10-26,2688.199951171875,2672752,0.05210295959168221,2705.05712890625,2615.8066569010416,1.3215433679944295
2020-10-27,2630.14990234375,3537502,-2.159439397460705,2686.0356794084823,2620.4316569010416,1.3892558679456464
2020-10-28,2622.199951171875,3569445,-0.3022622841683198,2673.2713797433034,2624.7916585286457,1.2906037218323574
2020-10-29,2632.64990234375,3105968,0.3985184717589796,2658.0785086495534,2629.113321940104,1.190009775729053
2020-10-30,2664.85009765625,3427003,1.2231096616315495,2656.5713936941966,2635.9099934895835,1.0616000680370308
2020-11-02,2604.60009765625,2571196,-2.260915165659416,2647.064278738839,2641.0666666666666,1.3540349288847757
2020-11-03,2633.60009765625,2879269,1.1134146860432015,2639.464285714286,2646.6766682942707,1.4276057948759402
2020-11-04,2653.14990234375,4893928,0.7423224469386369,2634.4571358816966,2651.016666666667,1.477063857695119
2020-11-05,2685.699951171875,2816502,1.2268454488519875,2642.3928571428573,2658.2916666666665,1.2582354200234689
2020-11-06,2707.449951171875,3884421,0.8098447479402804,2654.5714285714284,2670.798331705729,1.238711614388706
2020-11-09,2726.60009765625,3646592,0.7073130373503655,2667.9928850446427,2680.9416666666666,1.24145591009412
2020-11-10,2649.60009765625,4760020,-2.824029826236274,2665.8143136160716,2688.385001627604,1.7080824919331052
2020-11-11,2687.800048828125,3242441,1.4417251571535505,2677.700020926339,2695.031673177083,1.4734822128171976
2020-11-12,2671.050048828125,2437505,-0.6231862376556929,2683.0500139508927,2700.9900065104166,1.4911484510636637
2020-11-13,2656.85009765625,2548093,-0.5316243017649547,2683.57861328125,2705.4366780598957,1.4933115723223571
2020-11-14,2670.35009765625,298819,0.5081204999826339,2681.3857770647323,2704.2550130208333,1.4201879437532385
2020-11-17,2666.050048828125,2827273,-0.16102940329431048,2675.471505301339,2702.6466796875,1.365958045012117
2020-11-18,2626.64990234375,2893762,-1.4778472182730984,2661.1929059709823,2699.0033447265623,1.3705809916941496
2020-11-19,2636.89990234375,4167501,0.3902309169887541,2659.378592354911,2692.710009765625,0.9434503822040462
2020-11-20,2660.25,2711471,0.8855132360350737,2655.44287109375,2687.620011393229,0.8093074508264627
2020-11-23,2724.25,3706418,2.405788929611874,2663.0428641183034,2684.095011393229,1.2174141031971295
2020-11-24,2722.050048828125,3120516,-0.08075437907222316,2672.3571428571427,2680.611678059896,1.1780868485090574
2020-11-25,2701.300048828125,3302249,-0.762293110993062,2676.778564453125,2677.001676432292,1.2460757681100876
2020-11-26,2720.60009765625,2341099,0.714472605014671,2684.5714285714284,2676.335009765625,1.2510791816094475
2020-11-27,2679.64990234375,6086808,-1.5051898052851564,2692.1428571428573,2673.546671549479,1.2575679553461996
2020-12-01,2726.800048828125,3605017,1.7595636819248472,2704.9857352120534,2674.0550048828127,1.3762034141772954
2020-12-02,2749.550048828125,2509032,0.8343112656821638,2717.7428850446427,2674.406673177083,1.3738735587017814
2020-12-03,2709.449951171875,2852548,-1.4584239946219935,2715.628592354911,2675.5416748046873,1.2414605578160791
2020-12-04,2727.550048828125,2686527,0.6680358737913394,2716.414306640625,2677.4216796875,1.2723736161981931
2020-12-07,2737.699951171875,1996400,0.3721252465417102,2721.6142926897323,2679.118343098958,1.2251507542420952
2020-12-08,2797.300048828125,4277818,2.1770135047392003,2732.5714285714284,2682.7550130208333,1.4347243286800777
2020-12-09,2810.800048828125,3659996,0.4826082209398841,2751.3071637834823,2688.7766845703127,1.1644928261945675
2020-12-10,2784.300048828125,2127801,-0.9427920712840598,2759.5214494977677,2694.1800211588543,1.1985476695539112
2020-12-11,2783.60009765625,1795408,-0.025139214869085436,2764.3857421875,2699.2116943359374,1.1791153011087747
2020-12-14,2797.699951171875,2483658,0.5065330155541004,2776.9928850446427,2703.6400227864583,0.9313923353532821
2020-12-15,2761.550048828125,2365509,-1.2921293553516344,2781.850027901786,2708.871687825521,1.1323303511745186
2020-12-16,2814.199951171875,2565149,1.9065344249723948,2792.7785993303573,2714.8916829427085,1.309752472949416
2020-12-17,2838.199951171875,2863460,0.8528178671173059,2798.6214425223216,2721.060017903646,1.0873710657875801
2020-12-18,2861.0,6076692,0.8033277859338606,2805.7928641183034,2726.903352864583,1.1072182945986324
2020-12-21,2820.14990234375,2705195,-1.4278258530671106,2810.9142717633927,2730.660017903646,1.2057176242945655
2020-12-22,2872.5,2881737,1.8562877672829714,2823.6142578125,2735.5233479817707,1.3509404391672644
2020-12-23,2908.75,2790988,1.2619669277632806,2839.4785505022323,2744.1616780598956,1.3852087738660637
2020-12-24,2909.35009765625,1807144,0.020630774602481416,2860.592843191964,2751.5466796875,1.1627406134260463
2020-12-28,2929.39990234375,2108994,0.6891506355199972,2877.049979073661,2760.158341471354,1.0467779766826883
2020-12-29,2930.5,1994151,0.03755368652023083,2890.2357003348216,2769.2800048828126,1.0566049063393192
2020-12-30,2909.300048828125,2637968,-0.7234243703079679,2897.1357073102677,2777.2450032552083,1.1296981413826663
2020-12-31,2862.75,4040956,-1.6000428985272763,2903.221435546875,2783.8016682942707,1.17323447865601
2021-01-01,2928.25,2681440,2.288009780805167,2911.185721261161,2793.8550048828124,1.280052965389339
2021-01-04,3039.449951171875,5113293,3.7974883009263216,2929.8571428571427,2807.27333984375,1.8398930765159947
2021-01-05,3093.0,5801309,1.7618335451609735,2956.092843191964,2821.69833984375,1.8591400287430397
2021-01-06,3051.5,3726716,-1.3417394115745274,2973.535714285714,2832.6066731770834,2.045378894703125
2021-01-07,3032.800048828125,3717827,-0.6128117703383618,2988.1500069754466,2842.9650065104165,2.089627043982198
2021-01-08,3120.89990234375,5879039,2.904901480388289,3018.3785574776784,2856.951668294271,2.1807299302816445
2021-01-11,3176.449951171875,9508039,1.7799368953296923,3063.1928362165177,2872.146663411458,1.8510662395535187
2021-01-12,3174.85009765625,3611458,-0.0503660860463051,3098.4214215959823,2888.6533365885416,1.8978965344963652
2021-01-13,3158.949951171875,3572801,-0.5008156604342617,3115.492850167411,2903.0583333333334,1.5769763832357295
2021-01-14,3250.699951171875,6931542,2.9044461424899692,3138.021414620536,2919.763330078125,1.7691714674394368
2021-01-15,3233.35009765625,4131692,-0.5337266981337518,3164.0,2937.226668294271,1.6328678118099351
2021-01-18,3221.75,4160906,-0.35876404675938556,3190.992850167411,2953.7,1.5975949379210772
2021-01-19,3260.699951171875,2975735,1.208968764549545,3210.964285714286,2971.133333333333,1.348084830700426
2021-01-20,3308.800048828125,3453446,1.4751463911594431,3229.8714425223216,2988.1833333333334,1.309331774952699
2021-01-21,3273.85009765625,2778546,-1.0562726866573002,3244.0142996651784,3003.6183349609373,1.440253019450557
2021-01-22,3303.10009765625,3052459,0.8934434725933249,3264.607177734375,3020.911669921875,1.3823437185716874
2021-01-25,3291.300048828125,2272887,-0.35724163601635883,3270.4071916852677,3037.835001627604,0.9884191622012323
2021-01-27,3261.050048828125,2786662,-0.9190897077515192,3274.364327566964,3053.2800048828126,1.0440692958639277
2021-01-28,3196.550048828125,3083938,-1.9778905271073177,3270.764334542411,3067.7800048828126,1.3139807099775747
2021-01-29,3111.35009765625,5445659,-2.6653720376788703,3249.428641183036,3077.685009765625,1.4745727180579777
2021-02-01,3139.35009765625,3985846,0.8999308699169539,3225.221505301339,3087.723347981771,1.3463249911306332
2021-02-02,3203.449951171875,2881837,2.041819214858509,3215.1643415178573,3099.1383463541665,1.690417801142366
2021-02-03,3200.050048828125,2505866,-0.10613252573233867,3200.4429059709823,3111.8016845703123,1.6134884803502705
2021-02-04,3188.449951171875,2057261,-0.36249738220494043,3185.7500348772323,3122.333349609375,1.61344446496295
2021-02-05,3157.949951171875,2366135,-0.956577662095337,3171.0214494977677,3130.6400146484375,1.6153556953328123
2021-02-08,3214.10009765625,2526592,1.778056883502499,3173.5285993303573,3140.798347981771,1.6454859431976205
2021-02-09,3176.89990234375,2658751,-1.1574062469189017,3182.8928571428573,3149.048347981771,1.2835609683919953
2021-02-10,3213.300048828125,2127983,1.1457756807987884,3193.4571358816966,3158.4750162760415,1.305714700476047
2021-02-11,3206.0,1165882,-0.22718229599465456,3193.8214285714284,3168.3650146484374,1.0740376108834384
2021-02-12,3190.800048828125,2777404,-0.47410951877339125,3192.5,3179.300016276042,1.089916048927524
2021-02-15,3139.85009765625,2630853,-1.5967766827190366,3185.5571637834823,3186.3533528645835,1.240873743552475
2021-02-16,3108.800048828125,3435770,-0.9889022680191761,3178.5357491629466,3188.6650227864584,1.2441596147879117
2021-02-17,3073.10009765625,3678426,-1.148351473596132,3158.392892020089,3188.0016927083334,0.908300769953605
2021-02-18,3057.35009765625,4189909,-0.5125117796199397,3141.3143484933034,3188.1966959635415,0.8787400002699695
2021-02-19,3071.85009765625,3725028,0.47426691536294197,3121.1072126116073,3189.4983642578127,0.6771695794141939
2021-02-22,2958.449951171875,5366696,-3.691591154493401,3085.742919921875,3184.0833658854167,1.30287628054782
2021-02-23,2980.199951171875,3832829,0.7351822866357605,3055.6571916852677,3177.54169921875,1.4739055770842575
2021-02-24,2948.10009765625,3774549,-1.0771040212588012,3028.264334542411,3169.983365885417,1.4494438106195964
2021-02-25,2995.300048828125,4224073,1.6010294633278965,3012.050048828125,3164.528369140625,1.7237067482234238
2021-02-26,2894.300048828125,5553153,-3.371949332405444,2986.5071847098216,3152.648372395833,2.036039005567554
2021-03-01,2924.199951171875,3265871,1.0330615982906188,2967.4857352120534,3142.343367513021,2.1570080438666204
2021-03-02,3006.35009765625,3306469,2.809320424598649,2958.128592354911,3135.163370768229,2.5057060702608887
2021-03-03,3059.10009765625,3509857,1.754619331964169,2972.5071847098216,3128.4433756510416,2.0791815147650614
2021-03-04,3049.699951171875,3916760,-0.3072846976003518,2982.4357561383927,3119.806705729167,2.0966006740812007
2021-03-05,3008.050048828125,3203686,-1.3657049221430961,2991.0000348772323,3110.9467041015623,2.1318552240899393
2021-03-08,3006.949951171875,2003125,-0.036571786984684884,2992.664306640625,3101.0750325520835,2.0547172805924294
2021-03-09,3050.949951171875,1942397,1.4632767659751744,3015.0428641183034,3093.0633626302083,1.417171627439418
2021-03-10,3070.949951171875,3053778,0.655533532836805,3036.007149832589,3086.7266927083333,1.4124184540743567
2021-03-12,3057.949951171875,2938317,-0.42332178012342014,3043.3785574776784,3082.106689453125,1.107317988236172
2021-03-15,3066.14990234375,3097083,0.2681519090504514,3044.385672433036,3080.6000162760415,0.8919733638334976
2021-03-16,3110.050048828125,4894756,1.4317677831347408,3053.0071149553573,3079.6233479817706,1.0141454401294276
2021-03-17,3112.949951171875,3838390,0.09324294780537201,3067.9928152901784,3076.606681315104,0.7279644202828258
2021-03-18,3036.5,3656306,-2.455868304053377,3072.2142508370534,3071.1550130208334,1.3391275168194618
2021-03-19,3050.199951171875,5776626,0.4511757342952505,3072.107107979911,3066.5466796875,1.2229930352306806
2021-03-22,3129.64990234375,2821646,2.604745670569919,3080.4928152901784,3065.6033447265627,1.5692330443077638
2021-03-23,3142.60009765625,3305973,0.41379054260355375,3092.585693359375,3063.220011393229,1.538165461989266
2021-03-24,3121.10009765625,2207104,-0.6841468634852577,3100.435721261161,3061.3600179036457,1.5930087602575504
2021-03-25,3064.85009765625,3179786,-1.8022491506196836,3093.978585379464,3056.411686197917,1.6655249194733026
2021-03-26,3066.800048828125,3697370,0.06362305201699225,3087.3857421875,3051.771687825521,1.6647019251799202
2021-03-30,3158.550048828125,4694008,2.991717703769403,3104.821463448661,3050.6966878255207,1.707823028113189
2021-03-31,3177.85009765625,3530069,0.6110414123494889,3123.057198660714,3051.9633544921876,1.706929442013192
2021-04-01,3165.0,4285076,-0.40436449994061263,3128.1072126116073,3053.8366861979166,1.481923655076558
2021-04-05,3238.89990234375,5317862,2.3349100266587763,3141.864327566964,3059.363346354167,1.696912278443624
2021-04-06,3264.699951171875,2291562,0.7965682671902119,3162.378592354911,3066.275008138021,1.6234925781771647
2021-04-07,3271.39990234375,2491268,0.20522410243153377,3191.8857073102677,3072.9266682942707,1.251619214799405
2021-04-08,3317.35009765625,2578118,1.4046034322975798,3227.6785714285716,3084.8900065104167,1.1960394102210787
2021-04-09,3322.25,2911129,0.1477053129608441,3251.064278738839,3096.2916748046873,0.9083518835940048
2021-04-12,3246.550048828125,3791828,-2.278574796354127,3260.8785574776784,3106.2400065104166,1.4596422938155516
2021-04-13,3104.050048828125,8654596,-4.38927470258581,3252.1714215959823,3109.8650065104166,2.3140429253429304
2021-04-15,3218.949951171875,6062760,3.7016124268720585,3249.3214285714284,3120.686669921875,2.6078941224841685
2021-04-16,3195.14990234375,3224657,-0.7393730623074912,3239.3857073102677,3129.7183349609377,2.5884661998712213
2021-04-19,3161.800048828125,2679106,-1.0437649104087954,3223.728585379464,3134.9,2.592625417060912
2021-04-20,3144.550048828125,3141893,-0.5455752967804983,3199.0428641183034,3137.748331705729,2.4607004809418482
2021-04-22,3118.800048828125,1988980,-0.8188770921167654,3169.978585379464,3140.0516682942707,2.429816832766368
2021-04-23,3109.5,1615309,-0.2981931730961507,3150.4000069754466,3143.4333333333334,2.3530175023928406
2021-04-26,3100.800048828125,2490260,-0.2797861769376131,3149.935721261161,3146.561669921875,1.6569742428548755
2021-04-27,3132.0,1471417,1.0061903599255295,3137.5142996651784,3149.2633382161457,0.6742299700700078
2021-04-28,3124.10009765625,1639037,-0.252231875598663,3127.364327566964,3151.035009765625,0.6568936602451285
2021-04-29,3115.25,1621395,-0.283284702141573,3120.7143205915177,3152.9450113932294,0.5747844477655774
2021-04-30,3035.64990234375,3072305,-2.5551752718481646,3105.157156808036,3151.9283447265625,1.06392061409684
2021-05-03,3037.0,1545831,0.044474748395972874,3093.471435546875,3149.493343098958,1.070455648469379
2021-05-04,3049.75,1990777,0.41982219295357837,3084.935721261161,3147.386678059896,1.1125054743453773
2021-05-05,3095.699951171875,1939289,1.5066792744282242,3084.2071358816966,3149.360009765625,1.29946661003812
2021-05-06,3111.449951171875,1791671,0.5087702376981973,3081.271414620536,3151.401676432292,1.246771032141571
2021-05-07,3132.89990234375,1912540,0.6893876330485771,3082.5285295758927,3151.510009765625,1.2764510502218687
2021-05-10,3145.5,2137153,0.4021864103230355,3086.8499581473216,3151.6066731770834,1.2731575480015993
2021-05-11,3122.60009765625,2415625,-0.7280210568669565,3099.271414620536,3151.656673177083,0.6732105611305012
2021-05-12,3087.60009765625,1978558,-1.1208607860567876,3106.5,3152.415006510417,0.8875349547832111
2021-05-14,3051.5,2043935,-1.1691960265078682,3106.75,3151.9050048828126,1.0261718120151604
2021-05-17,3069.75,2890462,0.5980665246600125,3103.0428641183034,3148.945003255208,0.8476362911871004
2021-05-18,3088.800048828125,2098538,0.6205732984160051,3099.8071637834823,3145.976668294271,0.8623210227821309
2021-05-19,3082.0,1986041,-0.22015179748215985,3092.5357491629466,3143.210001627604,0.7887400299461986
2021-05-20,3060.0,2329027,-0.7138221933809197,3080.321463448661,3137.2466715494793,0.7513103643539167
2021-05-21,3080.5,1685566,0.6699346405228734,3074.3071637834823,3131.1066731770834,0.828471155682829
2021-05-24,3081.5,1652260,0.03246226261970353,3073.435721261161,3124.776676432292,0.7202951200855358
2021-05-25,3114.0,1841613,1.0546811617718754,3082.3642926897323,3117.99833984375,0.6147480697165888
2021-05-26,3158.5,1923753,1.4290301862556198,3095.0428641183034,3112.540006510417,0.7492824076271434
2021-05-27,3180.0,5959785,0.680702865284144,3108.0714285714284,3110.321671549479,0.7524316869060611
2021-05-28,3143.60009765625,1763701,-1.144651017099052,3116.8714425223216,3111.6400065104167,0.9408566391109469
2021-05-31,3159.14990234375,1652799,0.4946495802406137,3131.035714285714,3109.6466715494794,0.8310976714591083
2021-06-01,3153.0,1377441,-0.19466953243300056,3141.3928571428573,3108.2416748046876,0.8584171571432221
2021-06-02,3129.449951171875,2240078,-0.746909255570094,3148.242850167411,3107.163338216146,0.9500095502232512
2021-06-03,3141.25,1281706,0.37706462836084587,3152.1357073102677,3107.0533365885417,0.8835390448942947
2021-06-04,3143.75,1836060,0.07958615200955865,3150.028564453125,3107.885001627604,0.6749157182813608
2021-06-07,3183.199951171875,2559821,1.2548692221669988,3150.4857003348216,3110.3416666666667,0.8033084916743529
2021-06-08,3200.14990234375,2574057,0.5324815101745317,3158.5642438616073,3113.653328450521,0.630587052874293
2021-06-09,3200.25,1710925,0.003127905232713779,3164.4356863839284,3115.928328450521,0.6270340001869891
2021-06-10,3216.800048828125,1874324,0.5171486236426937,3173.549979073661,3119.0183268229166,0.6124641817221781
2021-06-11,3273.800048828125,3452954,1.771947249900263,3194.1714215959823,3124.303328450521,0.6421804739984501
2021-06-14,3276.35009765625,1847360,0.07789262600315094,3213.471435546875,3132.326668294271,0.6724611509498111
2021-06-15,3262.75,1304985,-0.415099035538935,3230.471435546875,3139.851668294271,0.7575285995501835
2021-06-16,3274.35009765625,1635552,0.3555313050723985,3243.4928850446427,3147.338338216146,0.688098153826453
2021-06-17,3317.75,2273413,1.3254508848890456,3260.292898995536,3154.7400065104166,0.7724641026178188
2021-06-18,3297.300048828125,3380431,-0.6163801121806922,3274.1571916852677,3160.935009765625,0.8707154605775933
2021-06-21,3273.10009765625,1130569,-0.7339323329242031,3282.2000558035716,3165.608349609375,0.9725170072944439
2021-06-22,3301.199951171875,1708688,0.8585088349649439,3286.114327566964,3170.798347981771,0.7760500158232155
2021-06-23,3261.39990234375,1467104,-1.205623694923319,3283.978585379464,3175.425008138021,0.9253893284849436
2021-06-24,3373.60009765625,4155204,3.4402464791842613,3299.8143136160716,3184.9583414713543,1.589183993665874
2021-06-25,3380.800048828125,2722861,0.21342041034670967,3315.0214494977677,3195.935009765625,1.5920799957698994
2021-06-28,3336.75,1355238,-1.3029474737316638,3317.7357352120534,3204.835009765625,1.6646667920206073
2021-06-29,3340.85009765625,1497322,0.12287698078219389,3323.9571707589284,3213.236678059896,1.6353292202430187
2021-06-30,3345.75,1693146,0.14666633343374258,3334.3357282366073,3222.0283447265624,1.5846934667860522
2021-07-01,3341.5,990310,-0.1270268250765927,3340.0928780691966,3231.4116780598956,1.5731042022831754
2021-07-02,3325.449951171875,1682274,-0.4803246694037089,3349.2428850446427,3239.5766764322916,1.4879036349788677
2021-07-05,3321.0,1972858,-0.1338150096141688,3341.728585379464,3247.560009765625,0.5317289722483077
2021-07-06,3262.300048828125,2159420,-1.7675384273374006,3324.8000139508927,3252.5033447265623,0.7450800443098751
2021-07-07,3274.949951171875,2640710,0.3877602352454934,3315.971435546875,3256.385009765625,0.717198756109969
2021-07-08,3258.5,2485811,-0.5022962615348847,3304.2071358816966,3259.001676432292,0.6996324719395862
2021-07-09,3208.14990234375,6365067,-1.5451925013426404,3284.549979073661,3261.1533365885416,0.7849589215851362
2021-07-12,3193.10009765625,1892226,-0.46911164208708334,3263.3499930245534,3262.285009765625,0.7612225938957035
2021-07-13,3187.550048828125,1809339,-0.17381380659500234,3243.6500069754466,3263.4366780598957,0.7807948654521701
2021-07-14,3214.550048828125,2044279,0.8470455235652263,3228.44287109375,3266.2733479817707,0.9485197273851762
2021-07-15,3202.949951171875,2232968,-0.3608622507053183,3219.964285714286,3268.330013020833,0.7546409201799605
2021-07-16,3194.800048828125,1256526,-0.25444988114060596,3208.5142996651784,3270.0316813151044,0.6998884980872552
2021-07-19,3184.60009765625,1597058,-0.3192672785771511,3197.9571707589284,3270.0783528645834,0.6967163583310193
2021-07-20,3205.800048828125,1811945,0.6657021453801093,3197.6214773995534,3270.2666910807293,0.5334199827686557
2021-07-22,3216.35009765625,2859334,0.3290925406274736,3200.9429059709823,3270.803361002604,0.5031910328423802
2021-07-23,3212.85009765625,1776193,-0.10881899960301089,3204.557198660714,3270.671695963542,0.497764014253223
2021-07-26,3197.550048828125,1259611,-0.4762142136443326,3202.1286272321427,3268.130029296875,0.4178582304230533
2021-07-27,3182.949951171875,1121367,-0.456602631180103,3199.271484375,3265.0166910807293,0.4301611841854905
2021-07-28,3197.800048828125,1660654,0.4665514030713025,3199.7000558035716,3262.8516927083333,0.4684601215074769
2021-07-29,3195.800048828125,1731997,-0.06254299735635183,3201.300048828125,3260.233357747396,0.44757244039715843
2021-07-30,3167.449951171875,2999943,-0.8871048633548151,3195.821463448661,3255.223356119792,0.4760469565650073
2021-08-02,3219.39990234375,2608669,1.6401190854698378,3196.257149832589,3252.6266845703126,0.8310368012714486
2021-08-03,3284.89990234375,3804735,2.034540659341988,3206.549979073661,3253.020011393229,1.1213311433789896
2021-08-04,3273.949951171875,2929598,-0.33334200424378624,3217.4642508370534,3252.111678059896,1.10555556099418
2021-08-05,3283.949951171875,2534521,0.30544144379545113,3231.892822265625,3252.863346354167,1.0497993008209126
2021-08-06,3309.800048828125,2292362,0.7871647875457244,3247.892822265625,3250.736678059896,1.0575081806604094
2021-08-09,3322.699951171875,1510489,0.3897486903572167,3266.0213797433034,3248.800008138021,1.031055285575235
2021-08-10,3333.89990234375,2040777,0.3370738055335165,3289.7999441964284,3248.7050048828123,0.828065128468198
2021-08-11,3344.199951171875,1929707,0.30894895257305155,3307.6285226004466,3248.8166666666666,0.7336295788885251
2021-08-12,3351.75,1310205,0.22576547270982683,3317.178536551339,3249.016666666667,0.32979926008134547
2021-08-13,3463.39990234375,4363584,3.33109278268815,3344.2428152901784,3253.0799967447915,1.1257315343221417
2021-08-16,3472.949951171875,2083489,0.2757420193279625,3371.2428152901784,3257.9966634114585,1.12801333139215
2021-08-17,3553.050048828125,4336019,2.306399423614547,3405.9928152901784,3265.7316650390626,1.2615947267179197
2021-08-18,3560.550048828125,2631309,0.211086246940817,3439.9714006696427,3275.673331705729,1.278284473907135
2021-08-20,3559.5,2836148,-0.02949119697026603,3472.1999860491073,3285.1583333333333,1.3168678063214512
2021-08-23,3637.39990234375,3744176,2.1885068785995276,3514.085693359375,3297.788330078125,1.3561038722085303
2021-08-24,3613.199951171875,2511141,-0.6653090620110769,3551.4356863839284,3311.289998372396,1.498816043290394
2021-08-25,3659.0,2123263,1.267575817753186,3579.3785574776784,3326.8199951171873,1.1454529114630545
2021-08-26,3671.85009765625,1902533,0.35119151834517304,3607.7928641183034,3342.963330078125,1.1401114163347918
2021-08-27,3720.14990234375,3944728,1.3154078571543604,3631.6642717633927,3359.816658528646,0.9715724513947506
2021-08-30,3701.300048828125,2033114,-0.5066960743638105,3651.771414620536,3376.428328450521,1.060947900632411
2021-08-31,3786.449951171875,3207480,2.300540383660854,3684.1928362165177,3396.1499918619793,1.2013378724396953
2021-09-01,3714.949951171875,2643336,-1.8883122957394805,3695.271414620536,3413.8283203125,1.434255823105991
2021-09-02,3836.75,3403717,3.2786457537524294,3727.2071358816966,3434.8599853515625,1.7309487305897961
2021-09-03,3842.050048828125,1746812,0.1381390194337584,3753.3571428571427,3455.716650390625,1.7407647700403623
2021-09-06,3852.0,1723693,0.25897505356313744,3779.092843191964,3477.0216471354165,1.74430193481261
2021-09-07,3815.89990234375,1585039,-0.9371780284592401,3792.771414620536,3497.633308919271,1.8179731776328183
2021-09-08,3774.14990234375,4147175,-1.094106267681627,3803.178536551339,3517.3399739583333,1.8781621798528327
2021-09-09,3791.39990234375,1441148,0.4570565676071281,3803.885672433036,3537.1266357421873,1.6672916656827397
2021-09-13,3845.35009765625,1691473,1.422962407082129,3822.5142647879466,3558.7783040364584,1.4927704740284395
2021-09-14,3885.89990234375,1991188,1.0545152887955656,3829.5356794084823,3582.7266357421877,0.9368104625079278
2021-09-15,3954.550048828125,2461369,1.7666473200446786,3845.607107979911,3607.231640625,1.109334392808386
2021-09-16,3903.300048828125,2946666,-1.2959755058653766,3852.9356863839284,3627.844978841146,1.2878940040192812
2021-09-17,3827.85009765625,6477148,-1.9329785112094378,3854.6428571428573,3646.308317057292,1.4753174700663374
2021-09-20,3823.5,2002008,-0.11364336495082172,3861.69287109375,3664.293318684896,1.3923578621499544
2021-09-21,3862.949951171875,1568129,1.031775890463571,3871.914306640625,3682.731648763021,1.426963571752211
2021-09-22,3862.14990234375,1744067,-0.020710825618708295,3874.314278738839,3700.713313802083,1.3349569696438057
2021-09-23,3869.25,2003869,0.18383796164775923,3871.935721261161,3718.558317057292,1.2667517792120973
2021-09-24,3871.300048828125,2320754,0.05298310597983136,3860.0428641183034,3736.1283203125,0.9919372071463172
2021-09-27,3836.949951171875,1673362,-0.8873013515614203,3850.564278738839,3752.301652018229,0.9338197048872272
2021-09-28,3779.14990234375,2253075,-1.5064061184971056,3843.607107979911,3762.826652018229,0.8108087109977737
2021-09-29,3791.89990234375,2489161,0.33737746131987656,3839.0928083147323,3773.458317057292,0.8345269997598547
2021-09-30,3775.550048828125,2252412,-0.4311784049341405,3826.607107979911,3780.8749837239584,0.665369362294992
2021-10-01,3730.199951171875,1578374,-1.2011520724066638,3807.7571149553573,3786.52998046875,0.7226687334769675
2021-10-04,3773.300048828125,1356860,1.155436658099518,3794.049979073661,3793.6566487630207,0.936136535948362
2021-10-05,3833.300048828125,1877966,1.5901200334872412,3788.621407645089,3800.1866536458333,1.1927223625856467
2021-10-06,3810.89990234375,1678154,-0.5843567213378753,3784.899972098214,3806.776652018229,1.1660623939190982
2021-10-07,3892.89990234375,1647233,2.151722745317164,3801.149972098214,3814.5733154296877,1.2433986218064892
2021-10-08,3935.64990234375,2934339,1.098153075404329,3821.6856863839284,3823.3666422526044,1.2668645858708856
2021-10-11,3685.60009765625,11845402,-6.353456503806165,3808.835693359375,3822.214982096354,2.9210051000151727
2021-10-12,3652.85009765625,5752877,-0.8885934212131796,3797.785714285714,3820.5999837239583,2.9074021444995473
2021-10-13,3655.199951171875,3545655,0.06432931691153776,3780.9142717633927,3816.2249837239583,2.847401072807556
2021-10-14,3611.449951171875,6442299,-1.1969249448576247,3749.2214006696427,3812.7749837239585,2.7115123570395614
2021-10-18,3647.14990234375,3590107,0.9885212768985241,3725.828543526786,3806.45498046875,2.7976693248823623
2021-10-19,3634.14990234375,3135441,-0.35644271137980077,3688.8642578125,3799.5249755859377,2.5362718836369784
2021-10-20,3608.85009765625,2933693,-0.6961684401401103,3642.1785714285716,3791.4199788411456,2.3807727122095947
2021-10-21,3532.5,4871211,-2.1156350524460743,3620.30712890625,3781.9733154296873,0.9806508770211697
2021-10-22,3498.85009765625,2691670,-0.9525803918966735,3598.30712890625,3772.7966552734374,0.9840801129024052
2021-10-25,3492.949951171875,2595594,-0.16863101646815704,3575.1285574776784,3762.848323567708,0.9611759313558914
2021-10-26,3482.60009765625,3878763,-0.2963069514395067,3556.721435546875,3750.756656901042,0.9345085468726841
2021-10-27,3489.75,2510813,0.20530357041457226,3534.2357352120534,3737.55166015625,0.7541221458174959
2021-10-28,3421.64990234375,2424942,-1.951431983845553,3503.878592354911,3719.788321940104,0.8882177065374919
2021-10-29,3397.75,3960501,-0.6984905827851939,3473.721435546875,3702.9366536458333,0.8881495242103312
2021-11-01,3476.39990234375,2020718,2.314764251158863,3465.7071358816966,3691.221647135417,1.3151584616982996
2021-11-02,3484.199951171875,3087414,0.22437144883320492,3463.6142578125,3679.9116455078124,1.2808352776394958
2021-11-03,3492.25,1537639,0.23104439874115368,3463.5142647879466,3667.55498046875,1.2837223602404326
2021-11-04,3508.64990234375,328991,0.46960848575416936,3467.235665457589,3655.7716471354165,1.286480169352868
2021-11-08,3502.75,2526082,-0.1681530647959173,3469.0928083147323,3643.55498046875,1.289782610303758
2021-11-09,3505.699951171875,1782692,0.08421814779457915,3481.0999581473216,3631.368310546875,0.9436617569466097
2021-11-10,3484.300048828125,1516489,-0.6104316582084102,3493.4642508370534,3619.613313802083,0.9277920489303187
2021-11-11,3488.199951171875,1284514,0.11192785607145872,3495.149972098214,3609.9149820963544,0.3483323557413774
2021-11-12,3526.050048828125,1747259,1.0850896790917552,3501.1285574776784,3601.0533203125,0.5267838690196395
2021-11-15,3553.300048828125,1809157,0.772819433151728,3509.8499930245534,3593.644986979167,0.5745551210405753
2021-11-16,3556.39990234375,2013204,0.08723872099254404,3516.6714215959823,3587.8516520182293,0.5682605889994178
2021-11-17,3521.89990234375,1632914,-0.9700821321377173,3519.4071219308034,3579.471647135417,0.7153858960707544
2021-11-18,3475.699951171875,2136598,-1.3117905804514773,3515.121407645089,3567.5516438802083,0.8878466901218136
2021-11-22,3458.39990234375,3167936,-0.4977428739869283,3511.42138671875,3555.8016438802083,0.8784293946584648
2021-11-23,3464.25,2153461,0.1691561942355202,3507.9999651227677,3541.5133138020833,0.8810279534894614
2021-11-24,3443.300048828125,2161746,-0.6047470930756971,3496.178536551339,3525.1016520182293,0.7206948128223852
2021-11-25,3445.89990234375,1849619,0.07550470417208022,3480.8356584821427,3517.1116455078127,0.5753506813111866
2021-11-26,3446.85009765625,1941251,0.027574663786777975,3465.1856863839284,3510.244978841146,0.566682849591021
2021-11-29,3502.0,2981745,1.6000087262643126,3462.342843191964,3505.1383138020833,0.9025327977308144
2021-11-30,3529.14990234375,5588446,0.7752684849728686,3469.9785505022323,3502.394978841146,0.7603286202579197
2021-12-01,3577.800048828125,2102118,1.3785230956629535,3487.035714285714,3500.083317057292,0.7947762178734997
2021-12-02,3642.89990234375,3152938,1.8195497967234964,3512.55712890625,3500.3749837239584,0.919218044840038
2021-12-03,3640.449951171875,2486263,-0.06725277217468628,3540.7214006696427,3501.4283121744793,0.8050306458385739
2021-12-06,3536.39990234375,1849642,-2.8581645187741422,3553.649972098214,3501.558308919271,1.6085150612245274
2021-12-07,3584.5,1484458,1.3601430546463789,3573.3142438616073,3504.4133056640626,1.6381300239061516
2021-12-08,3626.89990234375,1428660,1.1828679688589805,3591.1570870535716,3508.8783040364583,1.6017076981069056
2021-12-09,3601.75,1567957,-0.6934269767825074,3601.5285295758927,3512.8499674479167,1.6568698916151385
2021-12-10,3636.800048828125,1510718,0.9731394135663152,3609.957101004464,3517.7516357421873,1.6196867469907008
2021-12-13,3609.64990234375,1883864,-0.746539433563953,3605.207101004464,3524.018302408854,1.4891231965149883
2021-12-14,3623.800048828125,1747007,0.39200883374277407,3602.828543526786,3531.5533040364585,1.501964164337825
2021-12-15,3570.35009765625,1603233,-1.4749696575880322,3607.6785714285716,3534.6849772135415,1.1122505051924418
2021-12-16,3581.60009765625,2072320,0.3150951501194488,3607.2642996651784,3537.931648763021,0.9842464742532225
2021-12-17,3584.35009765625,4333992,0.07678132468780241,3601.1857561383927,3541.0016520182294,0.8394454720480069
2021-12-20,3556.89990234375,2312310,-0.7658346580165065,3594.7785993303573,3542.6099853515625,0.8474442172712807
2021-12-21,3608.300048828125,2340989,1.4450827376532471,3590.7071707589284,3546.1283203125,0.964737680392515
2021-12-22,3630.75,1224328,0.6221752866468533,3593.7214704241073,3550.2966552734374,0.9524564229966231
2021-12-23,3662.699951171875,1792861,0.8799821296392007,3599.2785993303573,3556.2433186848957,0.9953748171962147
2021-12-24,3670.89990234375,2209923,0.2238772293988056,3613.6428571428573,3562.333317057292,0.6920754178788564
2021-12-27,3696.10009765625,1534135,0.6864854935546116,3630.0,3568.0016520182294,0.6987217438672726
2021-12-28,3706.550048828125,1456218,0.28272911706317405,3647.4571358816966,3573.1099853515625,0.6844473574887856
2021-12-29,3694.699951171875,1456923,-0.3197069377222195,3667.1428571428573,3577.7199869791666,0.5579658814770356
2021-12-30,3733.75,1966475,1.0569207065309616,3685.064278738839,3584.7816569010415,0.46529005484188135
2021-12-31,3738.35009765625,1207141,0.12320315115501579,3700.435721261161,3593.536661783854,0.47972599319370607
2022-01-03,3817.75,2346158,2.1239290133240774,3722.5857282366073,3605.514998372396,0.8014433257546052
2022-01-04,3884.75,2488606,1.7549603824241977,3753.1357421875,3619.5316650390623,0.8870659056203334
2022-01-05,3860.949951171875,1733031,-0.6126532937286822,3776.685721261161,3633.453328450521,1.0410884994491472
2022-01-06,3807.449951171875,1810293,-1.3856693476112403,3791.0999930245534,3645.5049967447917,1.2940615916992286
2022-01-07,3853.5,2460591,1.2094722036714245,3813.785714285714,3659.059993489583,1.2830022580861669
2022-01-10,3879.85009765625,3937092,0.6837964877708602,3834.657156808036,3671.654996744792,1.269015702207163
2022-01-11,3915.89990234375,1906106,0.929154575051161,3860.021414620536,3684.546663411458,1.2596548558639462
2022-01-12,3859.89990234375,3203744,-1.4300671977463653,3866.0428292410716,3693.949991861979,1.2926415135254328
2022-01-13,3897.89990234375,6684507,0.9844814881579289,3867.92138671875,3702.449991861979,1.1606737133768386
2022-01-14,3968.14990234375,3348123,1.8022525400859912,3883.235665457589,3713.373323567708,1.2820215702122262
2022-01-17,4019.14990234375,3442604,1.2852337047518647,3913.478515625,3729.464990234375,1.036212410309933
2022-01-18,3990.60009765625,2389041,-0.710344360902071,3933.0642438616073,3743.00166015625,1.1514440668652095
2022-01-19,3914.64990234375,3102539,-1.9032274207858357,3938.03564453125,3752.593326822917,1.4590784805631196
2022-01-20,3826.550048828125,6176776,-2.250516794947066,3925.2713797433034,3760.086661783854,1.6533037523458496
2022-01-21,3833.5,3112358,0.18162446807676869,3921.4999651227677,3766.6433268229166,1.5832759826499336
2022-01-24,3771.35009765625,3258414,-1.6212313119538302,3903.4214215959823,3772.0333333333333,1.5955820977754105
2022-01-25,3769.89990234375,3330501,-0.038452948544909216,3875.0999930245534,3776.903328450521,1.2814818441368743
2022-01-27,3649.25,5718297,-3.2003476343958615,3822.257149832589,3779.5333251953125,1.2307389494394203
2022-01-28,3690.050048828125,3143862,1.1180392910358217,3779.3214285714284,3783.1483235677083,1.5460227852906019
2022-01-31,3736.25,2739393,1.252014215540176,3753.8357282366073,3788.2116536458334,1.7232922053411173
2022-02-01,3800.64990234375,2105169,1.723650782034114,3750.1357073102677,3796.3366536458334,1.7627991857244305
2022-02-02,3856.199951171875,1984212,1.461593418374818,3753.3785574776784,3804.5999837239583,1.8586651574065916
2022-02-03,3824.60009765625,1960538,-0.8194557833035132,3760.9857003348216,3811.0616536458333,1.756883052319069
2022-02-04,3814.89990234375,2307366,-0.2536263939972305,3767.4142717633927,3816.1349853515626,1.7639017897585807
2022-02-07,3779.0,1919149,-0.9410444117208483,3785.9499860491073,3819.738321940104,1.136864418410152
2022-02-08,3743.449951171875,2946443,-0.9407263516307274,3793.578543526786,3821.316650390625,1.2156753563501044
2022-02-09,3760.550048828125,1638721,0.45680048830081255,3797.049979073661,3823.116650390625,1.1368668216965343
2022-02-10,3770.35009765625,2112459,0.2606014732121187,3792.721435546875,3825.638321940104,0.8975156778251467
2022-02-11,3694.949951171875,3851488,-1.9998181742126753,3769.685721261161,3824.3449869791666,0.8383809709526427
2022-02-14,3733.75,5951745,1.0500832038555563,3756.7071358816966,3824.191650390625,1.0338041610247692
2022-02-15,3817.800048828125,3931683,2.251089355959146,3757.1214425223216,3824.193318684896,1.4267550887373632
2022-02-16,3813.10009765625,3256906,-0.12310626831589788,3761.9928850446427,3821.8049886067706,1.3672224468113108
2022-02-17,3784.199951171875,3134372,-0.7579173308914333,3767.8143136160716,3819.2466552734377,1.3447803414406285
2022-02-18,3793.89990234375,3688883,0.2563276596647901,3772.5785784040177,3818.794986979167,1.339593710019743
2022-02-21,3719.39990234375,7465922,-1.9636785871439688,3765.299979073661,3814.324983723958,1.5515610687758417
2022-02-22,3586.39990234375,5408531,-3.57584566037632,3749.7928292410716,3804.543310546875,1.9277394164942006
2022-02-23,3563.800048828125,2426203,-0.6301543088057637,3725.5142647879466,3792.806648763021,1.8172196758379227
2022-02-24,3401.64990234375,5039136,-4.549922674188589,3666.0642438616073,3777.5316487630207,1.8262972014606034
2022-02-25,3520.75,2549723,3.501245015666954,3624.2999441964284,3764.9599853515624,2.649733257025842
2022-02-28,3554.199951171875,3288942,0.950080271870335,3591.442801339286,3751.161653645833,2.763008906896442
2022-03-02,3546.14990234375,2761341,-0.22649397723025766,3556.0499441964284,3735.394986979167,2.7364289408774853
2022-03-03,3544.39990234375,1928039,-0.049349295664102844,3531.0499441964284,3720.5216471354165,2.711194750318866
2022-03-04,3524.35009765625,2370257,-0.5656755795033774,3522.1856863839284,3707.511653645833,2.390318450568161
2022-03-07,3484.89990234375,3054130,-1.1193608529054822,3510.914236886161,3696.1233154296874,2.4112215831067214
2022-03-08,3599.949951171875,3300992,3.3013874731595116,3539.2428152901784,3688.338313802083,1.8661471389563984
2022-03-09,3632.60009765625,2719654,0.9069611224385543,3555.2214006696427,3683.713313802083,1.4600493980565223
2022-03-10,3620.949951171875,2005441,-0.3207109555464549,3564.7571149553573,3678.7483154296874,1.4674776200415531
2022-03-11,3599.14990234375,1623423,-0.6020533043012533,3572.328543526786,3677.0783121744794,1.4954770172144898
2022-03-14,3643.0,1765688,1.2183459662987284,3586.4142717633927,3675.509977213542,1.5334720845749374
2022-03-15,3593.89990234375,3651133,-1.3477929633886943,3596.3499581473216,3670.7649739583335,1.640543913193859
2022-03-16,3655.89990234375,3090475,1.7251454321130844,3620.7785295758927,3665.939973958333,1.5843113658927301
2022-03-17,3672.75,3600452,0.4609015045911935,3631.178536551339,3659.8249755859374,1.0941048930673833
2022-03-21,3626.699951171875,2413831,-1.2538302042917393,3630.3356584821427,3653.228304036458,1.1919750171404915
2022-03-22,3700.949951171875,2907611,2.0473157691473176,3641.764229910714,3649.429972330729,1.4079287458847418
2022-03-23,3712.39990234375,1596195,0.3093787087893318,3657.942801339286,3647.209969075521,1.3492433905735968
2022-03-24,3749.85009765625,1879046,1.0087866689377112,3673.207101004464,3647.423307291667,1.331598441411408
2022-03-25,3707.449951171875,1690133,-1.1307157721018313,3689.428536551339,3645.6533040364584,1.2852501565524361
2022-03-28,3707.699951171875,1760990,0.006743179362977969,3696.828543526786,3643.5649658203124,1.159610747075696
2022-03-29,3705.35009765625,2689063,-0.06337766126092159,3701.4857003348216,3643.9116373697916,1.1574030362313035
2022-03-30,3731.550048828125,1583455,0.7070843639970015,3716.464285714286,3643.8383056640623,0.9914809342881047
2022-03-31,3739.949951171875,2168110,0.2251049090548296,3722.035714285714,3641.243302408854,0.6813174889186276
2022-04-01,3758.75,1387014,0.5026818292644286,3728.657156808036,3639.431632486979,0.6925902810580311
2022-04-04,3770.35009765625,1472994,0.3086158338875933,3731.5857282366073,3638.969970703125,0.5967927650722423
2022-04-05,3814.800048828125,2314947,1.1789343169883892,3746.921456473214,3639.666642252604,0.43190930878971934
2022-04-06,3755.35009765625,2051729,-1.5584028103946768,3753.7286202566966,3640.864982096354,0.8640436725842762
2022-04-07,3684.14990234375,2494829,-1.895966912830227,3750.700020926339,3644.1233154296874,1.1741198889828017
2022-04-08,3685.64990234375,2296773,0.04071495568205297,3744.1428571428573,3648.1849772135415,1.12607879367237
2022-04-11,3696.39990234375,2291660,0.2916717616929354,3737.9214215959823,3658.009977213542,1.1302565196645193
2022-04-12,3691.10009765625,4483476,-0.14337747071521134,3728.257149832589,3663.6883138020835,1.0927191834590393
2022-04-13,3661.949951171875,1621672,-0.7897414243218326,3712.771414620536,3667.27998046875,1.0772195586630218
2022-04-18,3528.050048828125,3820792,-3.6565191804683206,3671.80712890625,3666.676652018229,1.3921706935536302
2022-04-19,3471.89990234375,3170014,-1.591534862239996,3631.3142438616073,3664.2599853515626,1.3940374215761833
2022-04-20,3556.800048828125,2640370,2.445351216118352,3613.121407645089,3665.341650390625,1.8690046338137467
2022-04-21,3628.64990234375,2280996,2.0200700778582714,3604.9785505022323,3670.1333170572916,2.0977427420220205
2022-04-22,3612.550048828125,1581465,-0.44368715497260514,3593.0,3670.5533203125,2.087202287873072
2022-04-25,3548.199951171875,1960694,-1.7812929035301406,3572.585693359375,3667.739982096354,2.156274180430916
2022-04-26,3546.300048828125,1943469,-0.05354552646117394,3556.064278738839,3665.2516520182294,2.160154361706974
2022-04-27,3561.199951171875,1727648,0.42015345962262973,3560.799979073661,3663.9866536458335,1.6327555171858248
2022-04-28,3584.300048828125,1703660,0.6486605069352613,3576.8571428571427,3662.029988606771,1.44431124446623
2022-04-29,3546.699951171875,2051115,-1.0490220445842247,3575.4142717633927,3660.4566569010417,1.2344372799468453
2022-05-02,3542.39990234375,1324161,-0.12124084042418604,3563.092843191964,3656.6733235677084,0.8441942050405795
2022-05-04,3479.75,2305825,-1.7685722693900008,3544.121407645089,3650.239990234375,1.0045977974820979
2022-05-05,3513.39990234375,1612262,0.967020686651332,3539.149972098214,3646.4633219401044,0.9701862799064723
2022-05-06,3432.60009765625,2010812,-2.2997611126931328,3522.9071219308034,3637.5183268229166,1.2648406285472933
2022-05-09,3445.10009765625,2481830,0.36415544031869196,3506.3214285714284,3628.608333333333,1.258525645823829
2022-05-10,3438.75,1622685,-0.18432258791464262,3485.528564453125,3618.238330078125,1.1720241138710343
2022-05-11,3412.0,1841769,-0.7778989458378738,3466.285714285714,3608.389998372396,1.158517965691964
2022-05-12,3408.64990234375,2807195,-0.09818574608001507,3447.1785714285716,3598.421663411458,1.1599580090610768
2022-05-13,3414.89990234375,2187823,0.1833570527645767,3437.9142717633927,3588.739990234375,1.0450181029709316
2022-05-16,3376.800048828125,1195813,-1.1156945915010819,3418.4000069754466,3576.914990234375,0.9259305325069705
2022-05-17,3451.60009765625,1754076,2.21511631563982,3421.1142926897323,3567.303328450521,1.0737272231535422
2022-05-18,3448.800048828125,1866781,-0.08112321094284614,3421.6428571428573,3556.9716634114584,1.067521066966785
2022-05-19,3261.949951171875,4642963,-5.417829245268657,3396.3857073102677,3540.0249918619793,2.3257584515792313
2022-05-20,3293.0,3065125,0.9518861200482176,3379.3857073102677,3522.631656901042,2.4098804122340107
2022-05-23,3321.75,2293690,0.8730640753112695,3366.971435546875,3508.1783203125,2.462927368301997
2022-05-24,3288.0,1711510,-1.016030706705806,3348.8428780691966,3494.973323567708,2.4620395246059346
2022-05-25,3167.64990234375,3548046,-3.660282775433399,3318.964285714286,3477.7066569010417,2.7382254776054475
2022-05-26,3226.949951171875,2813186,1.8720518572538314,3286.871407645089,3462.0583251953126,2.676033588798553
2022-05-27,3261.300048828125,3103153,1.064475686825439,3260.085693359375,3447.731656901042,2.769669148019558
2022-05-30,3375.25,2094624,3.494003908435861,3276.271414620536,3438.1749918619794,2.277205995569765
2022-05-31,3364.35009765625,4840965,-0.3229361482482762,3286.464285714286,3432.718326822917,2.2870539319362795
2022-06-01,3355.199951171875,1493835,-0.271973671549508,3291.242850167411,3428.828328450521,2.2826153290351576
2022-06-02,3423.0,2657939,2.020745404590407,3310.528564453125,3424.3683268229165,2.309032483954616
2022-06-03,3440.14990234375,1913622,0.5010196419442003,3349.4571358816966,3418.084993489583,1.3772226047443341
2022-06-06,3430.949951171875,1084210,-0.2674287874957715,3378.5999930245534,3412.0316569010415,1.4377173126039153
2022-06-07,3362.699951171875,2308256,-1.989244989618355,3393.085693359375,3405.848323567708,1.7943927308109813
2022-06-08,3404.14990234375,2185707,1.2326390035908519,3397.2142508370534,3401.1099853515625,1.2873915567528325
2022-06-09,3427.10009765625,1279197,0.6741828641770198,3406.178536551339,3396.639990234375,1.2842154646386479
2022-06-10,3359.89990234375,1527582,-1.9608471710078512,3406.8499581473216,3389.1599853515627,1.537071100728376
2022-06-13,3219.60009765625,3030921,-4.175713823784799,3377.7928292410716,3378.256656901042,1.932925933224499
2022-06-14,3210.550048828125,2611493,-0.281092326799004,3344.992850167411,3367.1949951171873,1.8628080621821166
2022-06-15,3206.300048828125,1404536,-0.1323760706222643,3312.9000069754466,3358.0799967447915,1.8719355935424382
2022-06-16,3142.0,2032028,-2.005428308296542,3281.3714425223216,3345.7,1.873446008724511
2022-06-17,3088.89990234375,5240434,-1.690009473464349,3236.3357282366073,3334.2433268229165,1.6136589939480157
2022-06-20,3112.39990234375,1502769,0.760788654309219,3191.3785574776784,3323.1533203125,1.6321465508158044
2022-06-21,3211.949951171875,2964461,3.198498006414918,3170.242850167411,3315.5933186848956,2.3290749872565923
2022-06-22,3222.949951171875,3336315,0.34247108974991836,3170.7214006696427,3309.291650390625,1.7270192653421086
2022-06-23,3308.800048828125,3692578,2.66371178444873,3184.7571149553573,3305.9633219401044,1.979512652671253
2022-06-24,3293.10009765625,2132118,-0.47449078034906833,3197.1571219308034,3301.903328450521,2.000350652326406
2022-06-27,3314.699951171875,2037686,0.6559124495182589,3221.828543526786,3299.8333251953127,1.69702649582019
2022-06-28,3318.14990234375,1400046,0.10408034581397274,3254.578543526786,3295.3849853515626,1.3648620168011434
2022-06-29,3290.5,2133994,-0.8332927431705106,3280.021414620536,3290.1083170572915,1.5401364642851039
2022-06-30,3267.10009765625,2719603,-0.7111351570809887,3287.9000069754466,3290.279988606771,1.2001946173085714
2022-07-01,3315.10009765625,1502879,1.4691928182559932,3301.0643136160716,3291.0166585286456,1.2871291417973165
2022-07-04,3235.050048828125,2622535,-2.4147098570181824,3290.5285993303573,3288.12666015625,1.2356787953883475
2022-07-05,3216.300048828125,2170627,-0.5795891784361129,3279.5571637834823,3285.7366617838543,1.238575889962495
2022-07-06,3260.75,2182144,1.382021282127277,3271.850027901786,3288.8399983723957,1.359411675336442
2022-07-07,3287.85009765625,1989921,0.8311001351299474,3267.521484375,3290.8700032552083,1.4154679781167216
2022-07-08,3265.449951171875,2136916,-0.6813007229357293,3263.9429059709823,3291.008333333333,1.4038626514232337
2022-07-11,3113.800048828125,6974600,-4.644073699225659,3242.042898995536,3282.2933349609375,2.2317937136683335
2022-07-12,3084.699951171875,3734815,-0.9345525467250759,3209.128592354911,3272.9716634114584,2.024433529243815
2022-07-13,3038.75,3863530,-1.4896084513639218,3181.0857282366073,3262.423331705729,1.9458033792306657
2022-07-14,2998.75,4764908,-1.3163307280954384,3150.007149832589,3248.2816650390623,1.9471672865854364
2022-07-15,2994.60009765625,4574806,-0.13838773968319895,3111.9857352120534,3233.4300048828127,1.7103043695794296
2022-07-18,3063.5,3202795,2.3008047851756697,3079.935721261161,3221.181673177083,2.0559370726741233
2022-07-19,3074.25,1865074,0.35090582666883474,3052.6214425223216,3211.5666748046874,2.117544143188916
2022-07-20,3164.800048828125,3402251,2.9454354339472966,3059.907156808036,3203.588346354167,1.756646893890524
2022-07-21,3177.300048828125,2420640,0.39496966023584434,3073.1357421875,3195.261678059896,1.6779072889414304
2022-07-22,3171.0,2075886,-0.19828309354820162,3092.0285993303573,3188.9650146484373,1.4916389628309163
2022-07-25,3166.75,1797504,-0.13402712078208756,3116.0285993303573,3187.2033447265626,1.2890376602463847
2022-07-26,3115.89990234375,2639367,-1.6057503009789253,3133.3571428571427,3184.04833984375,1.5565042509958844
2022-07-27,3188.85009765625,1389808,2.3412239673561874,3151.2642996651784,3183.4666748046875,1.5640124104472155
2022-07-28,3260.5,2106333,2.246888381376455,3177.8714425223216,3187.4166748046873,1.676833865499555
2022-07-29,3301.89990234375,2430257,1.269740909178041,3197.4571358816966,3194.5166748046877,1.4302795289500185
2022-08-01,3298.800048828125,1306913,-0.0938809051547751,3214.814278738839,3200.730013020833,1.454620238831388
2022-08-02,3291.800048828125,1269114,-0.21219837202581804,3232.0714285714284,3203.3916829427085,1.455816813901403
2022-08-03,3339.5,2895824,1.4490537233224687,3256.75,3207.2766845703127,1.4557923760015725
2022-08-04,3354.949951171875,2150567,0.4626426462606581,3290.9000069754466,3208.8150146484377,1.044995105974962
2022-08-05,3365.050048828125,1106933,0.301050620821397,3316.0714285714284,3211.213346354167,0.9052883302746021
2022-08-08,3374.449951171875,1068836,0.2793391541687118,3332.3499930245534,3213.205013020833,0.638032519096736
2022-08-10,3354.25,1878359,-0.598614632433947,3339.8285784040177,3214.408349609375,0.6499569932215514
2022-08-11,3422.5,1449248,2.0347320563464333,3357.5,3218.808349609375,0.917722566912597
2022-08-12,3401.550048828125,1472354,-0.612124212472609,3373.1785714285716,3223.2900146484376,0.9818957060081162
2022-08-16,3392.699951171875,839942,-0.26017837542325895,3380.778564453125,3225.876676432292,0.9087272928842143
2022-08-17,3401.10009765625,1622326,0.24759473591153824,3387.3714425223216,3231.4116780598956,0.9031517502989992
2022-08-18,3381.25,1430659,-0.5836375609741373,3389.685721261161,3236.910009765625,0.9472848732176399
2022-08-19,3385.75,1398410,0.13308687615527504,3391.3000139508927,3241.0766764322916,0.9435666551693032
2022-08-22,3354.550048828125,1536532,-0.9215078246141872,3391.3428780691966,3243.300008138021,0.9875172749113778
2022-08-23,3284.60009765625,1849256,-2.085226040860866,3371.642892020089,3243.9383463541667,0.7830496942007307
2022-08-24,3255.35009765625,1691923,-0.8905193670569411,3350.7571847098216,3248.6566813151044,0.7917880572320585
2022-08-25,3218.199951171875,1946930,-1.1412028006180353,3325.82861328125,3253.106681315104,0.7945368095739632
2022-08-26,3222.199951171875,1457962,0.12429308497576841,3300.2714494977677,3259.2216796875,0.7697463045262872
2022-08-29,3132.550048828125,2539173,-2.782257578743541,3264.7428850446427,3263.681681315104,1.0719786018039859
2022-08-30,3211.14990234375,3431525,2.5091332074655526,3239.8000139508927,3270.900008138021,1.7078678484485128
2022-09-01,3131.699951171875,3546935,-2.4741900436938913,3207.964285714286,3273.17333984375,1.8315616999521493
2022-09-02,3130.39990234375,2052900,-0.04151256021952543,3185.9356863839284,3275.0450032552085,1.7851318807356782
2022-09-05,3133.39990234375,2147912,0.09583440114964148,3168.514229910714,3273.998331705729,1.8037380981071
2022-09-06,3127.050048828125,1936453,-0.2026505940360579,3155.4928152901784,3272.3233317057293,1.7855227662495778
2022-09-07,3149.60009765625,1291534,0.7211284909423021,3145.121407645089,3271.610001627604,1.828242422693865
2022-09-08,3169.64990234375,1346113,0.6365825522554491,3150.42138671875,3271.7066650390625,1.481745142144118
2022-09-09,3217.64990234375,1561185,1.5143628311917734,3151.3499581473216,3275.0983317057294,1.2505500637666676
2022-09-12,3242.949951171875,1785928,0.7862896709084577,3167.2428152901784,3276.90166015625,0.5956418790171621
2022-09-13,3229.35009765625,1972678,-0.41936674078829617,3181.3785574776784,3275.863330078125,0.6660107512105162
2022-09-14,3120.39990234375,5090269,-3.3737498883001926,3179.521414620536,3269.813330078125,1.6031048457166348
2022-09-15,3104.35009765625,2138023,-0.514350890584403,3176.278564453125,3263.3316650390625,1.612411890889669
2022-09-16,3008.699951171875,5322221,-3.0811649290648613,3156.149972098214,3253.8949951171876,1.906229654326723
2022-09-19,3028.800048828125,2072220,0.668065875044177,3136.028564453125,3243.538330078125,1.9097662773156818
2022-09-20,3040.300048828125,1544295,0.37968831928834046,3110.69287109375,3233.05,1.7376843440567014
2022-09-21,3001.199951171875,2253818,-1.2860604883824234,3076.157156808036,3220.921663411458,1.5942913758039168
2022-09-22,3007.39990234375,2017983,0.20658240946105355,3044.4499860491073,3208.686661783854,1.6545616865428825
2022-09-23,2982.050048828125,2652374,-0.8429159519447116,3024.685721261161,3196.279996744792,1.2845966605196308
2022-09-26,2994.39990234375,2925489,0.4141397130634328,3008.9785505022323,3182.0099934895834,1.346030359969982
2022-09-27,3017.449951171875,2227447,0.7697718935297582,3010.2285505022323,3169.2066569010417,0.790359278019066
2022-09-28,3035.64990234375,2739767,0.6031566874806549,3011.207101004464,3157.3049886067706,0.7821579565922656
2022-09-29,2997.300048828125,2493902,-1.263316085495103,3005.0642438616073,3143.8449869791666,0.8992130052451455
2022-09-30,3004.550048828125,2817353,0.24188435865253322,3005.5428292410716,3131.288321940104,0.7673687901928069
2022-10-03,2984.949951171875,1763331,-0.6523471846939133,3002.335693359375,3117.9283203125,0.8002444919639355
2022-10-04,3091.14990234375,2145875,3.557846962565714,3017.92138671875,3109.1483154296875,1.5242946783129765
2022-10-06,3101.949951171875,1790816,0.34938612391253177,3033.2856794084823,3103.0599772135415,1.5252718524236684
2022-10-07,3064.89990234375,1939879,-1.1944115608354067,3040.0642438616073,3096.711637369792,1.6464879426036578
2022-10-10,3118.550048828125,3064063,1.7504697769525235,3051.9071219308034,3093.3899739583335,1.7435364391477348
2022-10-11,3069.550048828125,4730645,-1.5712430210447659,3062.2285505022323,3088.3016438802083,1.7955605565683186
2022-10-12,3100.75,1665247,1.0164340269931849,3075.9714006696427,3087.2416422526044,1.8112600518165525
2022-10-13,3103.300048828125,2054781,0.08223974290493263,3092.8785574776784,3083.6466471354165,1.7561649511504416
2022-10-14,3099.14990234375,2245977,-0.13373332965151974,3094.021414620536,3082.5616455078125,1.163804188631709
2022-10-17,3111.75,1517005,0.40656625375625755,3095.4214215959823,3081.939982096354,1.1665127787686074
2022-10-18,3144.699951171875,1793722,1.058888123142121,3106.8214285714284,3082.316650390625,1.0727224238900006
2022-10-19,3121.85009765625,1194289,-0.7266147445040061,3107.2928641183034,3082.143318684896,0.9432735963619511
2022-10-20,3157.300048828125,1587601,1.1355430293878976,3119.8285784040177,3082.3999837239585,0.7082930022265396
2022-10-21,3137.39990234375,1021913,-0.6302900002095546,3125.064278738839,3081.324983723958,0.7441657462348639
2022-10-24,3161.699951171875,260949,0.774528258573981,3133.4071219308034,3079.4599853515624,0.7758294714920976
2022-10-25,3162.10009765625,2069643,0.012656054987969512,3142.4000069754466,3076.764990234375,0.7650540219965085
2022-10-27,3157.39990234375,2438421,-0.14864157260497946,3148.9214215959823,3074.366650390625,0.7796185725314431
2022-10-28,3163.25,1355739,0.18528212571069513,3151.5714285714284,3075.794986979167,0.6854826441375742
2022-10-31,3193.14990234375,1919414,0.9452272929344918,3161.7571149553573,3078.75498046875,0.645204442000398
2022-11-01,3259.699951171875,2991060,2.08415047409074,3176.385672433036,3087.121647135417,0.8950791832637965
2022-11-02,3241.699951171875,1405955,-0.5521980633072965,3191.2856794084823,3094.218310546875,0.87957157384616
2022-11-03,3206.75,1422652,-1.0781365239938556,3197.7214006696427,3099.766642252604,1.0377341602394958
2022-11-04,3217.39990234375,1464013,0.3321089060185578,3205.6213727678573,3106.9733072916665,1.0347880188126788
2022-11-07,3233.699951171875,1474498,0.5066217853817667,3216.5213797433034,3114.516642252604,1.0220068016183335
2022-11-09,3216.050048828125,1162267,-0.5458113804700293,3224.0642438616073,3122.316642252604,1.0770599242723544
2022-11-10,3205.64990234375,1573092,-0.32338260681498143,3225.8499581473216,3129.3583089192707,1.0452135890062608
2022-11-11,3315.949951171875,3265394,3.4408014657957953,3233.885672433036,3139.308308919271,1.5068307652924047
2022-11-14,3335.5,1342074,0.5895761129089294,3247.2856794084823,3149.3033121744793,1.4662310336077864
2022-11-15,3332.60009765625,1400708,-0.08694055894917785,3265.2642647879466,3160.47998046875,1.3401731287201106
2022-11-16,3355.35009765625,1748235,0.6826501630363468,3284.971435546875,3172.1733154296876,1.3368272356637823
2022-11-17,3349.0,1417986,-0.18925290868113676,3301.44287109375,3184.308317057292,1.3711487747310351
2022-11-18,3343.449951171875,1164540,-0.16572256877053215,3319.6428571428573,3192.7183186848956,1.329271425495524
2022-11-21,3283.5,1304194,-1.7930566345359167,3330.7642996651784,3198.769986979167,1.5843698202100172
2022-11-22,3314.949951171875,1149739,0.957817912954928,3330.6214425223216,3207.104988606771,0.9144136838324992
2022-11-23,3308.300048828125,1150011,-0.2006034010075819,3326.7357352120534,3213.4299886067706,0.87742480159885
2022-11-24,3380.14990234375,1296591,2.1718058354796455,3333.528564453125,3223.7833170572917,1.2323897875065652
2022-11-25,3389.64990234375,1588981,0.2810526241280753,3338.428536551339,3233.4133138020834,1.2159076035137972
2022-11-28,3395.25,2195437,0.16521168314100887,3345.0356794084823,3243.144978841146,1.2066867799204444
2022-11-29,3397.35009765625,1576028,0.06185399178999518,3352.7357003348216,3253.0849853515624,1.198152556273139
2022-11-30,3390.800048828125,3410702,-0.19279875902821209,3368.064278738839,3262.386653645833,0.8483319802333242
2022-12-01,3475.64990234375,2180856,2.502354969145104,3391.021414620536,3273.418318684896,1.1467238616969642
2022-12-02,3439.14990234375,2411749,-1.0501633083178752,3409.7142508370534,3283.994978841146,1.2917532220967733
2022-12-05,3425.89990234375,1475065,-0.385269626978757,3416.2499651227677,3292.948307291667,1.1096093250592347
2022-12-06,3385.35009765625,1166999,-1.183624911508907,3415.6357073102677,3301.213313802083,1.2234749246747294
2022-12-07,3380.60009765625,1167505,-0.1403104512968545,3413.5428641183034,3308.5099853515626,1.2215568374180217
2022-12-08,3350.550048828125,1285619,-0.8888968810288556,3406.8571428571427,3314.791650390625,1.2586368147258484
2022-12-09,3292.75,1797896,-1.725091342788354,3392.8499930245534,3319.3033203125,1.38577700193743
2022-12-12,3286.449951171875,1527610,-0.19133091877989727,3365.8214285714284,3323.4099853515627,0.5846562943838511
2022-12-13,3332.10009765625,1378016,1.389041280488601,3350.5285993303573,3328.0416585286457,0.992109554436583
2022-12-14,3365.35009765625,1213311,0.9978691823630204,3341.8786272321427,3331.563330078125,1.1339340420108945
2022-12-15,3305.10009765625,1415694,-1.7903040768911471,3330.4143415178573,3333.6766682942707,1.2358847545655085
2022-12-16,3240.25,2703680,-1.9621220459325017,3310.364327566964,3334.7933349609375,1.3722154983097283
2022-12-19,3202.050048828125,2120965,-1.1789198725985606,3289.1500418526784,3334.281673177083,1.3868393081356494
2022-12-20,3243.949951171875,1529971,1.3085336489067068,3282.1786063058034,3334.62333984375,1.4621907664076663
2022-12-21,3268.550048828125,1432566,0.7583377680461245,3279.6214773995534,3336.37333984375,1.506922784597513
2022-12-22,3259.699951171875,1384101,-0.2707652483223577,3269.2785993303573,3338.175008138021,1.363129670189042
2022-12-23,3228.35009765625,1360281,-0.9617404664608697,3249.7071707589284,3335.2550130208333,1.2471745533297969
2022-12-26,3252.89990234375,870157,0.7604443119512583,3242.25,3332.501676432292,1.2084492804129863
2022-12-27,3259.5,835883,0.20289888574482884,3245.0,3330.065006510417,0.934540049139947
2022-12-28,3257.10009765625,910795,-0.07362792893849113,3252.8642926897323,3326.790006510417,0.7622142251688495
2022-12-29,3268.75,1037927,0.35767713593244377,3256.407156808036,3324.1150065104166,0.6111084687984197
2022-12-30,3256.699951171875,1163131,-0.3686439412045939,3254.714285714286,3321.22333984375,0.558133298442714
2023-01-02,3261.449951171875,709547,0.14585316643280777,3254.964285714286,3320.4883382161456,0.552923930509718
2023-01-03,3311.35009765625,1245178,1.5299988419704258,3266.8214285714284,3320.368343098958,0.6216352233690166
2023-01-04,3314.64990234375,1231668,0.09965133828149231,3275.6428571428573,3320.5800048828123,0.6014097591601225
2023-01-05,3311.10009765625,1826057,-0.10709440791891733,3283.0142996651784,3318.2783447265624,0.6183943016990908
2023-01-06,3211.550048828125,2488376,-3.0065550992732337,3276.507149832589,3312.3416829427083,1.3800216752192087
2023-01-09,3319.949951171875,2885060,3.3753141223286987,3283.8214285714284,3309.831681315104,1.9388087495870447
2023-01-10,3286.39990234375,3864655,-1.010558873524059,3288.064278738839,3306.133341471354,1.986888545005204
2023-01-11,3328.699951171875,2720512,1.287124211449675,3297.6714215959823,3304.063338216146,2.033098894755822
2023-01-12,3334.35009765625,2250391,0.16974033608483374,3300.9571358816966,3299.3533447265627,1.960742605446671
2023-01-13,3374.550048828125,1742837,1.2056307824463985,3309.5142996651784,3297.200016276042,2.0033613165460644
2023-01-16,3334.050048828125,1843607,-1.2001600039704408,3312.7928641183034,3294.1383544921873,2.079126247739397
2023-01-17,3378.39990234375,1688475,1.3302095909212053,3336.6285574776784,3293.9066813151044,1.579197290612297
2023-01-18,3390.0,2421189,0.3433607030417729,3346.6357073102677,3294.220011393229,1.0679196032174452
2023-01-19,3373.10009765625,1585044,-0.49852219303097023,3359.0214494977677,3294.9716796875,0.9765265113297276
2023-01-20,3363.10009765625,1529349,-0.2964631855114086,3363.9357561383927,3297.316682942708,0.911762894830976
2023-01-23,3414.89990234375,1067916,1.5402397544931556,3375.44287109375,3301.598347981771,1.0528086121182358
2023-01-24,3436.300048828125,1387863,0.6266698028158046,3384.2642996651784,3305.0716796875,0.9952169687376197
2023-01-25,3429.75,874110,-0.19061341370230078,3397.935721261161,3307.2183430989585,0.802165903353551
2023-01-27,3411.050048828125,1785879,-0.5452278204497452,3402.600027901786,3310.750008138021,0.7545337961170898
2023-01-30,3433.64990234375,1953798,0.662548282555675,3408.8357282366073,3317.196671549479,0.7781521893823367
2023-01-31,3358.699951171875,2820375,-2.1828070217850493,3406.778564453125,3322.4183349609375,1.1810250192799323
2023-02-01,3408.35009765625,2205161,1.478254896423592,3413.242850167411,3327.89833984375,1.304599030151517
2023-02-02,3460.39990234375,1813847,1.5271261224981458,3419.742850167411,3334.2933349609375,1.302358590076943
2023-02-03,3482.300048828125,1804469,0.6328790631840553,3426.314278738839,3341.713338216146,1.3027024284623738
2023-02-06,3459.949951171875,1138714,-0.6418199851495054,3430.6285574776784,3349.4333333333334,1.3358455493812642
2023-02-07,3472.550048828125,1455647,0.3641699398565734,3439.4142717633927,3356.7550048828125,1.3027032892087618
2023-02-08,3520.10009765625,1986946,1.3693121239295447,3451.7642996651784,3365.4416748046874,1.3647511698685308
2023-02-09,3540.85009765625,1655427,0.5894718736497273,3477.7857491629466,3374.900008138021,0.7791720047265869
2023-02-10,3537.550048828125,1187821,-0.09319933736560149,3496.2428850446427,3383.860009765625,0.7639436954424567
2023-02-13,3482.39990234375,1087939,-1.558992684856697,3499.3857421875,3391.383341471354,0.9612624689345052
2023-02-14,3500.10009765625,1579818,0.5082757813250405,3501.9286063058034,3399.338346354167,0.9507282311867983
2023-02-15,3520.64990234375,1429449,0.5871204855329992,3510.600027901786,3406.315006510417,0.9084506206392391
2023-02-16,3558.050048828125,1618931,1.0623080261254358,3522.8143136160716,3414.4283447265625,0.9596573678332855
2023-02-17,3501.14990234375,1061369,-1.5991946629057563,3520.1071428571427,3420.7633382161457,1.083149706750534
2023-02-20,3487.300048828125,1296082,-0.3955801351536947,3512.4571358816966,3429.9550048828123,1.046244181984084
2023-02-21,3451.0,1139541,-1.0409212949807234,3500.092843191964,3434.32333984375,1.0886553084579225
2023-02-22,3401.550048828125,1218430,-1.4329165798862675,3488.5428641183034,3438.1616780598956,1.066093156388847
2023-02-23,3413.800048828125,1441570,0.36012993559275674,3476.214285714286,3440.9983479817706,1.0479922859612747
2023-02-24,3400.449951171875,977592,-0.3910626710791898,3459.0428641183034,3443.2016764322916,0.9638461226243148
2023-02-27,3331.85009765625,1128022,-2.0173757738144005,3426.728585379464,3441.7783447265624,0.8302532378991301
2023-02-28,3312.85009765625,4116217,-0.570253746210414,3399.82861328125,3441.0716796875,0.7819108629118838
2023-03-01,3385.699951171875,1669307,2.1990084479573735,3385.3143136160716,3441.3150146484377,1.3816695097878184
2023-03-02,3321.449951171875,1556538,-1.8976873593822607,3366.8071637834823,3439.0300130208334,1.4809133293728962
2023-03-03,3342.14990234375,1043190,0.6232203247431567,3358.3214285714284,3437.99833984375,1.4772112738026826
2023-03-06,3371.85009765625,1334132,0.8886553918982631,3352.3285784040177,3438.290006510417,1.525824235941467
2023-03-08,3390.39990234375,1844590,0.5501372881431932,3350.8928571428573,3437.47333984375,1.5440976820752523
2023-03-09,3336.85009765625,1648500,-1.579453935521924,3351.6071428571427,3434.158341471354,1.4566492994074922
2023-03-10,3331.0,1024404,-0.17531796409910871,3354.1999860491073,3430.8666748046876,1.437017905047023
2023-03-13,3281.949951171875,1901233,-1.4725322374099403,3339.3785574776784,3426.563338216146,1.1857121755009947
2023-03-14,3214.949951171875,2670334,-2.0414692788376154,3324.1642717633927,3419.27333984375,1.216078226992591
2023-03-15,3198.89990234375,1780522,-0.49923168546603947,3303.6999860491073,3413.946671549479,1.1199338388044249
2023-03-16,3185.0,1901060,-0.434521328209303,3277.0071149553573,3406.501668294271,0.9163184045180031
2023-03-17,3179.300048828125,6739966,-0.17896236018445366,3246.8499930245534,3397.1316731770835,0.765266757747323
2023-03-20,3143.300048828125,2289468,-1.132324708178123,3219.1999860491073,3385.8316731770833,0.7173987761933942
2023-03-21,3106.10009765625,1815297,-1.1834680302233225,3187.0714285714284,3374.0366780598956,0.6586958069408354
2023-03-22,3130.800048828125,1123939,0.7952078296032061,3165.478585379464,3362.645011393229,0.8972970864746366
2023-03-23,3124.64990234375,1372218,-0.19644009162057552,3152.5785784040177,3349.463338216146,0.6683125462507246
2023-03-24,3120.5,1329577,-0.13281175406681944,3141.378592354911,3335.451668294271,0.6739591531219432
2023-03-27,3122.300048828125,1524217,0.05768462836484023,3132.421456473214,3321.610001627604,0.6894021891185075
2023-03-28,3115.89990234375,1303530,-0.20498178856247495,3123.3642926897323,3309.3933349609374,0.688826545086764
2023-03-29,3138.89990234375,1740616,0.7381495144532568,3122.7357003348216,3297.3533284505206,0.6679692716275859
2023-03-31,3205.89990234375,2382581,2.134505784971741,3136.9928152901784,3286.8616617838543,0.8543985524062367
2023-04-03,3200.0,1521830,-0.18403264367164995,3146.8785226004466,3274.92666015625,0.8696150335844526
2023-04-05,3239.800048828125,2655065,1.2437515258789,3163.328543526786,3266.2149983723957,0.898069426307233
2023-04-06,3220.699951171875,1703464,-0.5895455697384366,3177.642822265625,3257.328328450521,0.967462323734831
2023-04-10,3263.39990234375,2203187,1.3257972434326915,3197.7999441964284,3251.074991861979,0.9985641979741223
2023-04-11,3213.800048828125,2348779,-1.5198827909507107,3211.7856794084823,3244.816658528646,1.2702193083553146
2023-04-12,3241.64990234375,2417727,0.8665708224685709,3226.4642508370534,3239.0783203125,1.275992017345463
2023-04-13,3188.85009765625,4174070,-1.6287941720457,3224.028564453125,3232.0249918619793,1.2494189456031477
2023-04-17,3139.5,5505048,-1.5475828635695854,3215.3857073102677,3225.613321940104,1.3706707311826347
2023-04-18,3130.75,2617302,-0.278706800445927,3199.80712890625,3219.543318684896,1.2019062788627801
2023-04-19,3089.60009765625,3298034,-1.314378418709572,3181.0785784040177,3209.6733235677084,1.2432544441387579
2023-04-20,3104.800048828125,2419999,0.49197147499462357,3158.421456473214,3202.45166015625,1.0553843306059547
2023-04-21,3160.85009765625,1929184,1.8052708047747057,3150.857177734375,3196.4083333333333,1.3377178059036379
2023-04-24,3174.800048828125,1640676,0.44133542372726264,3141.307198660714,3189.8399983723957,1.2884004099522295
2023-04-25,3176.0,2024090,0.03779611797340987,3139.4714704241073,3182.6933349609376,1.1459033064071233
2023-04-26,3198.14990234375,2000029,0.6974150612012009,3147.850027901786,3178.0699951171873,0.9559992734520424
2023-04-27,3187.949951171875,2434446,-0.3189328669178426,3156.0214494977677,3173.30166015625,0.9599507302703426
2023-04-28,3219.25,2931312,0.9818237208090164,3174.5428641183034,3171.211661783854,0.6837079554672478
2023-05-02,3219.39990234375,2321159,0.004656436864181046,3190.9142717633927,3171.3599934895833,0.7193471356128006
2023-05-03,3179.89990234375,2468285,-1.22693673349632,3193.635672433036,3170.72666015625,0.7302137634093135
2023-05-04,3220.699951171875,1953253,1.2830607906259228,3200.192801339286,3171.9166585286457,0.8564563046905261
2023-05-05,3230.699951171875,1710027,0.31049151276452136,3208.007080078125,3173.629988606771,0.8535994102918918
2023-05-08,3250.60009765625,928235,0.6159701236617909,3215.4999651227677,3177.2066569010417,0.8469719910142666
2023-05-09,3283.25,1107375,1.0044269169650066,3229.1142578125,3183.1116536458335,0.8502177827237261
2023-05-10,3286.800048828125,1559987,0.10812605887839943,3238.7642647879466,3188.3116536458333,0.8183471351824709
2023-05-11,3282.14990234375,1719623,-0.14147944551823333,3247.7285505022323,3193.5616536458333,0.8289319547682548
2023-05-12,3274.300048828125,1027479,-0.23916803769442607,3261.214285714286,3198.6883219401043,0.5750147652107901
2023-05-15,3255.050048828125,1150390,-0.5879119113378017,3266.1214425223216,3203.113321940104,0.5409175397886998
2023-05-16,3258.14990234375,986306,0.09523213066235936,3270.0428641183034,3207.854988606771,0.5365679887269402
2023-05-17,3208.699951171875,1588815,-1.5177310023796964,3264.05712890625,3210.1816569010416,0.7662123948685663
2023-05-18,3199.85009765625,1369364,-0.27580807337229674,3252.1428571428573,3209.9799967447916,0.5609350360496017
2023-05-19,3222.85009765625,1152449,0.7187836710490503,3243.007149832589,3210.741666666667,0.6814210921877324
2023-05-22,3298.699951171875,1333243,2.353502372660321,3245.3714425223216,3212.7049967447915,1.2113617278661288
2023-05-23,3297.050048828125,1687418,-0.05001674502598252,3248.6214425223216,3215.25,1.205198211311192
2023-05-24,3303.35009765625,1016555,0.19108138289753995,3255.5214494977677,3216.5816731770833,1.16585988177179
2023-05-25,3293.5,1374917,-0.29818509588913633,3260.571463448661,3219.2383382161456,1.1820468217443474
2023-05-26,3328.89990234375,1791115,1.0748414253453742,3277.7428850446427,3222.1466715494794,0.9525537863460881
2023-05-29,3320.35009765625,1210372,-0.2568357396832588,3294.9571707589284,3226.5300048828126,0.9499001651957348
2023-05-30,3316.199951171875,1344224,-0.12499123171693105,3308.2928641183034,3232.4200032552085,0.9756292214253779
2023-05-31,3289.5,5815424,-0.8051369508777606,3306.978585379464,3237.711669921875,0.577738285414963
2023-06-01,3324.0,1177314,1.0487916096671324,3310.8285784040177,3245.525,0.7085426405600036
2023-06-02,3305.60009765625,2030661,-0.5535470019178645,3311.1500069754466,3252.2183349609377,0.7504863829495698
2023-06-05,3288.89990234375,1861468,-0.505209184993094,3310.492850167411,3256.4866617838543,0.7686137008687915
2023-06-06,3232.300048828125,2022849,-1.7209357291564475,3296.69287109375,3258.403328450521,0.8303404113356656
2023-06-07,3274.89990234375,1567196,1.317942420941698,3290.1999860491073,3261.699991861979,1.0619461381087512
2023-06-08,3236.449951171875,1759366,-1.1740801953781133,3278.80712890625,3262.97666015625,1.1231960403698298
2023-06-09,3209.300048828125,1775689,-0.8388791037512999,3267.3499930245534,3263.688330078125,1.1255860714426056
2023-06-12,3246.89990234375,2324605,1.1715904696837143,3256.335693359375,3264.6099934895833,1.1516136821661591
2023-06-13,3243.699951171875,1371928,-0.0985540444152666,3247.4928152901784,3265.4199951171877,1.149667322718666
2023-06-14,3251.050048828125,1658544,0.2265961021947982,3242.085693359375,3267.7916666666665,1.157326878806088
2023-06-15,3216.300048828125,2273810,-1.068885420958865,3239.799979073661,3267.6450032552084,1.0299321417741725
2023-06-16,3174.89990234375,4156189,-1.2871978937244788,3225.5142647879466,3265.7850016276043,0.9100698637657367
2023-06-19,3210.39990234375,1468186,1.1181454877929653,3221.7928292410716,3264.4449951171873,1.0083614532845047
2023-06-20,3227.699951171875,1528452,0.5388751979307882,3224.42138671875,3262.593326822917,0.9765745302420881
2023-06-21,3258.199951171875,1645987,0.9449453313938427,3226.0356794084823,3261.639990234375,0.9375532338195428
2023-06-22,3238.5,1529603,-0.6046268328249615,3225.2928292410716,3260.184993489583,0.9701697980786229
2023-06-23,3216.35009765625,1119505,-0.6839556073413577,3220.335693359375,3258.2533284505207,0.992555900688442
2023-06-26,3189.64990234375,1978803,-0.8301395837460701,3216.5285295758927,3256.0733235677085,0.9592186023516481
2023-06-27,3197.35009765625,863542,0.24141192758622143,3219.7357003348216,3254.046663411458,0.810279765279812
2023-06-28,3215.449951171875,1575872,0.5660891977044669,3220.4571358816966,3254.271663411458,0.7165065317739826
2023-06-30,3302.25,2672406,2.6994681971800105,3231.1071428571427,3257.684993489583,1.2452311402161262
2023-07-03,3272.300048828125,1687264,-0.9069558989136195,3233.1214425223216,3259.3333251953127,1.2895634420732456
2023-07-04,3308.85009765625,1656681,1.1169528552619878,3243.171456473214,3259.671663411458,1.3038219777609614
2023-07-05,3319.949951171875,1453008,0.33545954600624484,3257.971435546875,3260.434993489583,1.2284392995852584
2023-07-06,3322.89990234375,1848238,0.08885529044899698,3277.007149832589,3261.0866536458334,1.1110367832713686
2023-07-07,3329.25,1789326,0.19110108167179618,3295.8499930245534,3262.2783203125,1.1138389821461474
2023-07-10,3271.949951171875,1407431,-1.7211098243786083,3303.9214215959823,3260.379988606771,1.414899853844782
2023-07-11,3272.39990234375,1110172,0.013751774281067775,3299.6571219308034,3258.7816487630207,0.9199991513309461
2023-07-12,3259.89990234375,1515240,-0.3819826541079929,3297.885672433036,3256.90498046875,0.8655101023667556
2023-07-13,3340.550048828125,4585146,2.4740068376452484,3302.414236886161,3258.606648763021,1.2411752579419193
2023-07-14,3514.64990234375,6306101,5.2117121722723425,3330.228515625,3264.9616455078126,2.291373067046118
2023-07-17,3491.699951171875,2743228,-0.6529797222924238,3354.3428083147323,3271.164973958333,2.3483227833458438
2023-07-18,3496.85009765625,2600090,0.14749682264785235,3378.2856794084823,3278.096647135417,2.3500585412213906
2023-07-19,3470.050048828125,2405370,-0.766405424301364,3406.585693359375,3286.0216471354165,2.207673861612001
2023-07-20,3463.300048828125,1715404,-0.19452169003382203,3433.8571428571427,3292.301652018229,2.222391719787192
2023-07-21,3368.300048828125,3770223,-2.7430484988485215,3449.3428780691966,3296.6966552734375,2.586953853886805
2023-07-24,3394.75,1680132,0.7852611343540206,3457.0857282366073,3302.8783203125,2.4467593951725135
2023-07-25,3399.14990234375,1272980,0.12960902404448582,3440.5857282366073,3307.9533203125,1.1314066721894889
2023-07-26,3388.300048828125,1066803,-0.319193146149388,3425.8143136160716,3312.7733235677083,1.1294739811644041
2023-07-27,3396.89990234375,1701769,0.25381027039206305,3411.535714285714,3317.6349853515626,1.1390971345252103
2023-07-28,3355.39990234375,2599831,-1.2217021753089141,3395.1571219308034,3322.2716471354165,1.1754072718439499
2023-07-31,3421.449951171875,2743678,1.9684702494623396,3389.178536551339,3330.489982096354,1.5002004034288168
2023-08-01,3452.050048828125,1956167,0.8943605223793893,3401.142822265625,3338.544986979167,1.0067176663670636
2023-08-02,3440.64990234375,1914899,-0.3302427926340501,3407.699951171875,3345.643318684896,1.0156559065080906
2023-08-03,3399.949951171875,2026351,-1.182914633196197,3407.8142438616073,3350.3683186848957,1.1431975411145234
2023-08-04,3443.550048828125,2248493,1.2823746902868915,3415.707101004464,3357.2033203125,1.223991632535002
2023-08-07,3484.050048828125,1853889,1.1761118446291352,3428.1571219308034,3366.1266520182294,1.274604698611668
2023-08-08,3470.60009765625,1634225,-0.3860435695061004,3444.6142926897323,3375.491658528646,1.1318770464233108
2023-08-09,3462.5,1794589,-0.23339184660658985,3450.478585379464,3384.3299886067707,0.9422257506937634
2023-08-10,3442.10009765625,1096701,-0.5891668546931461,3449.0571637834823,3391.8849934895834,0.9198540102143179
2023-08-11,3448.800048828125,1679974,0.19464719159205668,3450.2214704241073,3396.7699951171876,0.9133947510214524
2023-08-14,3449.85009765625,1190425,0.03044678767276654,3457.3500627790177,3402.688330078125,0.7423344961555655
2023-08-16,3458.39990234375,1328445,0.24783119397879805,3459.4714704241073,3407.6733235677084,0.5782705621612512
2023-08-17,3435.75,1843241,-0.6549243286873896,3452.571463448661,3411.5333251953125,0.36595229603767504
2023-08-18,3367.10009765625,2526749,-1.9981052854180281,3437.7857491629466,3413.0066650390627,0.7783718894003091
2023-08-21,3401.64990234375,1375579,1.0260997203958677,3429.0928780691966,3415.4199951171877,0.956337738017284
2023-08-22,3382.14990234375,1222012,-0.573251232778671,3420.528564453125,3419.093326822917,0.9554127538532514
2023-08-23,3398.25,1330046,0.4760314628601492,3413.30712890625,3423.288330078125,0.9826115040060713
2023-08-24,3387.75,1152881,-0.3089825645552824,3404.4356863839284,3427.55,0.9773276624850881
2023-08-25,3381.300048828125,1158046,-0.19039041168548154,3393.4214215959823,3428.9083333333333,0.9534917961523371
2023-08-28,3375.550048828125,1037485,-0.170052935763354,3384.8214285714284,3424.2716715494794,0.942454332200977
2023-08-29,3376.14990234375,944517,0.017770541302830622,3386.1142578125,3420.4200032552085,0.5413066022855796
2023-08-30,3390.949951171875,1188200,0.4383706072366822,3384.585693359375,3416.889998372396,0.386128422274459
2023-08-31,3356.800048828125,3417652,-1.0070895423256898,3380.964285714286,3413.114998372396,0.5024617978037041
2023-09-01,3379.199951171875,1277950,0.6672992736511008,3378.242850167411,3410.311661783854,0.5429763849138473
2023-09-04,3418.5,1828332,1.16299862085687,3382.6357073102677,3411.9849934895833,0.7010834019602786
2023-09-05,3429.35009765625,1501842,0.3173935251206572,3389.5,3413.138330078125,0.6884096272440554
2023-09-06,3429.89990234375,1314818,0.01603232892073425,3397.2642647879466,3414.163330078125,0.6750291305092864
2023-09-07,3455.25,1885092,0.7390914714137109,3408.564278738839,3416.3949951171876,0.6920040512239282
2023-09-08,3441.89990234375,1518917,-0.38637139588307834,3415.842843191964,3417.8949951171876,0.7397260927004657
2023-09-11,3480.64990234375,1783604,1.1258316946873848,3433.5356794084823,3422.0699951171873,0.5725263578058877
2023-09-12,3580.800048828125,4476016,2.877340419010177,3462.335693359375,3427.3816650390627,1.0648070209381406
2023-09-13,3567.85009765625,1754929,-0.36164965916243297,3483.6714215959823,3431.241666666667,1.1400569862391952
2023-09-14,3560.050048828125,2604721,-0.2186204188693086,3502.342843191964,3435.221671549479,1.180900796733701
2023-09-15,3598.300048828125,2952897,1.0744230972986157,3526.4000069754466,3441.8333414713543,1.170090774016166
2023-09-18,3606.14990234375,1395753,0.21815450098947586,3547.9571358816966,3447.2533365885415,1.1831538591549555
2023-09-20,3606.050048828125,1649396,-0.002768978504197328,3571.407156808036,3451.320003255208,1.136833932494077
2023-09-21,3585.300048828125,2004073,-0.5754218526929034,3586.357177734375,3455.1433349609374,1.2038282122911677
2023-09-22,3603.64990234375,1989083,0.5118080290552829,3589.6214425223216,3459.8483317057294,0.564804464524444
2023-09-25,3577.14990234375,1238778,-0.735365552096634,3590.9499860491073,3464.349991861979,0.628889738306726
2023-09-26,3585.699951171875,1726062,0.239018466140406,3594.6142578125,3468.913321940104,0.6214012825384515
2023-09-27,3589.300048828125,1541134,0.10040153122887752,3593.328543526786,3473.5616536458333,0.454626649595004
2023-09-28,3536.75,1755753,-1.4640751152939169,3583.4142717633927,3476.1733235677084,0.6848852673241584
2023-09-29,3528.60009765625,2243791,-0.2304347874107604,3572.3499930245534,3479.2683268229166,0.6751280720240525
2023-10-03,3513.85009765625,1948148,-0.4180127980441095,3562.1428571428573,3484.1599934895835,0.6673017008097086
2023-10-04,3537.75,1788138,0.6801628322076425,3552.728585379464,3488.6966634114583,0.7029007074928376
2023-10-05,3589.35009765625,2990768,1.4585569261889697,3554.4714704241073,3495.603336588542,0.9137354072164539
2023-10-06,3621.39990234375,2075691,0.8929138650595192,3559.571463448661,3503.0416666666665,0.9678369126051766
2023-10-09,3638.35009765625,4233074,0.4680564358973349,3566.57861328125,3511.3950032552084,0.9749224027214449
2023-10-10,3628.89990234375,1848148,-0.2597384819725712,3579.7428850446427,3519.648331705729,0.7002698855059544
2023-10-11,3609.89990234375,2426417,-0.5235746510320882,3591.3571428571427,3527.459993489583,0.7492297500087762
2023-10-12,3542.550048828125,4241281,-1.8656986436631606,3595.4571358816966,3533.0066650390627,1.104945596609851
2023-10-13,3570.85009765625,2890357,0.7988609458739138,3600.185721261161,3539.0033365885415,1.1158049056318113
2023-10-16,3524.050048828125,1671104,-1.3106136507618271,3590.8571428571427,3544.578336588542,1.059239788265029
2023-10-17,3507.050048828125,1672065,-0.48239950524122666,3574.5214494977677,3548.8400065104165,0.9300458890146115
2023-10-18,3487.25,1408245,-0.5645784506195239,3552.935721261161,3551.1316731770835,0.8367069874050532
2023-10-19,3455.64990234375,1514545,-0.9061609479174115,3528.185721261161,3552.008333333333,0.8283823173977527
2023-10-20,3494.550048828125,1481211,1.1256969769417813,3511.7071707589284,3554.163338216146,1.0808301919610772
2023-10-23,3410.14990234375,1106272,-2.415193524347381,3492.7928641183034,3552.6600016276043,1.2121051419863276
2023-10-25,3390.10009765625,1518537,-0.5879449661060354,3466.971435546875,3550.933341471354,1.0614725850150375
2023-10-26,3336.75,1984471,-1.5737027261564784,3440.214285714286,3546.136678059896,1.089559053438947
2023-10-27,3350.949951171875,1108851,0.4255623337641401,3417.9142717633927,3538.4750081380207,1.18007227625395
2023-10-30,3378.550048828125,910972,0.8236499517576545,3402.3857073102677,3532.165006510417,1.3053204399457676
2023-10-31,3368.75,999811,-0.2900667057314732,3389.971435546875,3525.788338216146,1.289642275227057
2023-11-01,3330.64990234375,1563475,-1.1309862012987004,3366.55712890625,3516.866666666667,1.1296551640381884
2023-11-02,3360.10009765625,1245384,0.8842176805126334,3359.407156808036,3508.665006510417,0.9597548672822551
2023-11-03,3350.89990234375,1402598,-0.2738071797003139,3353.80712890625,3500.1600016276043,0.9462247219904308
2023-11-06,3380.25,1099852,0.8758870306964761,3360.021414620536,3493.325,0.7745893809689157
2023-11-07,3370.449951171875,1191144,-0.2899208291731403,3362.80712890625,3485.5516682942707,0.7851176543932236
2023-11-08,3381.550048828125,992899,0.3293357805948416,3363.2357003348216,3479.031673177083,0.7278059711405153
2023-11-09,3347.449951171875,2112352,-1.0084161749451925,3360.1928362165177,3471.0900065104165,0.8224694825263387
2023-11-10,3333.449951171875,1338557,-0.418228807128207,3360.592843191964,3462.561669921875,0.7079220739227168
2023-11-13,3331.550048828125,1030990,-0.05699507631972134,3356.5142647879466,3455.721671549479,0.5955971852705997
2023-11-15,3404.300048828125,2059802,2.1836682305159894,3364.1428571428573,3451.578336588542,1.044861410363686
2023-11-16,3497.85009765625,3951984,2.747996577455858,3380.94287109375,3451.0450032552085,1.4124454556824508
2023-11-17,3502.449951171875,2021292,0.13150516423523495,3399.8000139508927,3449.8683349609373,1.3819049329862165
2023-11-20,3519.60009765625,1475621,0.4896614290986978,3419.5214494977677,3447.5433349609375,1.3788006251392853
2023-11-21,3510.199951171875,1807236,-0.2670799586190098,3442.7714494977677,3443.836669921875,1.2596671076407178
2023-11-22,3530.14990234375,1798051,0.5683423009909871,3470.8714425223216,3440.2299967447916,1.16716462724661
2023-11-23,3508.25,2729804,-0.6203674900380318,3496.1142926897323,3436.2083333333335,1.2545269585334937
2023-11-24,3457.10009765625,1989733,-1.4579890926744055,3503.657156808036,3431.1150065104166,1.313480247638665
2023-11-28,3470.14990234375,1689195,0.37747835812873554,3499.6999860491073,3428.701668294271,0.7323382056211964
2023-11-29,3513.75,1441634,1.2564326868646836,3501.314278738839,3426.798331705729,0.898949796508932
2023-11-30,3487.60009765625,3266235,-0.7442163598363583,3496.742850167411,3425.5833333333335,0.9190037030426529
2023-12-01,3511.64990234375,1172141,0.6895803421860691,3496.9499860491073,3425.7366617838543,0.9646595030735787
2023-12-04,3512.449951171875,1625213,0.022782704722112967,3494.4214215959823,3426.57666015625,0.9335586446760509
2023-12-05,3531.60009765625,1377656,0.5452076684533402,3497.757149832589,3429.108333333333,0.9225077239056749
2023-12-06,3604.10009765625,1896572,2.052893815698864,3518.757149832589,3432.760001627604,0.8890485977420066
2023-12-07,3614.89990234375,1967653,0.29965329471628444,3539.435721261161,3439.585001627604,0.8927742350675701
2023-12-08,3626.699951171875,1641155,0.3264280933608754,3555.5714285714284,3447.4716634114584,0.8447896517337089
2023-12-11,3642.89990234375,1102503,0.4466857305534866,3577.7571149553573,3457.67666015625,0.6631824556845342
2023-12-12,3672.10009765625,2236866,0.8015645802870841,3600.6785714285716,3468.3816650390627,0.6663101600365092
2023-12-13,3593.550048828125,3850968,-2.1391042384236836,3612.2642996651784,3475.548331705729,1.24819855702451
2023-12-14,3667.25,3290396,2.0508953589197576,3631.6428571428573,3485.498331705729,1.4100388598628446
2023-12-15,3861.0,8531230,5.283250391983096,3668.342843191964,3503.1766682942707,2.2580825491533587
2023-12-18,3859.199951171875,2521612,-0.04662131126974556,3703.242850167411,3519.813330078125,2.279922714023067
2023-12-19,3816.199951171875,2004435,-1.114220577944991,3730.314278738839,3535.3233317057293,2.4081127829425073
2023-12-20,3780.050048828125,2586083,-0.9472748494912864,3749.907156808036,3548.65,2.4939299628606024
2023-12-21,3787.5,1517562,0.19708604583648093,3766.3928571428573,3562.5516682942707,2.49445490767803
2023-12-22,3824.0,2413058,0.9636963696369572,3799.314278738839,3577.3,2.2135986383477846
2023-12-26,3795.550048828125,1285231,-0.7439840787624163,3817.6428571428573,3592.236669921875,2.2260447717046423
2023-12-27,3811.199951171875,1293976,0.41232238127335563,3810.528564453125,3608.161669921875,0.7744219590589535
2023-12-28,3799.89990234375,1682889,-0.2964958273745322,3802.05712890625,3623.773331705729,0.7728606859275596
2023-12-29,3793.39990234375,1574996,-0.17105713747856965,3798.799979073661,3636.7433268229165,0.6654031453475815
2024-01-01,3811.10009765625,825907,0.4666050447664105,3803.2357003348216,3647.184993489583,0.5668604753171086
2024-01-02,3783.199951171875,1344068,-0.7320759300321944,3802.621407645089,3656.5433268229167,0.6482799716725994
2024-01-03,3691.75,1803075,-2.417264547266329,3783.7285505022323,3662.2816569010415,0.9751511903707617
2024-01-04,3666.800048828125,3598144,-0.6758299227161868,3765.335693359375,3667.50166015625,0.9726160553540755
2024-01-05,3737.89990234375,1963127,1.939016378554581,3754.8642578125,3674.42666015625,1.3179395534332676
2024-01-08,3678.300048828125,1067805,-1.5944743056991562,3737.492850167411,3680.0949951171874,1.4104204219638634
2024-01-09,3689.89990234375,1370944,0.3153590887540636,3722.7071358816966,3687.854988606771,1.4384456452825392
2024-01-10,3713.050048828125,1292227,0.6273922625833483,3708.6999860491073,3695.95166015625,1.455503194735775
2024-01-11,3735.550048828125,1777909,0.6059708246351603,3701.8928571428573,3703.3449951171874,1.4864198470442862
2024-01-12,3882.800048828125,6813450,3.941855900075386,3729.185721261161,3716.5183268229166,1.7960497900541206
2024-01-15,3903.800048828125,2801505,0.5408468047778614,3763.0428641183034,3729.5899983723957,1.6924136676795531
2024-01-16,3861.300048828125,1432672,-1.0886828082487976,3780.671456473214,3741.2183349609377,1.7709243395381076
2024-01-17,3884.60009765625,3458696,0.603424974321709,3810.142892020089,3752.985001627604,1.519105379983535
2024-01-18,3902.60009765625,2239110,0.46336816010636994,3840.528634207589,3762.9350016276044,1.5123755096804905
2024-01-19,3943.050048828125,2941975,1.0364872177440754,3873.3857770647323,3773.87333984375,1.5118914630648612
2024-01-23,3858.25,2618854,-2.1506206560408136,3890.9143415178573,3781.5916748046875,1.9015012671444784
2024-01-24,3841.800048828125,2657709,-0.42635783507742886,3885.057198660714,3788.2216796875,1.139353415782351
2024-01-25,3810.300048828125,2205154,-0.8199281482545784,3871.7000558035716,3792.8283447265626,1.118542890875712
2024-01-29,3801.0,1646747,-0.24407654801320566,3863.085763113839,3799.743343098958,1.0688118981644585
2024-01-30,3800.550048828125,1411621,-0.011837705126938047,3851.07861328125,3804.1866780598957,1.0137210006083397
2024-01-31,3815.949951171875,2459358,0.4052019351382663,3838.700020926339,3802.685009765625,1.0065615450812144
2024-02-01,3854.14990234375,2363107,1.001060067890669,3826.0,3802.5166748046877,0.9986867963725804
2024-02-02,3966.300048828125,2826510,2.90985429539663,3841.435721261161,3807.520011393229,1.2527421946654334
2024-02-05,3973.300048828125,1691523,0.17648689997793454,3860.221435546875,3813.961678059896,1.2061615808251647
2024-02-06,4136.0,4474396,4.094831731116333,3906.75,3825.5783447265626,1.662114635669593
2024-02-07,4083.39990234375,2124267,-1.2717625158667811,3947.092843191964,3834.2250081380207,1.8452199100344997
2024-02-08,4134.10009765625,2345173,1.241617194617639,3994.742850167411,3845.510009765625,1.7856054167710596
2024-02-09,4133.7001953125,2100596,-0.009673262240961211,4040.1357421875,3856.260017903646,1.8237315835576096
2024-02-12,4120.7001953125,1013716,-0.31448821602354515,4078.21435546875,3866.953361002604,1.9090146529958687
2024-02-13,4149.5,1257415,0.698905606388478,4104.385777064732,3878.8233642578125,1.7078953785411046
2024-02-14,4100.10009765625,1391283,-1.1905025266598424,4122.500069754465,3888.4566975911457,1.8449692168159677
2024-02-15,4103.2001953125,1091582,0.07561029200291447,4117.814383370535,3899.1233723958335,0.9205711295371141
2024-02-16,4128.2998046875,1307556,0.6117081346329156,4124.228655133928,3913.6750325520834,0.7904909210459786
2024-02-19,4103.7998046875,772291,-0.5934646503187868,4119.900041852678,3928.241691080729,0.6661351593298696
2024-02-20,4030.64990234375,1193648,-1.782491978780143,4105.178571428572,3938.0000244140624,0.915146416132637
2024-02-21,3991.5,1885939,-0.971304958066066,4086.7214006696427,3948.4400227864585,0.9433710763761651
2024-02-22,4087.10009765625,2982052,2.395092011931599,4077.80712890625,3961.680029296875,1.3966625605593075
2024-02-23,4052.10009765625,2538072,-0.8563528948084875,4070.9499860491073,3972.981697591146,1.3627811973107686
2024-02-26,4001.050048828125,1379284,-1.2598417511367144,4056.357107979911,3981.8316975911457,1.4166827322689584
2024-02-27,4104.39990234375,2960475,2.5830682509431657,4052.9428362165177,3989.218359375,1.787387083762193
2024-02-28,4118.9501953125,1939225,0.3545047586723138,4055.107177734375,3996.390030924479,1.776938026221863
2024-02-29,4095.10009765625,3772719,-0.579033407186913,4064.3143484933034,4004.1833658854166,1.6195197151064633
2024-03-01,4094.35009765625,2043265,-0.018314570635991068,4079.0072195870534,4011.1750325520834,1.5389696690510077
2024-03-04,4080.699951171875,1749271,-0.33338982155406427,4078.0929129464284,4017.1116943359375,1.2625049251740523
2024-03-05,4012.10009765625,2070859,-1.681080558150938,4072.3786272321427,4019.413362630208,1.3864382813107015
2024-03-06,4064.300048828125,1744204,1.3010630318612604,4081.4143415178573,4026.281697591146,1.3775218941108691
2024-03-07,4108.60009765625,2688905,1.0899797823956892,4082.0143694196427,4035.1750325520834,1.0228013413271226
2024-03-11,4122.35009765625,2304068,0.3346638678182412,4082.500069754464,4045.576700846354,1.0217439041327179
2024-03-12,4192.25,4039801,1.6956323623141811,4096.378627232143,4058.618367513021,1.1540131970572176
2024-03-13,4149.0,2837260,-1.0316655733794478,4104.185756138393,4070.233365885417,1.264867275341993
2024-03-14,4207.60009765625,2919608,1.412390881085801,4122.314348493303,4083.288370768229,1.3141345668663214
2024-03-15,4219.25,3373143,0.27687760417725027,4151.907191685268,4095.4583740234375,0.941518273762073
2024-03-18,4152.5,1526904,-1.5820347218107433,4164.507184709822,4101.6650390625,1.2332263269168766
2024-03-19,3977.300048828125,8931209,-4.219143917444312,4145.750034877232,4101.798372395833,2.04297076003792
2024-03-20,3970.89990234375,1817913,-0.16091686334454014,4124.114292689732,4096.295035807291,2.0199159430573443
2024-03-21,3972.949951171875,3829582,0.05162680698436173,4092.785714285714,4092.6133707682293,1.8040053601339934
2024-03-22,3910.89990234375,5852485,-1.5618130001819552,4058.771414620536,4085.1733642578124,1.8287396346016482
2024-03-26,3877.5,3440925,-0.854020894877261,4011.6142578125,4076.6333577473956,1.5449737888376094
2024-03-27,3840.89990234375,1968575,-0.9439096752095422,3957.5642438616073,4067.306681315104,1.4210005309281046
2024-03-28,3876.300048828125,4311783,0.9216628234121282,3918.107107979911,4058.200016276042,1.6430640573595965
2024-04-01,3916.75,1569676,1.0435196105137434,3909.457101004464,4052.088346354167,0.9749744365600962
2024-04-02,3883.800048828125,2142666,-0.841257449974464,3897.0142647879466,4044.775008138021,1.002232865301621
2024-04-03,3947.300048828125,3973090,1.634996632207164,3893.3499930245534,4038.7416829427084,1.2468180206074289
2024-04-04,4003.300048828125,3394637,1.4186912397659013,3906.5500139508927,4035.3916910807293,1.1649994027818749
2024-04-05,3979.25,1636819,-0.6007555900079287,3921.0857282366073,4033.678361002604,1.1249841845728614
2024-04-08,3972.550048828125,2302538,-0.1683722101369578,3939.892892020089,4033.046695963542,1.0051188531465105
2024-04-09,3946.550048828125,1876992,-0.6544914395142709,3949.9286063058034,4028.3616943359375,1.0661869666213986
2024-04-10,3984.64990234375,2101965,0.9653964359818135,3959.628592354911,4026.1133544921877,1.0570093332148571
2024-04-12,4001.39990234375,4354821,0.42036315386573264,3976.4285714285716,4026.1250162760416,0.9410005917166175
2024-04-15,3941.199951171875,4200329,-1.504472250739397,3975.55712890625,4020.685017903646,1.0165504342495257
2024-04-16,3872.800048828125,3051420,-1.7355095704650103,3956.9142717633927,4012.480013020833,0.9718409596673254
2024-04-18,3862.0,3476284,-0.27886925975930676,3940.1642717633927,4004.710009765625,0.9721422484087632
2024-04-19,3826.199951171875,2957749,-0.9269821032657943,3919.2571149553573,3995.7716715494794,0.9813601698119186
2024-04-22,3864.60009765625,1728883,1.0036105528832495,3907.549979073661,3988.5683430989584,1.134627332501946
2024-04-23,3874.699951171875,1807586,0.26134278477480954,3891.842843191964,3983.9883382161456,1.030865123872682
2024-04-24,3831.050048828125,1317312,-1.126536322652505,3867.507149832589,3976.213338216146,0.9921831705364614
2024-04-25,3852.199951171875,2856271,0.5520654148128301,3854.7928641183034,3967.6666666666665,0.9895009437558565
2024-04-26,3821.35009765625,2039178,-0.800837285360545,3847.44287109375,3957.633333333333,0.8144848268160367
2024-04-29,3870.199951171875,1110693,1.2783401747352707,3848.6142926897323,3946.898331705729,0.9811461642798114
2024-04-30,3820.64990234375,2203078,-1.280296869755304,3847.8214285714284,3935.953328450521,1.0458048378073195
2024-05-02,3863.300048828125,2491044,1.1163060624374888,3847.6357073102677,3924.47666015625,1.064812471618581
2024-05-03,3843.39990234375,2962234,-0.5151074530286959,3843.1642717633927,3911.9483235677085,1.0734639737717708
2024-05-06,3921.050048828125,2053831,2.020350430800155,3856.021414620536,3904.2333251953123,1.2254081682520364
2024-05-07,3978.949951171875,2062112,1.476642777386994,3874.1285574776784,3904.288321940104,1.2998102793455713
2024-05-08,3976.949951171875,1247685,-0.050264517637643724,3896.357107979911,3904.489990234375,1.2049239843099804
2024-05-09,3960.199951171875,1726486,-0.42117703782177385,3909.2142508370534,3904.064990234375,1.211493038046525
2024-05-10,3893.89990234375,1672489,-1.6741591244276988,3919.678536551339,3903.498323567708,1.3045964371244836
2024-05-13,3947.800048828125,931326,1.3842201349842709,3931.7499651227677,3905.841658528646,1.336789598962368
2024-05-14,3901.199951171875,1058317,-1.1804067348872627,3940.0071149553573,3907.85166015625,1.4264709922259544
2024-05-15,3880.39990234375,1115021,-0.5331705395381414,3934.199951171875,3907.988321940104,1.198229208671243
2024-05-16,3900.949951171875,2599399,0.5295858505643514,3923.0570940290177,3907.4616536458334,1.026015266379248
2024-05-17,3834.10009765625,2765804,-1.7136813943368523,3902.649972098214,3905.8049886067706,1.1496797140950639
2024-05-21,3820.199951171875,1908117,-0.36253999974784623,3882.649972098214,3901.568318684896,1.1506950264669644
2024-05-22,3832.0,1311168,0.30888563370892186,3873.80712890625,3895.8583170572915,1.0556889436653643
2024-05-23,3893.449951171875,2095742,1.603599978389214,3866.0428292410716,3892.9983154296874,1.113080801469931
2024-05-24,3849.5,1309452,-1.1288176738639355,3858.6571219308034,3888.8966471354165,1.105595423113239
2024-05-27,3847.050048828125,1841538,-0.06364336074490273,3853.8928571428573,3885.57998046875,1.0951568493537476
2024-05-28,3839.89990234375,1801993,-0.18586050073752247,3845.1714215959823,3880.75498046875,1.0573709943193084
2024-05-29,3803.64990234375,1568095,-0.9440350249201646,3840.8213936941966,3874.1633138020834,0.9052783467071241
2024-05-30,3736.10009765625,2919230,-1.775920666249453,3828.80712890625,3867.326652018229,1.1062200718714061
2024-05-31,3670.949951171875,10956800,-1.7438008827773466,3805.799979073661,3860.5983154296873,1.1834912637255708
2024-06-03,3702.85009765625,2156773,0.8689888696028492,3778.5714285714284,3855.293318684896,0.9678856144178264
2024-06-04,3715.0,3395997,0.3281229869780633,3759.3571428571427,3851.5866536458334,1.018262652789295
2024-06-05,3746.449951171875,2799670,0.8465666533479244,3744.9857003348216,3847.6483154296875,1.1350354330148291
2024-06-06,3830.39990234375,4328036,2.240786671809558,3743.6285574776784,3846.1716471354166,1.5100746127584632
2024-06-07,3893.949951171875,4552445,1.6590969728575766,3756.528564453125,3848.268310546875,1.5657085015576697
2024-06-10,3858.699951171875,1734661,-0.9052504639766035,3774.0428292410716,3848.4849772135417,1.394213396967745
2024-06-11,3852.10009765625,1419898,-0.1710382667514887,3799.9214215959823,3849.509977213542,1.065958552683784
2024-06-12,3831.64990234375,2177001,-0.5308843174906763,3818.3213936941966,3848.2249755859375,1.1555003288188803
2024-06-13,3878.14990234375,1932323,1.2135764275216454,3841.6285226004466,3850.141642252604,1.1822985385381313
2024-06-14,3832.050048828125,1860730,-1.188707365018682,3853.857107979911,3849.0999755859375,1.355407717659443
2024-06-18,3815.10009765625,1774045,-0.4423207149149455,3851.6714215959823,3848.1566487630207,1.0759125396567992
2024-06-19,3801.699951171875,1509050,-0.35123970908672586,3838.492850167411,3844.1783121744793,0.7669191940310998
2024-06-20,3787.25,2846526,-0.3800918367432127,3828.285714285714,3837.7883138020834,0.7269881069329823
2024-06-21,3810.75,4642195,0.6205030034985848,3822.3785574776784,3832.2483154296874,0.8016525100730555
2024-06-24,3816.800048828125,1702154,0.15876268000065696,3820.257149832589,3827.4683186848956,0.7895149452786179
2024-06-25,3838.449951171875,1338808,0.5672265265872944,3814.5857282366073,3825.6199869791667,0.6404504654841523
2024-06-26,3855.85009765625,1639845,0.45331179787984066,3817.9857352120534,3822.5549886067706,0.4734526387499458
2024-06-27,3934.14990234375,4526556,2.0306755372853758,3834.992850167411,3823.6533203125,0.8120803267253548
2024-06-28,3904.14990234375,2731571,-0.7625535565416008,3849.6285574776784,3824.4449869791665,0.8902250015693983
2024-07-01,3978.199951171875,2658723,1.896700963855702,3876.9071219308034,3827.019986979167,0.9763024034770255
2024-07-02,4017.39990234375,2307449,0.9853690526623105,3906.428536551339,3833.12998046875,0.9805065571074114
2024-07-03,3965.25,1821198,-1.2981008515812853,3927.635672433036,3837.964982096354,1.2478912577292758
2024-07-04,4020.949951171875,2518001,1.404702129042934,3953.707101004464,3844.2633138020833,1.2889275074477304
2024-07-05,4011.800048828125,1668616,-0.22755573819274177,3975.985665457589,3848.208317057292,1.3331880684098343
2024-07-08,3993.199951171875,1758882,-0.4636347133422869,3984.42138671875,3852.9983154296874,1.206809541351748
2024-07-09,3985.5,1305801,-0.1928265868483603,3996.0428292410716,3857.613313802083,1.1473016033649548
2024-07-10,3909.14990234375,2669716,-1.9156968424601684,3986.178536551339,3859.9216471354166,1.1680749438156723
2024-07-11,3923.699951171875,4872189,0.37220493436185276,3972.7928292410716,3863.9233154296876,1.0802075104104338
2024-07-12,4183.9501953125,13509164,6.632776394201523,4004.035714285714,3878.8516520182293,2.756304803066432
2024-07-15,4169.2001953125,4848030,-0.3525376572724337,4025.2143205915177,3895.459993489583,2.7721788488664343
2024-07-16,4178.4501953125,2029521,0.22186509562194257,4049.021484375,3911.313330078125,2.7563178437190117
2024-07-18,4315.5498046875,5613364,3.2811114879100822,4095.071463448661,3931.3316569010417,2.8730985345569633
2024-07-19,4302.39990234375,3903354,-0.3047097806510468,4140.342878069197,3949.863321940104,2.882108053058957
2024-07-22,4287.35009765625,1896386,-0.349800228456254,4194.371477399553,3965.0949951171874,2.6580487532296804
2024-07-23,4302.35009765625,2365208,0.3498664596623513,4248.46435546875,3978.7083333333335,2.6594415641652147
2024-07-24,4306.25,1809793,0.09064586226663618,4265.935756138393,3993.626668294271,1.2944251316484536
2024-07-25,4322.5,2810342,0.37735849056603765,4287.835728236607,4009.3066650390624,1.2505237324789786
2024-07-26,4387.85009765625,3552210,1.5118588237420516,4317.75,4027.846671549479,1.292950354619283
2024-07-29,4381.10009765625,1746803,-0.15383387877369037,4327.114327566965,4044.611678059896,0.6412167639057482
2024-07-30,4365.35009765625,1797906,-0.3594987480068257,4336.107212611607,4062.3883463541665,0.6489391156083856
2024-07-31,4385.35009765625,2330091,0.458153402420991,4350.107212611607,4081.3966796875,0.6031121649276924
2024-08-01,4397.10009765625,2202244,0.2679375588799493,4363.642926897322,4101.243351236979,0.6033426406005322
2024-08-02,4283.0498046875,2811282,-2.59376158003638,4360.32861328125,4117.770011393229,1.261993427681522
2024-08-05,4155.0498046875,2787771,-2.9885246690317,4336.407156808035,4129.246671549479,1.6458660749523133
2024-08-06,4171.2001953125,2203067,0.3886930694977364,4305.457170758928,4141.060009765625,1.4549030993461123
2024-08-07,4200.4501953125,1237666,0.7012370212504004,4279.650041852678,4153.126684570312,1.5427748215783315
2024-08-08,4172.5498046875,2441283,-0.6642238171550185,4252.107142857143,4163.683341471354,1.5395024477284176
2024-08-09,4228.75,1302536,1.3469029237078045,4229.735700334822,4173.503344726562,1.6751535958364123
2024-08-12,4195.64990234375,936912,-0.782739524830034,4200.957101004465,4183.2200113932295,1.6409762261808718
2024-08-13,4196.9501953125,1495593,0.03099145541252124,4188.657156808035,4190.511686197917,1.4077155125618475
2024-08-14,4295.25,3226545,2.3421722944744428,4208.685756138393,4199.773356119792,1.1091930789598485
2024-08-16,4416.0498046875,3457058,2.812404509341704,4243.664271763393,4214.800016276042,1.4125822814823306
2024-08-19,4490.0,2055210,1.674577927857701,4285.028529575893,4230.4350179036455,1.4456941578377849
2024-08-20,4523.2998046875,2212298,0.7416437569599088,4335.135672433035,4247.485009765625,1.2682870713029712
2024-08-21,4551.5,1896990,0.6234429847713496,4381.242815290178,4266.0950113932295,1.28055986282627
2024-08-22,4502.0,1829872,-1.0875535537734793,4425.007114955357,4283.311678059896,1.356710761569495
2024-08-23,4463.89990234375,1809253,-0.8462927067136805,4463.142787388393,4301.8033447265625,1.4965720081028835
2024-08-26,4502.4501953125,1844164,0.8636011965346579,4492.742815290178,4321.09501953125,1.35590002362922
2024-08-27,4497.14990234375,930697,-0.11772019098108544,4504.328543526785,4331.535009765625,0.9926185702235288
2024-08-28,4506.0498046875,1848058,0.19790094920144607,4506.621372767857,4342.763330078125,0.7763631947884301
2024-08-29,4511.7998046875,2133641,0.12760622383751752,4504.978515625,4353.874983723958,0.7181709712054114
2024-08-30,4553.75,3637222,0.9297884908128218,4505.299944196428,4361.814990234375,0.7722215024640428
2024-09-02,4521.0498046875,1216500,-0.7180937757342853,4508.021344866072,4369.1033203125,0.6933294986950803
2024-09-03,4512.35009765625,1717263,-0.19242670191843558,4514.942801339285,4376.6033203125,0.5862839980595174
2024-09-04,4479.25,1265505,-0.7335445375446947,4511.628487723215,4382.499983723958,0.5756068870465654
2024-09-05,4475.9501953125,1688793,-0.07366868755930289,4508.599958147322,4388.156656901042,0.5752689651525554
2024-09-06,4456.75,1649179,-0.4289635602426456,4501.55712890625,4392.631656901041,0.5761205976074575
2024-09-09,4449.5498046875,1184938,-0.16155708335671148,4492.664271763393,4394.688313802083,0.5626375161463445
2024-09-10,4507.85009765625,1385591,1.3102514979679958,4486.107142857143,4398.913313802083,0.6929145795912915
2024-09-11,4479.35009765625,1325919,-0.6322304287540104,4480.150041852678,4402.713313802084,0.681697697612169
2024-09-12,4517.7001953125,2742216,0.8561531655298937,4480.914341517857,4407.124983723958,0.7746438119463056
2024-09-13,4522.60009765625,1458786,0.10846010429894637,4487.107212611607,4411.308317057292,0.7000010351338184
2024-09-16,4513.25,1155120,-0.20674164096656789,4492.435756138393,4418.981656901042,0.7085190255696728
2024-09-17,4505.64990234375,1699364,-0.16839522863235645,4499.421456473215,4430.668326822916,0.6811395754968785
2024-09-18,4346.14990234375,2961779,-3.539999854783016,4484.650041852678,4436.499983723958,1.5666408719197111
2024-09-19,4296.14990234375,2927551,-1.1504435218177012,4454.407156808035,4439.689973958333,1.4065468580564775
2024-09-20,4284.89990234375,5447908,-0.2618623710933021,4426.628557477678,4443.434977213542,1.4154133213390536
2024-09-23,4268.5,1702319,-0.3827371167942517,4391.028529575893,4444.759977213542,1.2695333587566078
2024-09-24,4271.2998046875,3012026,0.06559223819841975,4355.128487723215,4447.281640625,1.2645128358218722
2024-09-25,4274.75,2713073,0.08077623838798065,4321.057059151785,4449.874967447917,1.2916153220515256
2024-09-26,4292.5,3964251,0.4152289607579407,4290.607073102678,4449.78330078125,1.3539023534715342
2024-09-27,4308.7001953125,3012477,0.3774069962143356,4285.257114955357,4446.20498046875,0.5415367278461771
2024-09-30,4268.5,2503416,-0.9330005219725934,4281.30712890625,4438.821647135416,0.4748631540471483
2024-10-01,4287.89990234375,1823365,0.4544899225430443,4281.735700334822,4430.974983723959,0.5079949651531195
2024-10-03,4232.75,3350119,-1.286175134676193,4276.628557477678,4420.349983723959,0.7023274417200558
2024-10-04,4252.25,2965463,0.46069340263421577,4273.907156808035,4412.024983723958,0.7346684371942865
2024-10-07,4272.85009765625,1472619,0.48445170571462803,4273.6357421875,4405.656656901042,0.7629959730184861
2024-10-08,4253.25,1541867,-0.4587125035582451,4268.028599330357,4397.349983723959,0.7544479928830573
2024-10-09,4252.9501953125,1082504,-0.007048837653556017,4260.064313616072,4389.209993489583,0.7248788508469097
2024-10-10,4227.39990234375,2378875,-0.6007663338477576,4254.19287109375,4379.921663411458,0.6769248935869785
2024-10-11,4149.2001953125,5759183,-1.849829891605348,4234.378627232143,4367.835009765625,0.8735597413647972
2024-10-14,4136.64990234375,2137590,-0.3024749922389547,4220.650041852678,4353.931673177083,0.7951057121699645
2024-10-15,4116.7998046875,2759474,-0.47985926111376864,4201.300013950893,4340.456673177084,0.7157515286679511
2024-10-16,4094.949951171875,2359151,-0.5307485073902884,4175.885707310268,4326.5433349609375,0.5832745866265158
2024-10-17,4109.0,2522659,0.3431067289138445,4155.278564453125,4314.201668294271,0.6862510786039628
2024-10-18,4123.0498046875,2361000,0.34192759035045484,4136.72136579241,4302.438321940104,0.7378877467040293
2024-10-21,4079.85009765625,1595450,-1.0477609798003495,4115.642822265625,4289.874991861979,0.7726606833029672
2024-10-22,4015.5,1928049,-1.5772662258649484,4096.54279436384,4275.406665039062,0.6966434586831107
2024-10-23,4066.25,1966476,1.2638525712862725,4086.485665457589,4260.686661783854,0.9594308336774117
2024-10-24,4047.89990234375,2676744,-0.45127814709499114,4076.642822265625,4246.304988606771,0.9583048876253695
2024-10-25,4057.550048828125,1759676,0.23839884179912563,4071.299979073661,4230.966650390625,0.9630775180499519
2024-10-28,4090.85009765625,1532534,0.8206934831954227,4068.7071358816966,4216.574983723958,1.017320906037437
2024-10-29,4075.25,1445885,-0.3813412196449706,4061.878592354911,4201.974983723959,1.0065125118919118
2024-10-30,4084.64990234375,1935002,0.23065829933746063,4062.564278738839,4187.941650390625,0.9322722719912906
2024-10-31,3968.449951171875,3740372,-2.8447958564380316,4055.842843191964,4175.351652018229,1.3318166168826275
2024-11-01,3984.199951171875,154895,0.3968803989917724,4044.121407645089,4164.9533203125,1.212219117089793
2024-11-04,3964.14990234375,2269192,-0.5032390209790516,4032.1571219308034,4154.261653645834,1.2135696558837392
2024-11-05,3971.35009765625,967590,0.1816327709565968,4019.842843191964,4144.356656901042,1.2096192886577113
2024-11-06,4139.64990234375,3792017,4.237848604353078,4026.8142438616073,4139.968326822916,2.0994672395878604
2024-11-07,4150.89990234375,3724349,0.2717621119030067,4037.6213727678573,4135.839990234375,2.0843944439715627
2024-11-08,4147.0,1648039,-0.09395317727483032,4046.5285295758927,4130.989990234375,2.0893201089079483
2024-11-11,4198.7001953125,1406487,1.2466890598625602,4079.4214215959823,4127.323323567708,1.5988084856179836
2024-11-12,4197.39990234375,1587640,-0.030968940583131488,4109.878557477678,4124.9533203125,1.6256182318616457
2024-11-13,4150.35009765625,1098813,-1.120927378428449,4136.478585379465,4120.368326822917,1.7195741754347436
2024-11-14,4145.89990234375,1825432,-0.10722457642822203,4161.414271763393,4117.473323567709,1.736636580721778
2024-11-18,4019.5,3313944,-3.0487929115773804,4144.25,4109.714990234375,1.3548223357792233
2024-11-19,4039.550048828125,1776233,0.4988194757588049,4128.342878069197,4101.938321940104,1.3764640663647245
2024-11-21,4072.85009765625,2384347,0.8243504456092898,4117.750034877232,4095.9249918619794,1.4500076397639183
2024-11-22,4244.60009765625,3096553,4.21694871851126,4124.307163783482,4095.6466552734373,2.2006892671930083
2024-11-25,4315.10009765625,4052167,1.660933854261759,4141.121477399553,4098.569995117187,2.26610382654897
2024-11-26,4352.7001953125,2060669,0.8713609604716455,4170.02863420759,4105.353328450521,2.1634326421629773
2024-11-27,4332.5498046875,1558993,-0.4629400078300927,4196.692905970982,4111.883325195313,2.1896366855903566
2024-11-28,4244.89990234375,2558544,-2.023055851520028,4228.89289202009,4116.153328450521,1.918236001081066
2024-11-29,4270.85009765625,2017425,0.6113264366533588,4261.935756138393,4122.016666666666,1.9157806278916059
2024-12-02,4276.64990234375,1670944,0.13579977182254233,4291.050013950893,4127.604996744792,1.9327697710933063
2024-12-03,4302.75,2010905,0.6102930623791858,4299.357142857143,4133.595003255208,1.1767306097494379
2024-12-04,4354.39990234375,3302642,1.2003928265353458,4304.971400669643,4142.746663411458,1.0912391415695812
2024-12-05,4464.0498046875,3746747,2.518140382208145,4320.878487723215,4157.698323567708,1.4080360829087355
2024-12-06,4445.5,1842087,-0.415537583564185,4337.014229910715,4170.339990234375,1.403469124001601
2024-12-09,4452.14990234375,2066639,0.14958727575637987,4366.621372767857,4183.814990234375,0.9518824195224185
2024-12-10,4432.5498046875,2087828,-0.4402389426719888,4389.721330915178,4196.3149820963545,1.0443301780858616
2024-12-11,4427.4501953125,1635256,-0.11504911619057978,4411.264229910715,4207.534985351563,1.0644975244264032
2024-12-12,4454.9501953125,1914642,0.6211249994209966,4433.007114955357,4220.191658528646,1.0646905918340912
2024-12-13,4473.89990234375,1967048,0.4253629378660362,4450.078543526785,4233.166658528646,1.0193695408067076
2024-12-16,4415.2001953125,1646224,-1.3120478399728852,4443.100027901785,4248.058333333333,0.6482747571990658
2024-12-17,4328.5,3225027,-1.9636752916560196,4426.3857421875,4259.535001627604,0.9470834151610478
2024-12-18,4347.85009765625,1575404,0.4470393359420122,4411.485770089285,4272.325008138021,0.9806939361267084
2024-12-19,4271.89990234375,3015763,-1.7468448453050733,4388.535784040178,4282.343334960938,1.1189065836512566
2024-12-20,4170.2998046875,4116989,-2.378335166526435,4351.800013950893,4283.364998372396,1.2952934545525105
2024-12-23,4158.2998046875,2195338,-0.28774909627629075,4309.42138671875,4283.611661783854,1.162733075659408
2024-12-24,4179.5,1181886,0.5098284469196246,4267.3642578125,4284.694995117187,1.1799829110809295
2024-12-26,4169.10009765625,1208464,-0.24883125598157418,4232.207101004465,4283.708325195313,1.1956916569796678
2024-12-27,4164.85009765625,858100,-0.1019404643795685,4208.828543526785,4282.6233317057295,1.0994347136560028
2024-12-30,4158.7998046875,1527169,-0.14527036572468122,4181.821358816965,4282.9049886067705,1.03113572461262
2024-12-31,4094.800048828125,1555429,-1.5388996553101442,4156.521379743303,4281.20166015625,0.9959400161656958
2025-01-01,4112.4501953125,763161,0.4310380549454651,4148.25714983259,4284.3,0.6729742373906189
2025-01-02,4175.75,1720835,1.539223618067176,4150.750034877232,4288.839998372396,0.9352579432869197
2025-01-03,4099.89990234375,1791953,-1.8164424991019557,4139.37859235491,4289.7416585286455,1.1409479640069955
2025-01-06,4095.0,2085593,-0.11951273105348381,4128.792864118303,4284.754988606771,1.1423699632041893
2025-01-07,4028.300048828125,2669054,-1.6288144364316248,4109.285714285715,4275.194986979167,1.2500284161465005
2025-01-08,4108.39990234375,2181277,1.9884281842144969,4102.085728236607,4267.051643880209,1.5629332727325487
2025-01-09,4038.85009765625,2392472,-1.6928684242209058,4094.0928780691966,4257.261653645834,1.5864214623445736
2025-01-10,4265.64990234375,7894300,5.615454874621673,4115.978550502232,4257.9533203125,2.724343373263029
2025-01-13,4291.10009765625,4003771,0.5966311323045259,4132.457135881697,4258.6283203125,2.690678920217554
2025-01-14,4233.0498046875,3441709,-1.352806777927562,4151.478550502232,4257.174983723959,2.6314950707246116
2025-01-15,4249.60009765625,1653474,0.39097798826801533,4173.56427873884,4255.4033203125,2.6189404539250063
2025-01-16,4206.2998046875,2637705,-1.0189262983270164,4198.992815290178,4250.466650390625,2.5430486591046777
2025-01-17,4124.2998046875,1761466,-1.949456857749876,4201.264229910715,4239.141650390625,2.6308137959750426
2025-01-20,4077.800048828125,1287799,-1.1274581883335744,4206.828508649553,4226.884985351562,2.5752548302374825
2025-01-21,4035.85009765625,1971591,-1.0287397780558316,4173.999965122768,4213.008325195313,0.9310923185546577
2025-01-22,4156.60009765625,2409223,2.991934712097555,4154.785679408482,4203.810001627604,1.670065643277333
2025-01-23,4145.4501953125,1822998,-0.26824573165066257,4142.271449497768,4194.410001627604,1.6210822196258587
2025-01-24,4152.35009765625,1910099,0.1664451873418349,4128.37859235491,4184.323331705729,1.6075935938153219
2025-01-27,4065.14990234375,1551782,-2.1000203080592694,4108.214320591518,4170.698331705729,1.7330544436619872
2025-01-28,4040.300048828125,2468272,-0.6112899674695416,4096.21435546875,4158.20166015625,1.6127610231230196
2025-01-29,4099.7998046875,1217089,1.4726568606366897,4099.357177734375,4150.5783203125,1.6835833149372559
2025-01-30,4100.0498046875,1531251,0.00609785872260904,4108.528564453125,4142.318310546875,1.6130374905498253
2025-01-31,4112.39990234375,1492943,0.30121823501096934,4102.214250837053,4137.001643880209,1.0793845739784023
2025-02-01,4073.14990234375,437172,-0.9544305255340224,4091.8856375558034,4133.763313802084,1.1224671051447832
2025-02-03,4068.64990234375,1265713,-0.11047960688632674,4079.928466796875,4130.774983723958,1.1103382110508657
2025-02-04,4107.0498046875,2547132,0.9437996206463906,4085.9141671316966,4128.359977213541,0.8456054806721719
2025-02-05,4091.10009765625,1693912,-0.3883494914779462,4093.171316964286,4125.759977213542,0.815843511338299
2025-02-06,4082.75,2284536,-0.20410396853974833,4090.7356305803573,4123.023307291666,0.5878729595467795
2025-02-07,4029.39990234375,1548940,-1.3067196780662593,4080.6427873883927,4118.709977213542,0.7508277854957035
2025-02-10,4036.949951171875,1339511,0.18737402618522747,4069.8642229352677,4116.781640625,0.7381354192750549
2025-02-11,3963.550048828125,1810908,-1.8182019403644833,4054.207101004464,4111.818302408854,0.9224108864192435
2025-02-12,3950.14990234375,1678002,-0.3380844525562865,4037.2785295758927,4104.2982991536455,0.9150938748079719
2025-02-13,3910.14990234375,2277310,-1.0126197989667851,4009.149972098214,4097.973299153646,0.7044639500581144
2025-02-14,3934.85009765625,1681975,0.6316943321711177,3986.828543526786,4092.634969075521,0.8659903661852247
2025-02-17,3904.5,1799806,-0.7713152192081685,3961.3642578125,4088.50830078125,0.8545255228646511
2025-02-18,3873.199951171875,2149879,-0.8016403848924325,3939.049979073661,4080.6683024088543,0.8081800247489903
2025-02-19,3784.10009765625,4366672,-2.300419669494913,3902.9285714285716,4072.1766357421875,0.9577123085801875
2025-02-20,3779.39990234375,2888572,-0.12420906400999465,3876.621407645089,4055.968302408854,0.9042135961145331
2025-02-21,3786.0,1833931,0.17463348221384845,3853.1714215959823,4039.131632486979,0.9552654716484591
2025-02-24,3675.60009765625,2508516,-2.916003759739827,3819.664306640625,4020.5499755859373,1.3005864112457723
2025-02-25,3629.550048828125,4101954,-1.2528579716136412,3776.0500139508927,3999.881640625,1.1198205411844115
2025-02-27,3612.550048828125,3823856,-0.46837761626923324,3734.3428780691966,3980.089982096354,1.142150652440965
2025-02-28,3483.25,7085018,-3.5791905186218442,3678.6357421875,3958.7216552734376,1.460087462722126
2025-03-03,3493.050048828125,4990439,0.28134784549271874,3637.0571637834823,3939.229988606771,1.546322347205682
2025-03-04,3532.050048828125,2797737,1.1165027541785166,3601.7214704241073,3922.4366536458333,1.7393937172056908
2025-03-05,3547.050048828125,2501894,0.4246825439230939,3567.585763113839,3902.1183186848957,1.7686402518581836
2025-03-06,3601.60009765625,2786513,1.5378990450430008,3557.014334542411,3883.989982096354,1.7288341655354496
2025-03-07,3611.199951171875,2051315,0.26654412636961666,3554.392892020089,3865.9516438802084,1.6806239322051155
2025-03-10,3589.64990234375,1004626,-0.5967559016257673,3551.1214425223216,3850.1016438802085,1.6865121452024956
2025-03-11,3575.300048828125,1995450,-0.3997563524580916,3564.2714494977677,3834.6016438802085,0.7604510672441879
2025-03-12,3506.199951171875,3174167,-1.9327076528555698,3566.1500069754466,3814.814982096354,1.161150554117836
2025-03-13,3511.050048828125,1693004,0.13832918041736253,3563.1500069754466,3795.1816569010416,1.067853629276103
2025-03-17,3497.699951171875,2690906,-0.38023091299156375,3556.0999930245534,3774.691658528646,1.0475639492996325
2025-03-18,3497.699951171875,0,0.0,3541.2571149553573,3755.5099934895834,0.7394607875680836
2025-03-19,3497.10009765625,3051244,-0.017149942076188918,3524.9571358816966,3736.4583333333335,0.7027484827972336
2025-03-20,3563.14990234375,2845192,1.8887021487250744,3521.1714215959823,3718.328336588542,1.1221854133861129
2025-03-21,3578.10009765625,4161925,0.4195780621709444,3521.5714285714284,3701.228336588542,1.1284698688995376
2025-03-24,3628.949951171875,1834751,1.4211411678765717,3539.1071428571427,3686.101668294271,0.8372965702750105
2025-03-25,3657.75,3135390,0.7936193448693007,3560.064278738839,3673.713338216146,0.8272448017631916
2025-03-26,3635.800048828125,1734499,-0.6000943523169933,3579.7928641183034,3660.3416748046875,0.8730981208387014
2025-03-27,3651.199951171875,2528474,0.4235629610245928,3601.721435546875,3649.9300048828127,0.8421110928289632
2025-03-28,3606.14990234375,2051919,-1.2338422828272133,3617.299979073661,3638.463338216146,1.085549137638621
2025-04-01,3550.800048828125,2618493,-1.5348738963860464,3615.535714285714,3626.485009765625,1.097681944194844
2025-04-02,3543.949951171875,1764313,-0.19291702044756942,3610.6571219308034,3613.4550048828123,1.0787804536696632
2025-04-03,3403.14990234375,4537821,-3.9729694484417544,3578.399972098214,3596.7433349609373,1.5899522045366221
2025-04-04,3299.39990234375,5317367,-3.0486461947664245,3527.207101004464,3577.616666666667,1.569914751531027
2025-04-07,3274.050048828125,6623955,-0.7683170960154806,3475.5285295758927,3560.614998372396,1.5559366504681416
2025-04-08,3292.949951171875,5557558,0.5772636967023459,3424.3499581473216,3544.4,1.5879565041557335
2025-04-09,3246.60009765625,2990265,-1.4075480709668908,3372.9857003348216,3526.4200032552085,1.5853073575643442
2025-04-11,3231.5,7108961,-0.4651049467765067,3327.371407645089,3511.616666666667,1.6298796219536476
2025-04-15,3248.199951171875,3512160,0.5167863584055299,3285.121407645089,3498.904996744792,1.7310070902685601
2025-04-16,3273.800048828125,2384391,0.7881318281226513,3266.6428571428573,3487.613330078125,1.3682461741428549
2025-04-17,3298.89990234375,2932346,0.7666886535910855,3266.5714285714284,3481.468326822917,0.8753172008638508
2025-04-21,3321.60009765625,2432946,0.6881140981686684,3273.3642926897323,3475.7533284505207,0.8340619593474139
2025-04-22,3314.39990234375,2710498,-0.21676887948012258,3276.4285714285716,3468.498323567708,0.8296434499108644
2025-04-23,3413.0,3543923,2.974900451406781,3300.1999860491073,3464.029988606771,1.1117326395537697
2025-04-24,3401.60009765625,2252175,-0.33401413254467993,3324.5,3457.363321940104,1.0892838933845845
2025-04-25,3448.0,2742991,1.3640610598441683,3353.0428641183034,3451.9233235677084,1.1072023002263145
2025-04-28,3443.5,1593296,-0.1305104408352631,3377.285714285714,3447.05166015625,1.170020418801597
2025-04-29,3472.5,1578332,0.842166400464639,3402.0857282366073,3443.624991861979,1.1707586430675403
2025-04-30,3453.699951171875,2809332,-0.5413980944024455,3420.9571358816966,3441.874991861979,1.2682125740387749
2025-05-02,3431.0,1721761,-0.6572647158932465,3437.6142926897323,3439.2066569010417,1.3232321683236279
2025-05-05,3454.300048828125,1284443,0.679103725681296,3443.5142996651784,3437.7599934895834,0.7822424405043253
2025-05-06,3460.0,1324763,0.16501030863860233,3451.8571428571427,3436.5033284505207,0.7502506244762069
2025-05-07,3445.10009765625,1477128,-0.4306330157153204,3451.44287109375,3434.7699951171876,0.5950446479699428
2025-05-08,3448.89990234375,2543591,0.11029591535192118,3452.214285714286,3430.961661783854,0.5939101735817721
2025-05-09,3440.300048828125,2531757,-0.2493506265514034,3447.6142926897323,3426.3683268229165,0.474565476505849
2025-05-12,3620.39990234375,2228678,5.235004242637875,3471.4285714285716,3426.0833251953127,2.0502887307733184
2025-05-13,3515.0,3062887,-2.9112779026294056,3483.4285714285716,3421.324991861979,2.43805462007843
2025-05-14,3548.699951171875,2119499,0.9587468327702631,3496.9142717633927,3418.4216552734374,2.446218743814827
2025-05-15,3579.89990234375,3548330,0.8791938343948091,3514.0428292410716,3416.044986979167,2.44913534314135
2025-05-16,3561.300048828125,1666727,-0.519563508003329,3530.642822265625,3414.5499918619794,2.4550703581727196
2025-05-19,3518.800048828125,2537377,-1.1933844219047196,3540.6285574776784,3413.4833251953123,2.537657792540327
2025-05-20,3498.300048828125,2038374,-0.5825849640654357,3548.9142717633927,3411.961661783854,2.5530703673038446
2025-05-21,3525.800048828125,1440153,0.7860960928497862,3535.4000069754466,3416.05,1.40630846501691
2025-05-22,3477.0,2034383,-1.3840844106955186,3529.971435546875,3421.970003255208,1.0083115636412365
2025-05-23,3514.60009765625,1274331,1.081394813236991,3525.100027901786,3429.9883382161456,1.0316017905575372
2025-05-26,3537.300048828125,967470,0.6458757907339852,3519.014334542411,3438.133341471354,0.9966125189045743
2025-05-27,3498.699951171875,2467680,-1.0912305182885995,3510.071463448661,3446.536669921875,1.052226449107125
2025-05-28,3497.699951171875,1222933,-0.028582045158376257,3507.0571637834823,3455.4100016276043,0.9664617778754744
2025-05-29,3498.10009765625,3188072,0.0114402747508624,3507.0285993303573,3463.7400065104166,0.9409105871769962
2025-05-30,3463.39990234375,3404365,-0.9919726235321114,3498.1142926897323,3470.0600016276044,0.9342478969419477
2025-06-02,3449.800048828125,1877585,-0.39267349711541444,3494.228585379464,3475.0900065104165,0.7992430999970729
2025-06-03,3405.199951171875,2848125,-1.2928313822536008,3478.5999930245534,3477.876668294271,0.7082856741851132
2025-06-04,3380.89990234375,2544807,-0.7136159161450162,3456.2571149553573,3480.0933349609377,0.5193625003591161
2025-06-05,3371.10009765625,3584683,-0.28985787720915424,3438.028564453125,3478.696671549479,0.49161796105960626
2025-06-06,3384.199951171875,2070390,0.3885928372382885,3421.814278738839,3478.116666666667,0.5796896879553125
2025-06-09,3421.89990234375,1718678,1.1139989278358131,3410.928536551339,3477.2466634114585,0.82835032049656
2025-06-10,3462.89990234375,2419874,1.1981647964605324,3410.857107979911,3477.8933268229166,0.93509783712095
2025-06-11,3471.89990234375,2847013,0.25989778087169846,3414.014229910714,3477.873323567708,0.9216625002175213
2025-06-12,3434.199951171875,4060134,-1.0858593920413773,3418.1570870535716,3477.223323567708,0.8716882471892067
2025-06-13,3445.699951171875,2178493,0.3348669315563768,3427.414236886161,3477.7133219401044,0.7899226492685761
2025-06-16,3496.300048828125,1934088,1.4684998221926149,3445.2999441964284,3479.113321940104,0.8573375192898868
2025-06-17,3515.300048828125,2111940,0.5434316201313516,3464.0285295758927,3480.9566569010417,0.8552128061497183
2025-06-18,3451.39990234375,2696327,-1.8177721843595451,3468.2428152901784,3481.166650390625,1.1856395572508938
2025-06-19,3424.0,2672768,-0.7938779370406657,3462.6856863839284,3480.3366536458334,1.1236205554111802
2025-06-20,3435.699951171875,2351248,0.3417041814215871,3457.5142647879466,3480.183317057292,1.1290773243839867
2025-06-23,3393.60009765625,3123421,-1.2253646742715452,3451.714285714286,3472.623323567708,1.1495161075257898
2025-06-24,3390.39990234375,3403048,-0.09430089640527495,3443.814278738839,3468.4699869791666,1.1297446969298932
2025-06-25,3444.800048828125,1757699,1.6045348056660913,3436.4571358816966,3465.006656901042,1.1643778710942343
2025-06-26,3441.800048828125,2879106,-0.08708778325233757,3425.9571358816966,3460.403328450521,1.1202988982446493
2025-06-27,3441.10009765625,1778433,-0.02033677616203322,3424.4857352120534,3456.396663411458,0.8971401492372617
2025-06-30,3462.0,1468351,0.6073610691530007,3429.914306640625,3454.5033284505207,0.856086155950341
2025-07-01,3429.699951171875,2375183,-0.9329881232849502,3429.0571637834823,3452.216658528646,0.9424399627175934
2025-07-02,3423.300048828125,3090585,-0.186602397727631,3433.3000139508927,3448.7999918619794,0.7908110371419486
2025-07-03,3400.800048828125,2531870,-0.6572605287024857,3434.7857491629466,3446.2599934895834,0.8439354631787649
2025-07-04,3419.800048828125,1109320,0.5586920644319315,3431.2143205915177,3443.099991861979,0.5704689476216261
2025-07-07,3411.699951171875,1639174,-0.23685880871969767,3426.914306640625,3438.913321940104,0.5725947197154927
2025-07-08,3406.199951171875,2325242,-0.16120995628912116,3421.9285714285716,3435.8299886067707,0.570816961410317
2025-07-09,3383.800048828125,2034938,-0.6576214745127817,3410.757149832589,3432.0333251953125,0.4873987214773745
2025-07-10,3382.0,3035012,-0.05319607548172067,3403.94287109375,3428.163321940104,0.4120492154346667
2025-07-11,3266.0,7635550,-3.42992312241277,3381.471435546875,3421.5833251953127,1.2880026818494685
2025-07-14,3222.699951171875,3924009,-1.3257822666296715,3356.028564453125,3414.013321940104,1.3121101823271195
2025-07-15,3252.300048828125,2590889,0.9184875447522334,3332.0999930245534,3408.9166585286457,1.3776929814169074
2025-07-16,3233.10009765625,2540733,-0.5903499333892337,3306.5857282366073,3403.989998372396,1.3640163625325674
2025-07-17,3209.199951171875,2947640,-0.7392331125689822,3278.44287109375,3398.593326822917,1.3392015835891058
2025-07-18,3189.89990234375,3432645,-0.6013975171935693,3250.742850167411,3392.116658528646,1.3406431702320247
2025-07-21,3158.199951171875,3844346,-0.9937600596364726,3218.771414620536,3383.32666015625,1.2960128293977093
2025-07-22,3159.60009765625,3198036,0.044333687100950314,3203.5714285714284,3373.2166666666667,0.7419972843432658
2025-07-23,3179.10009765625,1922875,0.6171667108905599,3197.3428780691966,3363.4566731770833,0.7317056731848288
2025-07-24,3148.0,2934778,-0.9782673304051692,3182.44287109375,3353.9166748046873,0.5892128690110043
2025-07-25,3135.800048828125,2568917,-0.3875460982171175,3168.5428641183034,3343.586678059896,0.5868929342487426
2025-07-28,3079.300048828125,3374473,-1.8017730442065227,3149.9857352120534,3329.6866780598957,0.7834536429587344
2025-07-29,3056.0,4785312,-0.7566670496105821,3130.857177734375,3314.376676432292,0.7861591533398221
2025-07-30,3053.60009765625,2880121,-0.07853083585569465,3115.9143415178573,3301.1166829427084,0.7874298644387617
2025-07-31,3036.800048828125,2968371,-0.5501718722441651,3098.3714773995534,3288.2100179036456,0.7531003836839165
2025-08-01,3003.0,2053847,-1.1130152886150046,3073.2143205915177,3273.786686197917,0.5608940941697325
2025-08-04,3074.39990234375,2519252,2.3776191256660084,3062.700020926339,3263.1466796875,1.3170357425536299
2025-08-05,3063.89990234375,1927996,-0.34153006549327847,3052.4285714285716,3252.2633463541665,1.3168155333902956
2025-08-06,3032.300048828125,1487081,-1.0313605053302366,3045.714285714286,3238.5133463541665,1.199646374885989
2025-08-07,3047.0,2543076,0.48477891155778163,3044.4285714285716,3225.3533447265627,1.1977063236856693
2025-08-08,3036.39990234375,2762140,-0.34788636876436074,3041.9714006696427,3211.8633382161456,1.2036116504533674
2025-08-11,3040.800048828125,1884215,0.14491327314885005,3042.5428292410716,3197.82333984375,1.1863780401570485
2025-08-12,3035.39990234375,3358232,-0.17758966053871283,3047.17138671875,3184.6800048828127,1.085227601324124
2025-08-13,3036.199951171875,2148166,0.026357279233857334,3041.7142508370534,3171.7766682942706,0.4776917779915759
2025-08-14,3022.300048828125,3342174,-0.45780589444990305,3035.771414620536,3159.1600016276043,0.4862915410429904
2025-08-18,3011.199951171875,2945609,-0.3672731852204403,3032.7571149553573,3145.539998372396,0.33784576291132873
2025-08-19,3016.199951171875,2650784,0.1660467614597927,3028.357107979911,3132.3566650390626,0.2580828446966291
2025-08-20,3098.60009765625,4952358,2.731919230101454,3037.242850167411,3122.103336588542,1.1014053395132901
2025-08-21,3102.60009765625,3230726,0.12909055295731164,3046.0714285714284,3112.7300048828124,1.1017814039610645
2025-08-22,3054.0,1593791,-1.5664312552869153,3048.728585379464,3101.796671549479,1.3066437896570289
2025-08-25,3140.60009765625,3448370,2.8356286069499026,3063.642892020089,3097.6166748046876,1.6645969164768342
2025-08-26,3157.199951171875,5522097,0.5285567407328662,3082.914306640625,3095.433341471354,1.6113067602344977
2025-08-28,3093.699951171875,3116051,-2.011275845118088,3094.700020926339,3090.1466715494794,1.8795329119027155
2025-08-29,3084.699951171875,2271789,-0.29091379713765964,3104.4857352120534,3085.2,1.8969461528841243
2025-09-01,3112.60009765625,1246862,0.9044687303793042,3106.4857352120534,3081.9800048828124,1.617532180542898
2025-09-02,3111.5,2185229,-0.035343366373286056,3107.757149832589,3079.3666748046876,1.6178196795851876
2025-09-03,3097.5,1799774,-0.4499437570303688,3113.971435546875,3077.3433430989585,1.4808991126359738
2025-09-04,3095.699951171875,1481391,-0.058112956517353265,3107.55712890625,3075.213338216146,0.9264020614514277
2025-09-05,3048.300048828125,2802055,-1.5311529893524356,3092.0,3070.853336588542,0.9812446498610283
2025-09-08,3019.0,2626187,-0.9611930701962534,3081.3285784040177,3066.5533365885417,0.7681088736213212
2025-09-09,3049.39990234375,2489301,1.006952710955611,3076.285714285714,3063.673331705729,0.9243761968503473
2025-09-10,3110.0,2079428,1.9872794515954917,3075.9142717633927,3064.6966634114583,1.1859162722071737
2025-09-11,3124.199951171875,2263446,0.45659006983520545,3077.7285505022323,3066.9699951171874,1.1983929128117603
2025-09-12,3133.39990234375,1447167,0.29447382740097616,3082.857107979911,3069.629988606771,1.1780049151814211
2025-09-15,3111.89990234375,1732539,-0.6861556350952314,3085.17138671875,3072.1333170572916,1.2214513338037583
2025-09-16,3145.699951171875,2573429,1.0861547571844543,3099.0856584821427,3076.8899820963543,1.0315440288915203
2025-09-17,3172.800048828125,2418271,0.8614965850813006,3121.0570940290177,3080.169986979167,0.8236102537590764
2025-09-18,3176.699951171875,2633138,0.12291673864510688,3139.2428152901784,3083.9299886067706,0.8390606070570032
2025-09-19,3169.199951171875,4901694,-0.23609406350239004,3147.699951171875,3088.4933186848957,0.611470540353874
2025-09-22,3073.800048828125,3634901,-3.0102203651894532,3140.4999651227677,3089.386653645833,1.3699594051985446
2025-09-23,3062.39990234375,3177741,-0.37088119927388696,3130.357107979911,3090.2533203125,1.3509476824155053
2025-09-24,3035.39990234375,1625714,-0.8816614701213976,3119.428536551339,3090.0733154296877,1.3617815697864315
2025-09-25,2957.39990234375,4974361,-2.5696778846099666,3092.5285295758927,3087.4733154296873,1.4203579105323485
2025-09-26,2899.10009765625,3934636,-1.9713196257732046,3053.428536551339,3082.9033203125,1.236775042497653
2025-09-29,2896.10009765625,3110035,-0.10348038698027029,3013.342843191964,3078.6966552734375,1.1964643253545564
2025-09-30,2888.39990234375,2253458,-0.26588153215876265,2973.2285505022323,3074.6033203125,1.1920689918045393
2025-10-01,2914.199951171875,1952902,0.893229805443152,2950.428536551339,3071.2033203125,1.1773149004299757
2025-10-03,2901.89990234375,2899519,-0.42207291998542784,2927.4999651227677,3064.6466471354165,1.1747031718729424
2025-10-06,2988.39990234375,2112774,2.9808057793494935,2920.7856794084823,3060.8399739583333,1.8315798704853856
2025-10-07,2973.699951171875,3062943,-0.49190040330098217,2923.1142578125,3058.1633056640626,1.5283908609934338
2025-10-08,3027.199951171875,4121889,1.799105521016564,2941.414236886161,3054.38330078125,1.3334443086743468
2025-10-09,3061.699951171875,3211304,1.139667037410086,2965.071358816964,3051.1999674479166,1.30234457584473
2025-10-10,3028.300048828125,8817365,-1.0908940417550084,2985.0570940290177,3049.019970703125,1.444905867109276
2025-10-13,3007.199951171875,2866865,-0.6967637722825826,2998.3428083147323,3046.4366373697917,1.5295507957651826
2025-10-14,2960.300048828125,3611416,-1.559587094482151,3006.6856863839284,3041.359969075521,1.6907748564921312
2025-10-15,2969.800048828125,4282226,0.3209134156438198,3004.028564453125,3036.6366373697915,1.2206860734738803
2025-10-16,2970.699951171875,3251495,0.030301782239683384,3003.5999930245534,3032.4099690755206,1.207400677766388
2025-10-17,2962.199951171875,4374683,-0.2861278533581646,2994.314278738839,3027.959969075521,0.9070743222312238
2025-10-20,3015.199951171875,3133039,1.7892107512537336,2987.6714215959823,3026.8566324869794,1.0936541550787535
2025-10-21,3006.699951171875,310644,-0.281905019157902,2984.585693359375,3026.446630859375,1.026115787489593
2025-10-23,3073.199951171875,5564758,2.211727178632561,2994.0142647879466,3027.2399658203126,1.2963816271578978
2025-10-24,3063.199951171875,2684318,-0.3253937315789268,3008.7142508370534,3025.679964192708,1.061066023040007
2025-10-27,3084.89990234375,1946312,0.7084079236673091,3025.1570870535716,3024.3699625651043,1.0606324923770698
2025-10-28,3057.89990234375,3470737,-0.8752309914330403,3037.6142229352677,3021.8532958984374,1.1827035247132722
2025-10-29,3057.60009765625,2895420,-0.009804267538982003,3051.2428152901784,3020.0433024088543,1.1595889193950704
2025-10-30,3035.300048828125,2241536,-0.7293317672647515,3054.1142578125,3016.3633056640624,1.065151511788161
2025-10-31,3058.0,1868085,0.7478651469939201,3061.4428362165177,3012.5366373697916,1.0747189636527514
2025-11-03,3016.800048828125,2194877,-1.3472842109834904,3053.3857073102677,3007.206640625,0.7959723786665014
2025-11-04,2990.199951171875,2670720,-0.8817322071637768,3042.9571358816966,3001.2399739583334,0.8304394877480219
2025-11-06,3010.89990234375,2542721,0.6922597655639295,3032.3857073102677,2999.143302408854,0.8270539531622951
2025-11-07,2991.800048828125,1830520,-0.6343569741643407,3022.94287109375,2996.789973958333,0.8059771841665812
2025-11-10,3025.199951171875,1556656,1.1163815027288582,3018.314278738839,2996.4499755859374,0.9711167724598683
2025-11-11,3047.0,2806868,0.7206151388333915,3019.9857003348216,2999.4366455078125,0.9810453214970024
2025-11-12,3131.800048828125,4460315,2.783066912639476,3030.528564453125,3007.193310546875,1.4217682040007356
2025-11-13,3105.699951171875,1740435,-0.8333896560866472,3043.2285505022323,3014.179972330729,1.3298254094558162
2025-11-14,3106.0,2210794,0.00966123040997413,3059.771414620536,3021.433308919271,1.2223716710073615
2025-11-17,3102.199951171875,2232853,-0.12234542266983395,3072.814278738839,3027.6999755859374,1.2452010893563845
2025-11-18,3087.10009765625,2548350,-0.48674662347025777,3086.4285714285716,3033.8733154296874,1.2251775851271793
2025-11-19,3147.699951171875,3151053,1.9630025460344758,3103.9285714285716,3039.183317057292,1.3379131126008914
2025-11-20,3144.800048828125,2700767,-0.09212766110919812,3117.9000069754466,3044.886653645833,1.3584070621349376
2025-11-21,3150.60009765625,4177037,0.18443299217978382,3120.5857282366073,3048.999991861979,0.8932196977563175
2025-11-24,3141.199951171875,6703764,-0.2983605088874297,3125.657156808036,3051.6499918619793,0.8211251096095538
2025-11-25,3119.199951171875,2737920,-0.7003692965101616,3127.5428641183034,3054.6799886067706,0.8849390378191903
2025-11-26,3162.89990234375,2508527,1.4009987130019441,3136.214285714286,3059.8699869791667,1.0099716330986839
2025-11-27,3136.60009765625,2836233,-0.8315092320187456,3143.285714285714,3065.7466552734377,1.0608090636142102
2025-11-28,3137.5,1616690,0.02869037542982955,3141.8285784040177,3071.3366536458334,0.7375063591575097
2025-12-01,3133.39990234375,1747647,-0.1306804033864517,3140.1999860491073,3076.7599853515626,0.7380690995550815
2025-12-02,3135.699951171875,2512003,0.07340425415871543,3138.0713936941966,3082.543318684896,0.7333810171368212
2025-12-03,3180.0,3952112,1.4127642796808226,3143.6142578125,3088.036653645833,0.9073330704422762
2025-12-04,3229.199951171875,5025905,1.5471682758451344,3159.328543526786,3095.4533203125,0.9413013959295037
2025-12-05,3238.199951171875,5244013,0.27870680466020037,3170.085693359375,3100.9533203125,0.8537950472203714
2025-12-08,3236.5,2544725,-0.05249679443851685,3184.357107979911,3106.729988606771,0.7151975717109175
2025-12-09,3208.300048828125,2734893,-0.8713100933686047,3194.4714006696427,3110.843326822917,0.8682964866518738
2025-12-10,3189.199951171875,1386849,-0.5953338953825882,3202.4428362165177,3115.2199951171874,0.9246479982895267
2025-12-11,3191.89990234375,1914362,0.0846592002136104,3210.4714006696427,3119.6966552734375,0.924287021458998
2025-12-12,3220.5,1146554,0.8960211325940826,3216.2571149553573,3125.8699869791667,0.8327675959682737
2025-12-15,3230.199951171875,1562190,0.3011939503764882,3216.399972098214,3131.6099853515625,0.5908370671851696
2025-12-16,3205.10009765625,1734623,-0.7770371461531034,3211.6714215959823,3137.886653645833,0.6421204566442533
2025-12-17,3217.800048828125,1376350,0.39624195141867435,3209.0,3145.473323567708,0.6744679599849878
2025-12-18,3280.800048828125,2307422,1.9578593773389885,3219.3571428571427,3154.4699951171874,0.9235062284013021
2025-12-19,3282.0,3902511,0.036574955925883224,3232.6142926897323,3164.1433268229166,0.8464012374857763
2025-12-22,3324.89990234375,2632816,1.3071268233927569,3251.6142926897323,3174.1333251953124,0.8920911209240268
2025-12-23,3310.0,2365420,-0.4481308545032259,3264.4000069754466,3182.8999918619793,0.9571053563252094
2025-12-24,3319.0,1367708,0.2719033232628343,3277.0857282366073,3189.139990234375,0.957654123428904
2025-12-26,3280.0,1176664,-1.1750527267249122,3287.785714285714,3194.949991861979,1.046346440000032
2025-12-29,3251.5,2079473,-0.8689024390243882,3292.5999930245534,3199.7999918619794,1.1391934606119105
2025-12-30,3246.800048828125,2807593,-0.14454716813393498,3287.742850167411,3204.6199951171875,0.815718175059487
2025-12-31,3206.199951171875,3362634,-1.2504649823109282,3276.9142717633927,3208.589990234375,0.9076163560147738
